OrderDate,Year,Month,Region,Category,SubCategory,Segment,Quantity,Discount,Sales,Profit,Margin
2024-02-01,2024,2,Asia Pacific,Technology,Copiers,Corporate,1,0.0,723.09,230.21,0.31836977416365875
2023-02-09,2023,2,Asia Pacific,Office Supplies,Paper,Consumer,2,0.15,55.36,1.49,0.026914739884393062
2022-12-01,2022,12,Europe,Furniture,Bookcases,Corporate,5,0.0,1080.52,179.34,0.16597564135786474
2023-06-17,2023,6,Asia Pacific,Furniture,Bookcases,Corporate,3,0.0,881.63,164.17,0.18621190295248571
2022-12-04,2022,12,Latin America,Furniture,Tables,Home Office,2,0.0,617.13,19.03,0.030836290570868376
2023-12-13,2023,12,Europe,Office Supplies,Art,Corporate,2,0.2,246.66,13.42,0.054406875861509774
2021-10-16,2021,10,Asia Pacific,Office Supplies,Paper,Consumer,3,0.2,112.03,-5.58,-0.04980808711952156
2022-12-27,2022,12,Latin America,Furniture,Chairs,Home Office,3,0.0,1250.18,77.16,0.06171911244780751
2023-05-14,2023,5,Asia Pacific,Technology,Copiers,Corporate,2,0.3,1749.24,89.54,0.05118794447874506
2022-11-13,2022,11,Asia Pacific,Office Supplies,Paper,Consumer,3,0.4,248.57,-52.97,-0.21309892585589574
2024-11-09,2024,11,North America,Furniture,Furnishings,Consumer,2,0.0,2022.1,206.93,0.10233420701251175
2022-10-26,2022,10,Middle East & Africa,Furniture,Furnishings,Corporate,1,0.2,210.77,-23.42,-0.11111638278692414
2024-11-11,2024,11,North America,Technology,Phones,Consumer,2,0.2,2549.44,73.11,0.028676885904355465
2023-12-13,2023,12,Europe,Office Supplies,Art,Corporate,1,0.1,129.78,8.96,0.06903991370010788
2021-07-17,2021,7,Europe,Office Supplies,Art,Home Office,2,0.0,223.88,52.32,0.23369662319099518
2021-05-27,2021,5,Europe,Technology,Phones,Corporate,3,0.15,1112.1,192.18,0.17280820070137579
2021-12-12,2021,12,Middle East & Africa,Furniture,Chairs,Consumer,3,0.2,784.16,-106.66,-0.13601815955927363
2024-02-29,2024,2,Latin America,Furniture,Chairs,Corporate,1,0.0,278.78,42.48,0.15237821938446086
2022-05-25,2022,5,Middle East & Africa,Office Supplies,Paper,Consumer,4,0.2,184.36,-8.58,-0.04653937947494033
2024-11-16,2024,11,Latin America,Office Supplies,Binders,Corporate,3,0.4,323.5,-48.31,-0.1493353941267388
2021-01-27,2021,1,Asia Pacific,Furniture,Furnishings,Corporate,4,0.3,557.15,-95.92,-0.1721618953603159
2023-11-27,2023,11,Latin America,Furniture,Chairs,Corporate,2,0.15,768.41,-50.47,-0.06568108171418904
2021-01-18,2021,1,Europe,Office Supplies,Paper,Home Office,1,0.0,36.8,9.55,0.2595108695652174
2022-05-05,2022,5,Latin America,Office Supplies,Binders,Consumer,3,0.0,226.33,26.75,0.11819025317014978
2023-06-22,2023,6,Europe,Office Supplies,Binders,Consumer,1,0.2,42.1,4.63,0.10997624703087885
2021-02-20,2021,2,Europe,Office Supplies,Binders,Home Office,2,0.1,97.13,0.58,0.005971378564810048
2021-09-21,2021,9,Asia Pacific,Technology,Phones,Consumer,3,0.1,1213.6,201.08,0.16568885959129864
2023-12-18,2023,12,North America,Technology,Phones,Consumer,2,0.0,1475.5,474.5,0.32158590308370044
2024-02-16,2024,2,Asia Pacific,Office Supplies,Binders,Corporate,4,0.0,144.02,29.01,0.2014303568948757
2024-08-01,2024,8,North America,Technology,Phones,Consumer,2,0.1,1362.53,299.75,0.2199951560699581
2024-07-01,2024,7,Europe,Furniture,Tables,Home Office,2,0.15,740.12,9.47,0.012795222396368157
2022-05-31,2022,5,Asia Pacific,Office Supplies,Paper,Consumer,5,0.1,381.21,39.47,0.10353873193253063
2024-12-11,2024,12,Asia Pacific,Technology,Phones,Consumer,1,0.0,912.21,227.02,0.24886813343418732
2023-02-15,2023,2,Europe,Office Supplies,Paper,Corporate,1,0.3,70.64,-0.52,-0.0073612684031710085
2024-12-14,2024,12,Europe,Office Supplies,Art,Consumer,6,0.2,1118.64,-13.4,-0.011978831438174926
2023-05-23,2023,5,Europe,Office Supplies,Art,Home Office,3,0.4,218.09,-38.49,-0.17648677151634648
2023-05-01,2023,5,Europe,Technology,Phones,Consumer,5,0.15,1940.12,280.46,0.14455806857307796
2024-03-02,2024,3,Asia Pacific,Office Supplies,Storage,Consumer,3,0.0,228.31,37.59,0.1646445622180369
2023-08-04,2023,8,Latin America,Technology,Phones,Consumer,7,0.4,1700.54,-2.55,-0.0014995236807131853
2021-02-08,2021,2,Europe,Technology,Laptops,Consumer,1,0.2,366.77,21.51,0.05864710854213813
2021-12-14,2021,12,Middle East & Africa,Furniture,Chairs,Consumer,5,0.2,1899.89,-105.9,-0.055740069161898845
2024-11-26,2024,11,North America,Technology,Accessories,Consumer,3,0.15,2385.85,462.41,0.1938135255778863
2023-10-29,2023,10,North America,Office Supplies,Art,Consumer,1,0.1,73.15,14.18,0.19384825700615171
2022-04-06,2022,4,Asia Pacific,Technology,Laptops,Consumer,4,0.0,1924.54,638.67,0.3318559240130109
2023-10-13,2023,10,Europe,Office Supplies,Art,Home Office,5,0.2,365.82,38.62,0.10557104586955332
2023-02-10,2023,2,Europe,Office Supplies,Binders,Corporate,2,0.0,75.23,10.77,0.143160973016084
2022-03-25,2022,3,Asia Pacific,Office Supplies,Art,Consumer,1,0.3,17.75,-1.66,-0.09352112676056337
2024-08-22,2024,8,Latin America,Office Supplies,Binders,Consumer,5,0.15,374.98,21.55,0.057469731719025016
2023-03-09,2023,3,Europe,Technology,Laptops,Consumer,6,0.0,2958.32,946.13,0.319820032991698
2023-09-11,2023,9,North America,Office Supplies,Paper,Consumer,2,0.1,88.28,10.98,0.12437698232895333
2024-05-03,2024,5,Latin America,Furniture,Furnishings,Consumer,1,0.0,274.27,19.3,0.07036861486856019
2024-11-29,2024,11,Europe,Office Supplies,Art,Consumer,3,0.0,388.9,97.32,0.2502442787348933
2021-12-16,2021,12,North America,Furniture,Chairs,Consumer,3,0.15,1098.04,-153.83,-0.14009507850351538
2021-03-19,2021,3,Europe,Office Supplies,Paper,Consumer,4,0.1,194.08,28.16,0.14509480626545754
2024-04-30,2024,4,North America,Furniture,Tables,Corporate,2,0.1,516.44,-20.48,-0.03965610719541476
2024-11-18,2024,11,Asia Pacific,Furniture,Bookcases,Corporate,5,0.0,2769.69,420.96,0.15198812863533462
2021-11-11,2021,11,Middle East & Africa,Office Supplies,Binders,Consumer,2,0.0,225.4,44.46,0.19724933451641527
2021-04-28,2021,4,North America,Technology,Accessories,Home Office,4,0.15,2102.23,219.18,0.10426071362315256
2021-01-01,2021,1,Asia Pacific,Technology,Phones,Consumer,4,0.0,3379.56,1281.53,0.3792002509202381
2024-04-06,2024,4,Asia Pacific,Technology,Phones,Consumer,2,0.3,990.09,17.8,0.01797816360128877
2021-08-24,2021,8,Europe,Office Supplies,Storage,Home Office,1,0.3,65.24,-0.06,-0.0009196811771919069
2023-05-23,2023,5,Asia Pacific,Office Supplies,Storage,Consumer,5,0.1,297.3,49.07,0.1650521358896737
2022-02-26,2022,2,Europe,Furniture,Chairs,Consumer,5,0.1,1171.05,56.73,0.048443704367874985
2023-11-05,2023,11,Latin America,Furniture,Tables,Home Office,2,0.0,1271.83,85.46,0.06719451499021095
2022-08-21,2022,8,Asia Pacific,Furniture,Tables,Consumer,3,0.0,1333.97,117.08,0.08776809073667323
2021-02-16,2021,2,Europe,Office Supplies,Storage,Corporate,3,0.1,69.06,12.07,0.17477555748624385
2021-10-29,2021,10,Asia Pacific,Office Supplies,Art,Consumer,1,0.4,102.63,-14.42,-0.14050472571372893
2021-05-07,2021,5,North America,Office Supplies,Paper,Consumer,1,0.0,49.01,8.16,0.16649663334013468
2022-02-24,2022,2,North America,Office Supplies,Storage,Consumer,3,0.15,174.05,4.09,0.02349899454179833
2022-07-29,2022,7,Europe,Office Supplies,Paper,Consumer,3,0.0,135.85,24.8,0.18255428781744573
2024-04-18,2024,4,Europe,Office Supplies,Binders,Corporate,2,0.1,163.27,16.44,0.10069210510197832
2021-05-28,2021,5,Europe,Technology,Phones,Consumer,2,0.1,1347.22,233.77,0.17352028621902882
2022-11-01,2022,11,North America,Technology,Laptops,Home Office,4,0.2,2330.09,-182.7,-0.07840898849400665
2024-07-11,2024,7,Latin America,Office Supplies,Art,Consumer,8,0.15,631.48,-9.81,-0.01553493380629632
2023-01-31,2023,1,Asia Pacific,Technology,Phones,Corporate,7,0.0,1918.0,450.68,0.23497393117831075
2021-11-26,2021,11,North America,Technology,Accessories,Consumer,7,0.1,6899.77,1079.8,0.1564979702221958
2023-12-13,2023,12,North America,Office Supplies,Paper,Corporate,3,0.15,295.07,-3.58,-0.012132714271189888
2022-06-05,2022,6,Europe,Office Supplies,Storage,Consumer,2,0.2,149.01,6.13,0.041138178645728475
2023-04-18,2023,4,Latin America,Technology,Copiers,Consumer,1,0.0,934.12,260.58,0.27895773562283216
2021-12-08,2021,12,North America,Office Supplies,Paper,Corporate,3,0.2,228.39,15.34,0.06716581286396077
2021-05-10,2021,5,North America,Office Supplies,Storage,Consumer,2,0.2,146.79,0.55,0.003746849240411473
2023-01-14,2023,1,Europe,Furniture,Bookcases,Home Office,2,0.3,398.68,-60.89,-0.15272900571887227
2023-08-16,2023,8,Middle East & Africa,Technology,Phones,Corporate,1,0.2,489.57,92.3,0.18853279408460485
2021-02-11,2021,2,Europe,Technology,Laptops,Corporate,3,0.15,619.33,82.8,0.13369286164080538
2021-08-04,2021,8,Asia Pacific,Office Supplies,Binders,Corporate,4,0.0,292.98,57.63,0.19670284661069015
2022-09-21,2022,9,Asia Pacific,Technology,Copiers,Home Office,6,0.0,1679.73,512.4,0.305049025736279
2024-01-27,2024,1,Latin America,Office Supplies,Paper,Corporate,1,0.1,115.91,12.73,0.10982658959537572
2022-12-23,2022,12,Europe,Furniture,Furnishings,Consumer,1,0.4,452.1,-88.94,-0.19672638796726385
2023-11-29,2023,11,North America,Technology,Phones,Consumer,6,0.0,3396.03,1085.65,0.319682099392526
2024-03-11,2024,3,North America,Office Supplies,Paper,Consumer,1,0.2,35.5,-1.79,-0.050422535211267605
2024-03-09,2024,3,Middle East & Africa,Office Supplies,Binders,Consumer,5,0.15,370.2,29.48,0.07963263101026473
2024-10-21,2024,10,North America,Technology,Laptops,Consumer,5,0.0,3326.63,1339.61,0.40269281525147066
2022-02-23,2022,2,Asia Pacific,Office Supplies,Art,Home Office,3,0.0,63.92,9.34,0.14612015018773467
2024-05-03,2024,5,Middle East & Africa,Office Supplies,Binders,Consumer,3,0.5,212.92,-62.08,-0.2915649070073267
2023-08-31,2023,8,Latin America,Office Supplies,Paper,Consumer,5,0.2,398.08,-3.17,-0.00796322347266881
2024-04-06,2024,4,North America,Technology,Copiers,Corporate,5,0.2,2342.79,136.64,0.05832362268918682
2021-03-23,2021,3,Asia Pacific,Office Supplies,Binders,Consumer,1,0.0,69.11,6.59,0.09535523079149183
2023-05-16,2023,5,Asia Pacific,Office Supplies,Storage,Consumer,1,0.1,98.31,8.67,0.08819041806530363
2021-12-01,2021,12,Latin America,Technology,Copiers,Consumer,5,0.15,2650.9,637.65,0.2405409483571617
2023-08-06,2023,8,Asia Pacific,Technology,Accessories,Home Office,3,0.4,1429.15,-201.86,-0.14124479585767763
2024-01-28,2024,1,Europe,Technology,Accessories,Home Office,3,0.3,1860.64,41.24,0.022164416544844783
2021-03-25,2021,3,Europe,Technology,Accessories,Consumer,3,0.15,1450.75,260.4,0.17949336550060313
2022-05-07,2022,5,Europe,Office Supplies,Paper,Consumer,1,0.0,105.93,6.98,0.06589257056546777
2021-12-15,2021,12,North America,Technology,Copiers,Home Office,2,0.0,2309.98,820.16,0.35505069307959375
2022-06-05,2022,6,North America,Furniture,Bookcases,Corporate,4,0.1,2523.67,1.89,0.0007489093264967289
2022-08-30,2022,8,Asia Pacific,Office Supplies,Binders,Home Office,1,0.0,42.74,8.02,0.1876462330369677
2023-06-08,2023,6,Europe,Technology,Laptops,Corporate,2,0.0,1194.14,212.45,0.17791046275981037
2022-08-12,2022,8,North America,Furniture,Tables,Home Office,3,0.0,961.63,112.16,0.11663529631979035
2022-09-27,2022,9,North America,Office Supplies,Storage,Corporate,6,0.15,451.81,69.5,0.15382572320223104
2021-01-22,2021,1,Europe,Office Supplies,Binders,Consumer,5,0.2,243.0,-22.19,-0.09131687242798354
2021-11-05,2021,11,Asia Pacific,Furniture,Tables,Consumer,4,0.1,998.08,-3.7,-0.0037071176659185636
2024-05-15,2024,5,North America,Furniture,Tables,Home Office,6,0.0,4910.88,641.41,0.13060999250643468
2023-05-16,2023,5,Europe,Office Supplies,Paper,Corporate,4,0.0,401.56,73.75,0.18365873094929774
2023-03-05,2023,3,Asia Pacific,Office Supplies,Storage,Corporate,3,0.1,142.4,13.25,0.09304775280898876
2021-01-14,2021,1,Europe,Furniture,Tables,Consumer,4,0.1,1896.65,183.75,0.09688134342129544
2023-07-08,2023,7,Europe,Technology,Accessories,Consumer,3,0.4,3583.6,-512.44,-0.14299587007478515
2021-11-09,2021,11,North America,Technology,Phones,Corporate,4,0.15,2767.42,552.02,0.1994709874178838
2021-11-30,2021,11,North America,Office Supplies,Art,Consumer,2,0.1,310.83,43.08,0.13859666055400058
2021-08-30,2021,8,Middle East & Africa,Technology,Laptops,Consumer,4,0.0,1157.02,329.28,0.28459317902888454
2021-11-04,2021,11,Asia Pacific,Technology,Accessories,Consumer,2,0.5,1725.85,-398.58,-0.230947069559927
2022-03-03,2022,3,Asia Pacific,Furniture,Chairs,Home Office,5,0.1,1900.77,210.55,0.11077089810971344
2023-10-07,2023,10,Asia Pacific,Technology,Phones,Consumer,6,0.2,4289.61,551.2,0.12849652998757466
2023-09-28,2023,9,North America,Office Supplies,Binders,Consumer,1,0.1,44.22,1.24,0.02804161013116237
2023-07-06,2023,7,Europe,Office Supplies,Binders,Consumer,2,0.15,258.28,27.25,0.10550565277992877
2023-07-31,2023,7,Europe,Office Supplies,Art,Corporate,1,0.1,48.49,1.13,0.023303773974015257
2024-08-09,2024,8,North America,Furniture,Bookcases,Corporate,3,0.0,1291.99,160.28,0.12405668774526118
2022-12-16,2022,12,Europe,Technology,Phones,Consumer,1,0.1,523.21,73.66,0.14078477093327726
2023-01-21,2023,1,Europe,Office Supplies,Paper,Corporate,3,0.0,236.03,33.42,0.14159217048680253
2023-06-28,2023,6,North America,Technology,Phones,Corporate,5,0.15,3273.85,497.5,0.15196175756372468
2024-02-16,2024,2,Europe,Office Supplies,Paper,Consumer,5,0.3,211.85,-7.47,-0.03526079773424593
2023-12-20,2023,12,Asia Pacific,Office Supplies,Storage,Corporate,2,0.0,251.16,52.92,0.21070234113712374
2022-10-24,2022,10,North America,Office Supplies,Art,Consumer,3,0.15,154.46,3.16,0.020458371099313737
2024-10-29,2024,10,Europe,Office Supplies,Storage,Home Office,1,0.0,85.24,23.14,0.2714687939934303
2023-10-03,2023,10,North America,Office Supplies,Art,Consumer,2,0.0,131.36,19.9,0.15149208282582213
2022-06-01,2022,6,North America,Office Supplies,Art,Home Office,3,0.2,256.9,27.57,0.10731802257687817
2021-04-26,2021,4,North America,Office Supplies,Art,Home Office,3,0.0,255.48,44.71,0.17500391420072023
2024-11-24,2024,11,Asia Pacific,Office Supplies,Art,Consumer,2,0.0,293.13,66.89,0.228192269641456
2021-10-13,2021,10,Europe,Office Supplies,Paper,Corporate,3,0.1,129.96,5.36,0.041243459526008004
2023-02-09,2023,2,Latin America,Office Supplies,Storage,Home Office,3,0.15,172.58,21.59,0.12510140224823268
2021-09-01,2021,9,North America,Office Supplies,Paper,Corporate,4,0.1,269.34,19.9,0.07388430979431203
2022-08-01,2022,8,North America,Technology,Laptops,Home Office,5,0.0,3723.59,1146.46,0.3078910406355157
2023-06-18,2023,6,Middle East & Africa,Office Supplies,Binders,Consumer,1,0.1,86.82,8.92,0.10274130384703986
2022-06-27,2022,6,Europe,Furniture,Furnishings,Home Office,1,0.1,322.9,2.73,0.008454629916382782
2021-10-14,2021,10,North America,Office Supplies,Paper,Consumer,4,0.0,171.65,39.95,0.23274104281969124
2022-02-04,2022,2,North America,Furniture,Bookcases,Consumer,2,0.2,616.61,-30.05,-0.04873420800830346
2023-02-07,2023,2,North America,Furniture,Furnishings,Consumer,3,0.2,661.77,-80.95,-0.12232346585671759
2022-10-23,2022,10,Asia Pacific,Technology,Accessories,Corporate,3,0.15,844.94,90.31,0.1068833289937747
2021-11-04,2021,11,North America,Technology,Laptops,Consumer,3,0.2,1437.89,-19.87,-0.013818859578966402
2022-02-01,2022,2,North America,Technology,Copiers,Consumer,4,0.15,1384.85,264.6,0.19106762465248947
2023-03-13,2023,3,Europe,Furniture,Chairs,Corporate,1,0.15,360.39,-21.22,-0.05888065706595633
2021-04-11,2021,4,North America,Technology,Accessories,Corporate,1,0.1,317.15,80.85,0.2549266908402964
2022-03-12,2022,3,Asia Pacific,Office Supplies,Art,Consumer,3,0.15,136.02,6.5,0.04778709013380385
2024-09-22,2024,9,North America,Office Supplies,Binders,Home Office,1,0.0,51.67,7.54,0.14592606928585253
2021-08-05,2021,8,Europe,Technology,Laptops,Consumer,2,0.15,1123.8,161.4,0.1436198611852643
2024-08-04,2024,8,Asia Pacific,Technology,Accessories,Consumer,2,0.0,499.92,164.33,0.32871259401504244
2022-02-18,2022,2,Latin America,Office Supplies,Storage,Home Office,6,0.3,257.18,0.09,0.00034994945174585893
2024-10-15,2024,10,Europe,Technology,Copiers,Consumer,3,0.2,1548.21,148.17,0.09570407115313813
2021-10-10,2021,10,Middle East & Africa,Furniture,Bookcases,Home Office,4,0.3,1960.5,-252.56,-0.12882427952053047
2024-10-22,2024,10,Latin America,Furniture,Furnishings,Consumer,1,0.5,441.27,-170.48,-0.386339429374306
2024-02-02,2024,2,North America,Office Supplies,Paper,Consumer,3,0.15,248.47,6.09,0.02451000120738922
2022-08-21,2022,8,Latin America,Office Supplies,Art,Corporate,3,0.3,153.42,-18.57,-0.12104028157997655
2024-01-30,2024,1,North America,Furniture,Furnishings,Corporate,5,0.2,967.93,-6.65,-0.006870331532238903
2023-11-10,2023,11,Europe,Office Supplies,Binders,Corporate,1,0.15,192.98,28.82,0.1493419007151
2021-06-11,2021,6,Asia Pacific,Office Supplies,Art,Home Office,1,0.2,58.04,-0.73,-0.012577532736044108
2023-09-25,2023,9,North America,Office Supplies,Storage,Consumer,1,0.0,48.31,8.85,0.18319188573794243
2023-02-02,2023,2,Asia Pacific,Office Supplies,Binders,Home Office,4,0.1,302.56,25.65,0.08477657324167107
2021-05-17,2021,5,Middle East & Africa,Technology,Copiers,Consumer,1,0.1,441.23,44.82,0.10157967499943339
2023-01-27,2023,1,North America,Office Supplies,Paper,Home Office,4,0.1,257.11,48.49,0.1885963206409708
2024-08-29,2024,8,North America,Technology,Laptops,Corporate,4,0.0,2060.1,555.85,0.26981699917479735
2021-06-12,2021,6,North America,Office Supplies,Paper,Consumer,3,0.0,153.72,29.1,0.18930523028883686
2021-09-07,2021,9,Europe,Furniture,Tables,Consumer,2,0.15,566.97,-11.7,-0.020636012487433197
2021-07-18,2021,7,Europe,Office Supplies,Art,Consumer,4,0.5,154.52,-21.52,-0.13926999741133833
2022-01-19,2022,1,Middle East & Africa,Technology,Phones,Consumer,2,0.0,1307.28,540.11,0.4131555596352733
2024-10-09,2024,10,Europe,Office Supplies,Storage,Corporate,1,0.0,48.0,2.11,0.04395833333333333
2021-01-22,2021,1,Latin America,Office Supplies,Paper,Home Office,4,0.2,225.64,2.01,0.008907995036341074
2022-07-15,2022,7,North America,Technology,Copiers,Corporate,2,0.0,1162.21,276.76,0.23813252338217705
2023-02-21,2023,2,North America,Furniture,Tables,Corporate,2,0.1,305.47,-7.97,-0.02609094182734802
2021-08-15,2021,8,North America,Office Supplies,Binders,Consumer,1,0.0,45.73,7.52,0.16444347255630878
2022-05-23,2022,5,Asia Pacific,Office Supplies,Binders,Consumer,4,0.15,155.98,10.24,0.06564944223618413
2023-05-27,2023,5,Latin America,Technology,Copiers,Consumer,1,0.3,796.63,-23.68,-0.02972521747862872
2022-09-05,2022,9,Europe,Office Supplies,Paper,Home Office,2,0.0,119.52,24.52,0.20515394912985274
2022-11-01,2022,11,Asia Pacific,Technology,Laptops,Home Office,3,0.5,1772.07,-412.65,-0.23286326160930437
2021-09-22,2021,9,Asia Pacific,Office Supplies,Storage,Corporate,4,0.15,230.58,13.98,0.06062971636742128
2024-07-24,2024,7,North America,Technology,Phones,Consumer,1,0.15,1051.51,135.52,0.12888132304970948
2024-04-14,2024,4,Europe,Office Supplies,Art,Consumer,4,0.0,237.47,47.51,0.20006737693182297
2021-07-20,2021,7,Asia Pacific,Office Supplies,Storage,Consumer,4,0.3,294.96,-20.95,-0.07102657987523732
2022-07-05,2022,7,Asia Pacific,Technology,Accessories,Consumer,3,0.3,846.97,-87.96,-0.10385255676116036
2023-04-20,2023,4,North America,Furniture,Bookcases,Consumer,1,0.1,344.6,10.17,0.029512478235635516
2021-03-24,2021,3,Middle East & Africa,Office Supplies,Storage,Corporate,1,0.1,75.07,5.53,0.07366457972558946
2023-08-01,2023,8,Europe,Technology,Phones,Corporate,1,0.1,492.24,86.06,0.17483341459450674
2024-05-11,2024,5,North America,Technology,Laptops,Corporate,1,0.3,743.88,71.06,0.09552616013335484
2024-02-25,2024,2,Asia Pacific,Office Supplies,Paper,Corporate,1,0.0,55.84,13.85,0.24803008595988538
2024-07-23,2024,7,North America,Furniture,Chairs,Consumer,7,0.15,4336.65,-184.74,-0.042599702535367164
2021-01-26,2021,1,North America,Technology,Phones,Corporate,4,0.15,1535.7,38.18,0.024861626619782508
2021-07-13,2021,7,North America,Furniture,Chairs,Consumer,1,0.1,224.56,-10.33,-0.04600106875667973
2022-12-31,2022,12,Latin America,Technology,Laptops,Home Office,2,0.0,838.14,266.53,0.31800176581478035
2022-10-15,2022,10,Europe,Office Supplies,Binders,Consumer,1,0.3,53.8,-6.33,-0.11765799256505577
2022-12-05,2022,12,Europe,Technology,Laptops,Consumer,6,0.1,3841.85,751.68,0.19565573877168552
2021-05-07,2021,5,North America,Furniture,Furnishings,Corporate,4,0.0,1323.09,173.3,0.13098126355727882
2023-10-02,2023,10,Asia Pacific,Technology,Copiers,Corporate,1,0.0,233.37,56.95,0.24403308051591893
2022-02-16,2022,2,Europe,Office Supplies,Art,Consumer,5,0.3,251.35,-10.57,-0.04205291426297991
2024-01-13,2024,1,Asia Pacific,Office Supplies,Binders,Consumer,2,0.15,77.13,1.75,0.022688966679631793
2023-09-13,2023,9,Latin America,Office Supplies,Storage,Consumer,6,0.1,552.7,36.74,0.06647367468789578
2021-07-14,2021,7,Latin America,Office Supplies,Storage,Consumer,1,0.1,56.0,5.39,0.09624999999999999
2022-11-10,2022,11,Europe,Technology,Accessories,Consumer,2,0.15,1444.02,197.73,0.13693023642331822
2024-12-21,2024,12,Europe,Office Supplies,Storage,Consumer,3,0.2,321.81,7.73,0.02402038469904602
2024-12-28,2024,12,Europe,Technology,Accessories,Corporate,1,0.1,445.4,52.31,0.11744499326448138
2021-05-05,2021,5,Europe,Technology,Phones,Home Office,3,0.0,1266.33,364.46,0.2878080753042256
2021-02-28,2021,2,Middle East & Africa,Furniture,Chairs,Home Office,4,0.1,1020.74,-4.63,-0.004535924917216921
2024-10-09,2024,10,North America,Technology,Phones,Consumer,4,0.0,2390.14,626.47,0.26210598542344804
2022-05-24,2022,5,Middle East & Africa,Office Supplies,Art,Consumer,3,0.4,210.9,-27.83,-0.13195827406353722
2021-03-05,2021,3,Asia Pacific,Office Supplies,Paper,Corporate,3,0.3,130.72,-4.75,-0.036337209302325583
2023-06-02,2023,6,Europe,Office Supplies,Art,Corporate,3,0.15,115.54,17.54,0.15180889735156655
2022-12-05,2022,12,Europe,Office Supplies,Storage,Home Office,5,0.1,324.76,19.58,0.06029067619164921
2024-09-08,2024,9,Europe,Furniture,Tables,Consumer,3,0.15,1018.37,29.51,0.02897768001806809
2021-10-04,2021,10,Europe,Office Supplies,Art,Corporate,5,0.0,419.9,49.56,0.11802810192903074
2021-05-21,2021,5,Asia Pacific,Office Supplies,Art,Corporate,3,0.2,117.92,6.93,0.05876865671641791
2024-10-13,2024,10,North America,Office Supplies,Paper,Corporate,3,0.15,178.18,7.84,0.0440004489841733
2024-11-04,2024,11,Asia Pacific,Technology,Laptops,Corporate,3,0.0,1881.85,482.62,0.256460398012594
2023-01-03,2023,1,Europe,Office Supplies,Binders,Corporate,4,0.1,260.32,39.1,0.15019975414874
2023-10-31,2023,10,Asia Pacific,Office Supplies,Art,Corporate,5,0.0,372.27,61.26,0.16455798210975905
2024-08-06,2024,8,North America,Office Supplies,Storage,Consumer,1,0.2,84.98,-1.77,-0.020828430218875028
2021-10-21,2021,10,Latin America,Office Supplies,Art,Consumer,3,0.3,103.02,-12.46,-0.12094738885653272
2022-03-04,2022,3,Europe,Office Supplies,Storage,Consumer,3,0.1,175.77,34.99,0.19906696250782271
2022-09-24,2022,9,Asia Pacific,Technology,Phones,Corporate,6,0.0,3407.42,1159.18,0.3401928732002512
2024-01-30,2024,1,Europe,Furniture,Furnishings,Consumer,2,0.2,552.8,-42.78,-0.0773878437047757
2021-07-29,2021,7,Europe,Furniture,Tables,Consumer,4,0.0,676.2,102.03,0.15088731144631765
2024-07-10,2024,7,North America,Office Supplies,Paper,Corporate,4,0.0,258.66,47.04,0.18186035722570168
2022-07-19,2022,7,North America,Office Supplies,Paper,Consumer,4,0.4,198.83,-21.92,-0.1102449328572147
2023-06-03,2023,6,North America,Furniture,Furnishings,Consumer,3,0.3,883.11,-156.14,-0.17680696628959017
2021-06-24,2021,6,Asia Pacific,Technology,Laptops,Consumer,3,0.15,1971.78,475.1,0.24094980170201546
2022-01-08,2022,1,Asia Pacific,Office Supplies,Storage,Corporate,4,0.15,267.48,16.72,0.06250934649319574
2024-05-13,2024,5,Asia Pacific,Furniture,Tables,Corporate,5,0.2,1305.5,-50.28,-0.038513979318268866
2024-05-07,2024,5,North America,Office Supplies,Paper,Consumer,4,0.4,413.91,-59.65,-0.1441134546157377
2024-01-31,2024,1,North America,Furniture,Bookcases,Consumer,5,0.2,914.12,-96.87,-0.1059707697020085
2023-01-06,2023,1,Europe,Office Supplies,Binders,Corporate,4,0.15,379.81,24.34,0.06408467391590532
2022-05-08,2022,5,North America,Office Supplies,Art,Home Office,3,0.1,178.01,38.08,0.21392056626032246
2024-01-19,2024,1,Europe,Technology,Phones,Consumer,1,0.0,564.66,159.27,0.2820635426628414
2023-06-02,2023,6,Asia Pacific,Furniture,Chairs,Home Office,4,0.15,981.71,16.24,0.0165425634861619
2023-11-29,2023,11,Asia Pacific,Office Supplies,Paper,Corporate,1,0.1,64.94,8.46,0.13027409916846322
2021-11-18,2021,11,Europe,Office Supplies,Paper,Consumer,1,0.0,177.77,31.58,0.17764527198064914
2024-07-12,2024,7,North America,Office Supplies,Paper,Home Office,1,0.1,62.33,10.35,0.16605166051660517
2022-09-21,2022,9,North America,Technology,Accessories,Corporate,3,0.0,2225.18,484.55,0.217757664548486
2023-12-18,2023,12,Latin America,Office Supplies,Storage,Consumer,1,0.4,87.24,-11.84,-0.13571756075194866
2022-12-10,2022,12,Asia Pacific,Office Supplies,Binders,Corporate,6,0.15,533.19,69.61,0.1305538363435173
2022-09-20,2022,9,North America,Technology,Copiers,Consumer,2,0.3,368.01,7.34,0.019945110187223173
2021-02-09,2021,2,North America,Office Supplies,Binders,Corporate,3,0.0,105.32,11.23,0.10662742119255603
2021-09-11,2021,9,Europe,Office Supplies,Binders,Consumer,1,0.0,37.59,5.1,0.13567438148443733
2021-12-08,2021,12,Asia Pacific,Office Supplies,Paper,Corporate,6,0.1,412.21,33.47,0.08119647752359234
2023-12-07,2023,12,Asia Pacific,Office Supplies,Art,Corporate,2,0.0,339.79,55.99,0.1647782453868566
2021-06-11,2021,6,Asia Pacific,Office Supplies,Storage,Corporate,4,0.2,410.27,10.5,0.025592902235113464
2022-07-17,2022,7,Europe,Office Supplies,Art,Consumer,1,0.0,60.99,12.26,0.2010165600918183
2022-05-24,2022,5,Latin America,Technology,Accessories,Consumer,1,0.0,329.21,99.65,0.3026943288478479
2022-07-15,2022,7,Asia Pacific,Office Supplies,Storage,Corporate,3,0.2,175.17,4.38,0.0250042815550608
2024-07-17,2024,7,Latin America,Technology,Copiers,Corporate,3,0.3,3387.82,40.64,0.01199591477705427
2022-06-09,2022,6,Middle East & Africa,Office Supplies,Storage,Consumer,2,0.3,90.83,-11.86,-0.1305735990311571
2023-06-02,2023,6,Europe,Technology,Laptops,Corporate,3,0.15,1463.32,222.67,0.15216767350955362
2024-02-24,2024,2,Europe,Technology,Copiers,Corporate,3,0.1,975.69,230.85,0.23660178950281338
2021-01-19,2021,1,Asia Pacific,Technology,Laptops,Consumer,5,0.0,1817.07,532.43,0.29301567908776216
2021-12-04,2021,12,Middle East & Africa,Office Supplies,Art,Consumer,3,0.2,434.4,-8.98,-0.02067219152854512
2022-03-01,2022,3,North America,Furniture,Bookcases,Consumer,2,0.5,789.94,-319.37,-0.4042965288502924
2024-08-11,2024,8,North America,Office Supplies,Art,Consumer,2,0.0,88.65,20.52,0.2314720812182741
2024-03-03,2024,3,North America,Office Supplies,Binders,Corporate,3,0.0,445.56,62.88,0.1411257743064907
2023-08-05,2023,8,Latin America,Technology,Laptops,Corporate,1,0.4,305.49,-0.9,-0.0029460866149464793
2024-03-06,2024,3,Europe,Office Supplies,Art,Corporate,4,0.3,208.64,-4.47,-0.02142446319018405
2024-09-26,2024,9,Latin America,Furniture,Bookcases,Corporate,4,0.0,2023.98,327.5,0.1618098993073054
2021-02-08,2021,2,North America,Office Supplies,Art,Home Office,1,0.0,30.52,2.93,0.09600262123197904
2024-03-30,2024,3,Asia Pacific,Technology,Copiers,Consumer,3,0.15,1355.49,286.41,0.21129628400061973
2023-10-12,2023,10,Asia Pacific,Furniture,Bookcases,Corporate,3,0.3,794.47,-72.99,-0.09187256913413973
2021-05-03,2021,5,Asia Pacific,Furniture,Furnishings,Corporate,2,0.15,878.74,-21.95,-0.02497894712884357
2024-05-13,2024,5,North America,Furniture,Chairs,Consumer,1,0.2,260.18,-29.94,-0.11507417941425167
2023-07-23,2023,7,Asia Pacific,Technology,Laptops,Consumer,8,0.15,4281.66,787.77,0.1839870517509564
2021-10-04,2021,10,Asia Pacific,Technology,Copiers,Corporate,4,0.3,2152.15,22.49,0.01045001510117789
2024-05-21,2024,5,Latin America,Technology,Phones,Consumer,6,0.2,2175.41,256.59,0.11795017950639189
2022-10-15,2022,10,Asia Pacific,Furniture,Furnishings,Consumer,1,0.15,398.77,8.34,0.02091431150788675
2022-10-24,2022,10,Europe,Furniture,Tables,Consumer,3,0.15,882.26,-89.43,-0.10136467707931902
2021-07-25,2021,7,North America,Technology,Accessories,Consumer,4,0.2,3009.33,-49.75,-0.016531919065041055
2021-06-24,2021,6,Asia Pacific,Technology,Laptops,Consumer,3,0.1,1020.75,206.98,0.20277247122214057
2022-10-02,2022,10,Middle East & Africa,Furniture,Chairs,Consumer,3,0.15,836.71,-52.92,-0.06324772023759725
2022-02-20,2022,2,Asia Pacific,Office Supplies,Paper,Corporate,6,0.3,176.81,-15.94,-0.09015327187376279
2022-03-05,2022,3,Europe,Technology,Laptops,Consumer,3,0.15,1247.07,239.48,0.19203412799602268
2021-10-19,2021,10,Latin America,Office Supplies,Binders,Consumer,5,0.1,220.17,8.92,0.040514148158241364
2021-02-28,2021,2,Asia Pacific,Furniture,Furnishings,Corporate,2,0.15,509.48,-41.72,-0.08188741461882704
2021-12-14,2021,12,Asia Pacific,Technology,Copiers,Corporate,2,0.3,1666.09,82.39,0.049451110084089096
2024-08-30,2024,8,Asia Pacific,Technology,Accessories,Corporate,2,0.4,1183.49,-67.27,-0.05684036198024486
2022-12-28,2022,12,Asia Pacific,Furniture,Tables,Home Office,3,0.0,932.61,146.1,0.15665712355647055
2023-12-19,2023,12,North America,Office Supplies,Paper,Consumer,3,0.3,219.64,-0.89,-0.004052085230376981
2022-10-20,2022,10,Middle East & Africa,Furniture,Tables,Corporate,4,0.0,1397.14,87.44,0.06258499506133959
2023-05-18,2023,5,Asia Pacific,Technology,Phones,Corporate,3,0.1,1066.44,279.13,0.2617399947488841
2023-02-08,2023,2,Europe,Technology,Phones,Home Office,2,0.3,501.74,34.24,0.0682425160441663
2022-03-31,2022,3,Middle East & Africa,Office Supplies,Paper,Corporate,8,0.1,1130.33,46.55,0.0411826634699601
2023-02-20,2023,2,North America,Technology,Accessories,Home Office,1,0.0,355.89,90.25,0.2535895922897525
2024-12-09,2024,12,Asia Pacific,Office Supplies,Art,Consumer,2,0.1,207.03,27.53,0.13297589721296432
2021-12-05,2021,12,Europe,Office Supplies,Storage,Corporate,3,0.1,229.1,33.89,0.1479266695766041
2022-06-24,2022,6,Europe,Technology,Accessories,Consumer,7,0.0,3852.16,1204.26,0.3126194135238412
2022-07-25,2022,7,Asia Pacific,Office Supplies,Paper,Corporate,4,0.4,169.16,-9.84,-0.05816978008985576
2024-12-28,2024,12,North America,Office Supplies,Storage,Consumer,7,0.0,885.48,214.33,0.2420495098703528
2023-05-26,2023,5,Europe,Technology,Copiers,Consumer,3,0.15,1990.94,452.31,0.22718414417310415
2023-08-13,2023,8,Latin America,Technology,Phones,Corporate,2,0.15,1261.19,118.46,0.09392716402762469
2023-04-05,2023,4,Europe,Office Supplies,Paper,Consumer,3,0.15,173.78,15.26,0.08781217631488088
2024-01-27,2024,1,North America,Technology,Laptops,Consumer,2,0.5,1641.91,-487.43,-0.2968676724059175
2022-08-07,2022,8,Europe,Technology,Copiers,Consumer,2,0.1,782.53,191.35,0.24452736636295094
2023-11-03,2023,11,North America,Technology,Laptops,Home Office,3,0.0,3104.2,1102.08,0.3550286708330649
2021-07-11,2021,7,Europe,Furniture,Tables,Consumer,1,0.1,303.31,4.53,0.014935214796742608
2023-01-05,2023,1,North America,Office Supplies,Paper,Consumer,2,0.2,140.1,1.55,0.011063526052819416
2021-04-16,2021,4,North America,Office Supplies,Storage,Corporate,2,0.15,45.16,6.97,0.15434012400354297
2024-12-22,2024,12,Asia Pacific,Office Supplies,Binders,Home Office,3,0.4,298.28,-55.18,-0.18499396540163607
2024-06-06,2024,6,Europe,Office Supplies,Art,Consumer,3,0.15,171.74,12.9,0.0751135437288925
2021-08-08,2021,8,North America,Office Supplies,Storage,Consumer,5,0.1,421.18,31.31,0.07433876252433638
2022-11-30,2022,11,Europe,Office Supplies,Binders,Corporate,2,0.0,214.42,37.44,0.17461057737151386
2024-11-30,2024,11,Asia Pacific,Office Supplies,Paper,Corporate,3,0.15,252.93,10.6,0.0419088285296327
2021-04-19,2021,4,Middle East & Africa,Office Supplies,Storage,Consumer,4,0.15,84.1,2.52,0.02996432818073722
2023-05-21,2023,5,Latin America,Furniture,Tables,Home Office,1,0.15,248.74,-20.02,-0.08048564766422771
2022-09-20,2022,9,Asia Pacific,Furniture,Furnishings,Consumer,1,0.3,136.65,-10.08,-0.07376509330406147
2023-10-22,2023,10,Asia Pacific,Office Supplies,Art,Consumer,1,0.15,53.17,3.8,0.07146887342486363
2021-03-13,2021,3,Latin America,Office Supplies,Storage,Corporate,2,0.2,85.17,4.08,0.04790419161676647
2022-02-28,2022,2,Latin America,Furniture,Tables,Consumer,2,0.1,356.46,-22.12,-0.06205464848790889
2024-03-18,2024,3,Middle East & Africa,Office Supplies,Storage,Corporate,3,0.15,339.98,46.92,0.13800811812459557
2024-05-26,2024,5,Latin America,Furniture,Chairs,Consumer,5,0.0,1589.43,111.31,0.07003139490257514
2021-07-29,2021,7,Middle East & Africa,Office Supplies,Art,Consumer,2,0.5,83.97,-20.58,-0.2450875312611647
2022-06-21,2022,6,Latin America,Technology,Copiers,Consumer,7,0.1,2574.86,714.18,0.27736653643304876
2021-12-17,2021,12,Europe,Office Supplies,Art,Consumer,2,0.1,141.68,6.68,0.04714850367024279
2024-12-27,2024,12,Asia Pacific,Technology,Phones,Corporate,2,0.0,1024.3,388.58,0.3793615151810993
2023-06-08,2023,6,Europe,Furniture,Bookcases,Consumer,7,0.0,2832.13,383.24,0.13531864709600194
2024-06-14,2024,6,North America,Furniture,Bookcases,Home Office,1,0.0,628.77,88.09,0.14009892329468646
2021-01-30,2021,1,Latin America,Technology,Accessories,Consumer,5,0.1,2052.06,436.13,0.2125327719462394
2024-06-24,2024,6,North America,Technology,Phones,Consumer,2,0.3,621.92,38.21,0.0614387702598405
2024-05-17,2024,5,North America,Office Supplies,Art,Consumer,3,0.3,123.12,-27.28,-0.22157244964262507
2022-01-01,2022,1,North America,Technology,Accessories,Home Office,4,0.15,1957.41,327.79,0.16746108377907543
2021-01-26,2021,1,Latin America,Technology,Laptops,Consumer,4,0.15,1199.42,161.53,0.13467342548898634
2023-01-21,2023,1,Asia Pacific,Technology,Accessories,Consumer,2,0.3,793.16,-65.74,-0.08288365525240808
2023-12-10,2023,12,North America,Furniture,Chairs,Corporate,2,0.0,1119.64,24.94,0.022275016969740272
2024-04-28,2024,4,North America,Technology,Copiers,Home Office,3,0.15,1731.47,311.03,0.17963349061779874
2023-03-09,2023,3,Asia Pacific,Office Supplies,Binders,Corporate,4,0.15,283.76,10.33,0.03640400338314068
2024-03-15,2024,3,North America,Office Supplies,Binders,Consumer,2,0.1,236.79,15.48,0.0653743823641201
2022-12-27,2022,12,Asia Pacific,Furniture,Chairs,Consumer,3,0.2,2347.36,-38.66,-0.016469565810101557
2021-04-23,2021,4,North America,Technology,Laptops,Corporate,2,0.0,559.35,148.7,0.26584428354339856
2022-01-03,2022,1,Europe,Office Supplies,Paper,Consumer,1,0.0,40.33,8.36,0.20728985866600544
2022-02-09,2022,2,Middle East & Africa,Technology,Phones,Consumer,3,0.1,1103.01,180.9,0.1640057660401991
2023-10-10,2023,10,Asia Pacific,Office Supplies,Binders,Corporate,1,0.5,35.41,-6.56,-0.18525840158147416
2022-10-04,2022,10,North America,Office Supplies,Storage,Consumer,3,0.3,274.71,-25.67,-0.09344399548614904
2021-09-10,2021,9,North America,Technology,Copiers,Home Office,1,0.0,563.94,147.49,0.26153491506188603
2022-02-04,2022,2,Europe,Office Supplies,Art,Consumer,3,0.3,153.23,-21.35,-0.139333028780265
2021-01-27,2021,1,Latin America,Office Supplies,Binders,Consumer,3,0.2,159.51,-1.72,-0.010783023007961884
2022-10-15,2022,10,North America,Office Supplies,Art,Home Office,3,0.3,234.76,-32.23,-0.1372891463622423
2023-10-30,2023,10,Europe,Technology,Phones,Consumer,3,0.3,2032.28,206.24,0.10148207924104946
2024-09-24,2024,9,Middle East & Africa,Office Supplies,Storage,Consumer,4,0.3,298.11,-17.51,-0.05873670792660428
2023-06-06,2023,6,North America,Office Supplies,Storage,Corporate,1,0.2,52.08,-1.24,-0.02380952380952381
2024-11-10,2024,11,Asia Pacific,Furniture,Bookcases,Consumer,6,0.1,3972.62,433.37,0.10908921568133877
2024-01-25,2024,1,North America,Office Supplies,Art,Consumer,4,0.0,318.03,49.38,0.1552683709084049
2021-12-02,2021,12,Europe,Furniture,Tables,Consumer,1,0.3,612.33,-83.33,-0.13608675060833209
2023-11-29,2023,11,Asia Pacific,Furniture,Furnishings,Corporate,5,0.3,3055.71,-810.8,-0.26533931557641266
2022-11-05,2022,11,Latin America,Furniture,Furnishings,Home Office,8,0.0,4718.61,328.11,0.06953530806741817
2023-08-23,2023,8,Asia Pacific,Office Supplies,Paper,Consumer,1,0.3,80.98,-5.3,-0.06544825882934058
2021-11-13,2021,11,Europe,Technology,Copiers,Home Office,4,0.3,1828.57,-78.89,-0.04314300245547067
2024-06-22,2024,6,Asia Pacific,Furniture,Bookcases,Consumer,4,0.1,2358.04,73.88,0.03133110549439365
2023-04-17,2023,4,Europe,Technology,Accessories,Consumer,1,0.0,375.13,101.59,0.2708127849012342
2021-07-12,2021,7,Europe,Furniture,Chairs,Consumer,3,0.15,633.78,-5.49,-0.008662311843226357
2024-05-12,2024,5,Europe,Technology,Accessories,Home Office,3,0.3,3320.93,-135.29,-0.04073858828701599
2021-07-30,2021,7,North America,Office Supplies,Paper,Consumer,3,0.0,279.34,84.9,0.3039306937781915
2022-10-28,2022,10,North America,Office Supplies,Paper,Consumer,3,0.1,313.74,40.38,0.12870529737999617
2021-09-24,2021,9,Latin America,Office Supplies,Art,Corporate,3,0.2,144.75,0.32,0.002210708117443869
2021-04-28,2021,4,North America,Office Supplies,Art,Consumer,4,0.5,237.45,-73.36,-0.3089492524742051
2022-06-22,2022,6,Asia Pacific,Furniture,Chairs,Consumer,3,0.0,635.96,16.3,0.025630542801434054
2024-05-25,2024,5,Europe,Furniture,Bookcases,Corporate,3,0.0,789.17,103.01,0.13052954369780911
2021-11-26,2021,11,Europe,Office Supplies,Binders,Consumer,2,0.15,158.84,9.35,0.05886426592797783
2022-05-17,2022,5,North America,Office Supplies,Paper,Consumer,1,0.15,44.44,0.16,0.0036003600360036006
2024-07-30,2024,7,Asia Pacific,Technology,Copiers,Consumer,1,0.0,1191.53,251.06,0.21070388492106787
2021-10-31,2021,10,North America,Furniture,Chairs,Home Office,1,0.2,381.45,-18.43,-0.048315637698256655
2022-11-24,2022,11,North America,Office Supplies,Storage,Home Office,3,0.15,324.72,-23.25,-0.07160014781966001
2024-10-12,2024,10,North America,Office Supplies,Paper,Corporate,1,0.0,56.82,13.19,0.23213657162970783
2021-09-28,2021,9,Asia Pacific,Technology,Copiers,Consumer,3,0.3,1018.71,6.25,0.0061352102168428695
2022-08-03,2022,8,North America,Technology,Laptops,Corporate,7,0.15,2002.05,340.88,0.17026547788516772
2021-09-22,2021,9,North America,Office Supplies,Binders,Corporate,4,0.0,143.73,25.8,0.17950323523272804
2021-12-14,2021,12,North America,Office Supplies,Art,Consumer,4,0.0,264.33,50.35,0.19048159497597703
2023-11-06,2023,11,Europe,Office Supplies,Art,Consumer,5,0.15,253.17,6.78,0.026780424220879253
2023-08-10,2023,8,Europe,Office Supplies,Binders,Consumer,2,0.0,145.14,28.53,0.19656883009508064
2024-03-10,2024,3,North America,Technology,Accessories,Consumer,4,0.2,2217.65,278.03,0.1253714517620003
2024-12-26,2024,12,North America,Furniture,Chairs,Consumer,4,0.2,1495.37,-202.79,-0.13561192213298381
2021-02-04,2021,2,Europe,Office Supplies,Paper,Home Office,2,0.2,69.61,4.45,0.06392759660968252
2022-11-30,2022,11,Europe,Furniture,Furnishings,Home Office,1,0.15,402.44,-31.59,-0.07849617334261008
2024-09-28,2024,9,Europe,Technology,Copiers,Corporate,2,0.2,870.26,35.95,0.041309493714522104
2023-07-28,2023,7,Asia Pacific,Office Supplies,Binders,Corporate,2,0.0,302.74,81.66,0.26973640747836425
2024-08-19,2024,8,North America,Furniture,Tables,Consumer,4,0.1,899.34,19.75,0.021960548846932194
2021-04-11,2021,4,Latin America,Technology,Copiers,Corporate,1,0.2,220.57,21.7,0.09838146620120597
2024-01-04,2024,1,Europe,Office Supplies,Storage,Corporate,1,0.0,51.17,13.25,0.2589407856165722
2023-11-25,2023,11,Latin America,Technology,Phones,Consumer,2,0.15,2319.42,392.51,0.16922765174052132
2024-04-20,2024,4,Latin America,Office Supplies,Storage,Consumer,3,0.0,367.1,100.59,0.27401253064560066
2023-05-23,2023,5,North America,Technology,Laptops,Corporate,2,0.1,1525.44,164.71,0.10797540381791483
2024-04-06,2024,4,Asia Pacific,Office Supplies,Art,Consumer,7,0.0,365.22,81.71,0.22372816384644867
2021-03-08,2021,3,North America,Technology,Phones,Consumer,1,0.1,366.05,44.6,0.12184127851386423
2021-03-14,2021,3,Asia Pacific,Technology,Copiers,Home Office,2,0.3,489.94,-29.24,-0.05968077723802914
2023-01-05,2023,1,Asia Pacific,Office Supplies,Art,Consumer,3,0.0,146.41,37.95,0.25920360631104433
2023-06-05,2023,6,North America,Office Supplies,Paper,Consumer,2,0.2,133.85,6.32,0.04721703399327606
2023-08-09,2023,8,Asia Pacific,Technology,Accessories,Home Office,2,0.0,700.95,195.04,0.27825094514587345
2022-08-18,2022,8,Latin America,Technology,Phones,Home Office,3,0.0,1181.73,383.06,0.32415187902481957
2022-11-17,2022,11,Asia Pacific,Furniture,Bookcases,Consumer,1,0.0,437.07,45.23,0.10348456768938613
2022-07-20,2022,7,Asia Pacific,Office Supplies,Art,Home Office,5,0.15,522.78,67.61,0.12932782432380735
2021-08-25,2021,8,North America,Office Supplies,Storage,Consumer,1,0.15,66.42,6.9,0.10388437217705511
2022-07-29,2022,7,Asia Pacific,Furniture,Bookcases,Consumer,8,0.15,1931.97,-89.24,-0.04619119344503279
2022-12-19,2022,12,Europe,Technology,Accessories,Corporate,2,0.2,1351.14,155.9,0.11538404606480453
2021-12-18,2021,12,Europe,Office Supplies,Art,Corporate,3,0.3,98.63,-3.24,-0.03285004562506337
2023-02-04,2023,2,Europe,Technology,Accessories,Consumer,1,0.1,224.44,62.24,0.277312422028159
2023-01-27,2023,1,Asia Pacific,Office Supplies,Paper,Corporate,2,0.1,133.69,24.41,0.18258658089610294
2024-11-14,2024,11,North America,Office Supplies,Binders,Home Office,1,0.0,95.1,11.66,0.12260778128286015
2021-09-22,2021,9,Europe,Furniture,Tables,Corporate,1,0.4,273.96,-72.44,-0.2644181632355088
2021-04-07,2021,4,Asia Pacific,Technology,Phones,Consumer,3,0.1,1953.47,327.38,0.16758895708662022
2021-08-17,2021,8,Asia Pacific,Office Supplies,Binders,Home Office,1,0.5,51.06,-9.44,-0.18488053270661964
2021-09-05,2021,9,Europe,Office Supplies,Paper,Consumer,3,0.0,117.28,29.93,0.2552012278308322
2024-08-14,2024,8,North America,Office Supplies,Art,Home Office,3,0.1,131.14,14.16,0.10797620863199635
2023-08-09,2023,8,North America,Furniture,Chairs,Home Office,3,0.1,635.93,-20.94,-0.03292815246961144
2023-09-12,2023,9,Latin America,Office Supplies,Storage,Corporate,1,0.0,69.15,17.64,0.25509761388286334
2021-06-28,2021,6,Europe,Office Supplies,Art,Consumer,1,0.4,106.71,-17.77,-0.16652609877237373
2021-06-20,2021,6,North America,Office Supplies,Storage,Consumer,2,0.0,170.76,13.38,0.07835558678847507
2022-10-21,2022,10,Asia Pacific,Technology,Phones,Consumer,4,0.1,1695.11,259.16,0.15288683330285352
2024-07-26,2024,7,Middle East & Africa,Technology,Accessories,Home Office,1,0.4,519.78,-72.35,-0.13919350494439955
2024-02-28,2024,2,Asia Pacific,Technology,Accessories,Corporate,5,0.3,3723.05,76.42,0.020526181490981857
2021-10-14,2021,10,Asia Pacific,Technology,Phones,Corporate,6,0.15,2960.66,418.51,0.14135699472414934
2021-02-25,2021,2,Europe,Furniture,Tables,Home Office,3,0.0,957.62,52.33,0.05464589294292099
2022-03-23,2022,3,Europe,Office Supplies,Binders,Corporate,2,0.0,102.36,15.41,0.150547088706526
2021-08-17,2021,8,Latin America,Furniture,Furnishings,Consumer,2,0.3,581.53,-44.96,-0.07731329424105378
2021-06-01,2021,6,North America,Office Supplies,Paper,Consumer,4,0.0,343.59,69.46,0.20215955062720103
2024-01-08,2024,1,Europe,Technology,Accessories,Corporate,5,0.15,3405.41,450.71,0.13235117063730945
2022-08-11,2022,8,Asia Pacific,Furniture,Bookcases,Corporate,6,0.0,1500.05,286.7,0.19112696243458552
2024-02-16,2024,2,Asia Pacific,Furniture,Chairs,Consumer,3,0.15,837.33,-59.53,-0.07109502824453919
2024-02-19,2024,2,Europe,Technology,Copiers,Corporate,5,0.2,3557.65,534.32,0.15018902927494274
2022-10-23,2022,10,North America,Technology,Laptops,Consumer,2,0.3,1059.55,-22.96,-0.021669576707092634
2022-07-12,2022,7,Asia Pacific,Office Supplies,Paper,Home Office,4,0.1,304.83,47.01,0.15421710461568744
2023-12-31,2023,12,Europe,Office Supplies,Art,Home Office,3,0.2,197.72,-0.51,-0.002579405219502327
2024-08-09,2024,8,North America,Technology,Laptops,Consumer,1,0.3,665.02,-55.75,-0.0838320652010466
2022-04-17,2022,4,Asia Pacific,Technology,Accessories,Corporate,3,0.1,1110.06,231.07,0.20815991928364233
2023-06-02,2023,6,Europe,Technology,Laptops,Consumer,7,0.15,5742.75,1265.72,0.22040311697357537
2023-04-21,2023,4,Europe,Technology,Copiers,Corporate,2,0.15,948.15,98.32,0.10369667246743658
2023-09-08,2023,9,Asia Pacific,Technology,Laptops,Home Office,4,0.4,957.98,-91.98,-0.09601453057475104
2022-01-13,2022,1,North America,Office Supplies,Paper,Consumer,2,0.15,74.31,6.29,0.08464540438702732
2023-11-08,2023,11,North America,Technology,Copiers,Home Office,1,0.5,663.96,-75.7,-0.11401289234291222
2021-01-25,2021,1,North America,Technology,Copiers,Consumer,4,0.15,1552.72,159.75,0.10288397135349579
2022-03-11,2022,3,Europe,Office Supplies,Paper,Consumer,5,0.1,383.91,91.15,0.2374254382537574
2023-12-02,2023,12,Asia Pacific,Furniture,Bookcases,Consumer,1,0.0,447.73,29.98,0.06695999821320885
2021-02-26,2021,2,Europe,Technology,Laptops,Consumer,4,0.0,2116.68,419.86,0.1983578056201221
2023-09-24,2023,9,Europe,Office Supplies,Art,Consumer,7,0.4,321.07,-64.74,-0.20163827202790668
2023-11-30,2023,11,Europe,Technology,Accessories,Consumer,4,0.0,2706.0,486.07,0.17962675535846268
2021-08-07,2021,8,Latin America,Technology,Accessories,Consumer,3,0.3,1234.35,-18.82,-0.015246891076274964
2023-10-05,2023,10,North America,Furniture,Chairs,Home Office,2,0.1,650.54,26.59,0.040873735665754606
2023-12-02,2023,12,Europe,Office Supplies,Storage,Corporate,5,0.1,297.51,18.17,0.061073577358744253
2021-01-04,2021,1,Latin America,Technology,Copiers,Home Office,4,0.1,2509.05,379.2,0.1511328989059604
2024-12-19,2024,12,North America,Technology,Copiers,Consumer,1,0.1,529.82,98.06,0.1850817258691631
2022-01-03,2022,1,Middle East & Africa,Office Supplies,Paper,Home Office,3,0.15,139.05,19.16,0.13779216109313194
2023-06-17,2023,6,Latin America,Technology,Laptops,Consumer,5,0.3,4433.06,126.06,0.028436339684100823
2023-08-18,2023,8,North America,Furniture,Bookcases,Corporate,2,0.1,632.37,-10.97,-0.01734743899932002
2023-12-04,2023,12,North America,Office Supplies,Binders,Consumer,4,0.0,611.16,163.96,0.2682767196806074
2022-02-24,2022,2,North America,Office Supplies,Binders,Consumer,1,0.3,43.66,-4.96,-0.1136051305542831
2021-02-24,2021,2,Middle East & Africa,Furniture,Chairs,Consumer,2,0.0,434.39,88.38,0.2034577223232579
2023-05-31,2023,5,North America,Technology,Phones,Consumer,1,0.1,627.76,115.11,0.18336625461959985
2021-05-27,2021,5,Asia Pacific,Technology,Laptops,Corporate,6,0.0,3195.85,891.77,0.2790400050064928
2024-06-15,2024,6,Europe,Furniture,Tables,Home Office,2,0.3,941.0,-73.36,-0.0779596174282678
2024-06-04,2024,6,North America,Technology,Accessories,Consumer,1,0.1,1130.96,201.43,0.17810532644832708
2022-01-08,2022,1,Europe,Office Supplies,Binders,Corporate,6,0.2,706.41,19.41,0.027476960971673674
2023-04-17,2023,4,Middle East & Africa,Technology,Accessories,Consumer,2,0.1,826.96,144.79,0.17508706587984907
2023-12-17,2023,12,Asia Pacific,Technology,Laptops,Corporate,2,0.15,2538.81,324.04,0.1276346004624214
2022-02-23,2022,2,Europe,Furniture,Furnishings,Corporate,2,0.0,398.44,37.12,0.09316333701435599
2023-05-04,2023,5,Europe,Office Supplies,Storage,Corporate,5,0.0,230.37,40.37,0.1752398315752919
2022-01-28,2022,1,Latin America,Technology,Accessories,Corporate,5,0.0,2033.86,533.84,0.2624762766365433
2023-03-27,2023,3,Asia Pacific,Technology,Copiers,Home Office,2,0.0,1018.92,293.82,0.28836415027676365
2022-01-15,2022,1,Middle East & Africa,Furniture,Tables,Corporate,3,0.15,751.08,20.3,0.027027746711402248
2022-12-11,2022,12,Europe,Office Supplies,Storage,Consumer,1,0.0,88.51,22.15,0.25025420856400404
2021-08-02,2021,8,Asia Pacific,Technology,Phones,Consumer,3,0.0,892.69,214.58,0.24037459812476897
2021-11-21,2021,11,Asia Pacific,Technology,Phones,Consumer,5,0.15,2186.23,219.41,0.10035998042291981
2024-08-12,2024,8,North America,Office Supplies,Binders,Consumer,2,0.2,76.48,-2.74,-0.03582635983263598
2022-04-19,2022,4,Europe,Technology,Accessories,Consumer,5,0.0,2981.04,864.42,0.2899726270026568
2021-02-09,2021,2,Europe,Office Supplies,Storage,Consumer,5,0.0,107.8,20.04,0.18589981447124304
2022-02-20,2022,2,Asia Pacific,Technology,Copiers,Consumer,4,0.2,1792.86,231.44,0.12908983411978628
2024-09-20,2024,9,Asia Pacific,Office Supplies,Binders,Corporate,3,0.0,107.9,20.46,0.1896200185356812
2022-11-19,2022,11,Middle East & Africa,Technology,Copiers,Consumer,3,0.3,2360.54,-68.04,-0.028823913172409708
2024-08-17,2024,8,Asia Pacific,Office Supplies,Paper,Consumer,1,0.0,56.47,9.59,0.1698246856738091
2022-07-04,2022,7,Europe,Office Supplies,Binders,Home Office,3,0.5,123.53,-24.57,-0.19889905286165305
2023-10-24,2023,10,Asia Pacific,Office Supplies,Storage,Consumer,5,0.15,384.85,41.79,0.10858776146550603
2022-09-03,2022,9,Europe,Technology,Phones,Home Office,1,0.2,668.5,51.6,0.07718773373223635
2023-08-18,2023,8,Asia Pacific,Office Supplies,Paper,Consumer,4,0.1,253.48,28.26,0.1114880858450371
2023-10-03,2023,10,Asia Pacific,Office Supplies,Paper,Corporate,2,0.15,115.97,7.01,0.06044666724152798
2023-08-06,2023,8,Asia Pacific,Office Supplies,Art,Consumer,2,0.3,110.25,-17.16,-0.15564625850340136
2022-04-01,2022,4,North America,Office Supplies,Art,Consumer,2,0.15,124.8,18.11,0.1451121794871795
2024-06-26,2024,6,Europe,Office Supplies,Paper,Corporate,2,0.0,233.97,47.92,0.20481258280976194
2022-02-16,2022,2,North America,Technology,Phones,Consumer,3,0.15,1391.39,299.05,0.21492895593615016
2022-12-28,2022,12,Asia Pacific,Office Supplies,Paper,Consumer,1,0.5,125.12,-29.92,-0.2391304347826087
2023-04-22,2023,4,Europe,Furniture,Chairs,Corporate,5,0.1,1917.61,81.49,0.04249560651018716
2022-07-31,2022,7,North America,Furniture,Chairs,Consumer,3,0.4,940.98,-310.28,-0.3297413335033688
2022-03-25,2022,3,North America,Office Supplies,Art,Consumer,3,0.15,212.15,2.3,0.010841385811925524
2021-04-25,2021,4,Latin America,Office Supplies,Binders,Home Office,2,0.4,63.19,-9.44,-0.14939072638075646
2021-01-07,2021,1,Latin America,Technology,Copiers,Corporate,5,0.1,1517.65,243.53,0.160465192896913
2024-08-26,2024,8,Europe,Office Supplies,Art,Consumer,2,0.0,93.62,20.32,0.21704763939329202
2021-03-09,2021,3,Latin America,Office Supplies,Paper,Consumer,2,0.0,127.55,6.54,0.05127401019208154
2022-04-24,2022,4,Middle East & Africa,Technology,Copiers,Consumer,3,0.0,1221.81,377.23,0.30874685916795575
2024-02-21,2024,2,Latin America,Furniture,Furnishings,Consumer,1,0.1,188.92,5.31,0.028107135295363118
2024-04-09,2024,4,North America,Office Supplies,Binders,Corporate,3,0.1,179.14,8.91,0.04973763536898516
2022-11-13,2022,11,North America,Furniture,Tables,Consumer,5,0.4,2273.64,-632.46,-0.2781706866522405
2022-07-24,2022,7,North America,Office Supplies,Binders,Consumer,5,0.0,281.17,41.48,0.14752640751146992
2021-07-23,2021,7,Asia Pacific,Technology,Phones,Consumer,4,0.0,1671.27,453.57,0.27139241415211185
2022-07-30,2022,7,Asia Pacific,Office Supplies,Art,Consumer,4,0.0,432.92,52.41,0.12106162801441374
2023-06-05,2023,6,Europe,Office Supplies,Paper,Corporate,6,0.15,392.44,23.18,0.05906635409234533
2022-05-06,2022,5,Asia Pacific,Furniture,Furnishings,Home Office,4,0.1,1196.35,54.97,0.04594809211351193
2024-01-12,2024,1,Europe,Technology,Accessories,Corporate,2,0.0,1051.66,303.31,0.28841070307894184
2024-01-01,2024,1,North America,Office Supplies,Binders,Corporate,2,0.2,111.15,1.45,0.013045434098065675
2021-04-27,2021,4,Asia Pacific,Furniture,Bookcases,Consumer,2,0.0,686.65,125.89,0.18333940144178257
2022-03-22,2022,3,North America,Office Supplies,Paper,Consumer,5,0.0,292.17,66.64,0.22808638806174486
2021-09-08,2021,9,North America,Furniture,Chairs,Home Office,3,0.0,980.05,27.87,0.02843732462629458
2022-09-07,2022,9,North America,Office Supplies,Storage,Consumer,5,0.5,198.75,-59.51,-0.29942138364779874
2024-01-28,2024,1,Europe,Office Supplies,Paper,Consumer,2,0.0,89.52,11.43,0.12768096514745308
2021-06-15,2021,6,Latin America,Furniture,Chairs,Consumer,2,0.1,345.0,23.45,0.06797101449275363
2024-03-18,2024,3,Asia Pacific,Furniture,Tables,Consumer,1,0.2,358.87,-35.51,-0.09894948031320533
2022-05-21,2022,5,Latin America,Office Supplies,Art,Consumer,4,0.5,120.04,-24.7,-0.20576474508497167
2022-02-27,2022,2,Asia Pacific,Technology,Copiers,Corporate,3,0.1,1118.08,181.45,0.16228713508872353
2022-11-23,2022,11,Europe,Furniture,Bookcases,Corporate,3,0.15,1858.74,-96.98,-0.0521751293887257
2023-02-12,2023,2,Latin America,Office Supplies,Binders,Consumer,4,0.4,224.08,-48.19,-0.2150571224562656
2021-03-10,2021,3,Europe,Office Supplies,Art,Corporate,3,0.0,171.75,34.18,0.19901018922852984
2024-04-10,2024,4,North America,Office Supplies,Art,Corporate,4,0.3,411.7,-48.53,-0.11787709497206704
2021-05-26,2021,5,Latin America,Office Supplies,Art,Consumer,2,0.0,120.25,29.5,0.24532224532224534
2022-02-05,2022,2,Europe,Furniture,Tables,Corporate,4,0.1,974.94,33.71,0.034576486758159476
2023-07-18,2023,7,Latin America,Office Supplies,Storage,Consumer,3,0.1,160.01,11.84,0.07399537528904444
2024-11-07,2024,11,North America,Office Supplies,Storage,Corporate,4,0.1,320.45,19.05,0.059447651739740995
2022-02-08,2022,2,Asia Pacific,Technology,Phones,Consumer,4,0.3,1261.39,38.78,0.03074386193009299
2023-03-25,2023,3,Asia Pacific,Furniture,Bookcases,Home Office,1,0.0,228.2,24.94,0.10929009640666083
2024-02-07,2024,2,Europe,Office Supplies,Storage,Home Office,5,0.0,238.63,47.07,0.19725097431169594
2023-05-17,2023,5,Europe,Office Supplies,Binders,Corporate,2,0.2,96.92,-6.05,-0.062422616591002886
2024-10-19,2024,10,North America,Technology,Copiers,Corporate,3,0.0,1790.71,458.55,0.25607161405252665
2021-04-28,2021,4,Europe,Office Supplies,Storage,Corporate,1,0.3,43.39,-2.57,-0.05923023738188522
2022-01-07,2022,1,North America,Technology,Phones,Home Office,1,0.15,510.51,38.74,0.07588489941431119
2023-08-26,2023,8,Asia Pacific,Technology,Accessories,Consumer,1,0.1,528.67,126.47,0.23922295571906863
2024-11-23,2024,11,Asia Pacific,Technology,Accessories,Consumer,2,0.0,1287.1,344.68,0.2677958200606014
2023-05-06,2023,5,Asia Pacific,Office Supplies,Paper,Home Office,1,0.4,46.45,-7.04,-0.15156081808396124
2023-04-24,2023,4,North America,Technology,Copiers,Consumer,5,0.2,3560.71,238.36,0.0669417054463857
2021-04-28,2021,4,North America,Furniture,Bookcases,Home Office,1,0.0,667.24,100.99,0.15135483484203585
2024-08-09,2024,8,Asia Pacific,Office Supplies,Art,Corporate,1,0.15,65.13,1.65,0.025333947489636112
2022-10-30,2022,10,North America,Furniture,Bookcases,Consumer,6,0.2,3043.99,-166.62,-0.054737367731168635
2021-07-29,2021,7,North America,Technology,Phones,Corporate,1,0.0,394.59,90.61,0.22963075597455587
2024-04-29,2024,4,Europe,Technology,Copiers,Corporate,2,0.5,1000.31,-160.64,-0.16059021703271986
2024-12-26,2024,12,Europe,Office Supplies,Storage,Consumer,9,0.3,1022.91,-21.62,-0.02113577929632128
2021-06-04,2021,6,North America,Furniture,Tables,Corporate,4,0.1,1398.8,19.02,0.013597369173577352
2024-07-28,2024,7,North America,Office Supplies,Paper,Corporate,4,0.1,219.87,-0.94,-0.004275253558921181
2024-01-08,2024,1,Asia Pacific,Furniture,Bookcases,Consumer,3,0.0,520.58,73.25,0.14070844058550078
2021-04-25,2021,4,Europe,Office Supplies,Binders,Consumer,5,0.0,269.49,54.49,0.20219674199413706
2021-02-22,2021,2,North America,Office Supplies,Art,Consumer,3,0.3,190.75,-1.64,-0.008597640891218873
2024-01-09,2024,1,Latin America,Furniture,Furnishings,Corporate,1,0.15,271.86,-6.5,-0.023909365114397115
2023-05-24,2023,5,Europe,Furniture,Chairs,Consumer,2,0.1,351.24,3.33,0.009480696959344038
2024-01-22,2024,1,North America,Office Supplies,Storage,Consumer,6,0.15,454.63,45.5,0.10008138486241559
2024-10-26,2024,10,North America,Furniture,Tables,Consumer,5,0.1,1177.74,44.7,0.037954047582658315
2024-06-15,2024,6,Europe,Furniture,Bookcases,Home Office,6,0.1,2169.83,5.08,0.002341197236649876
2022-09-04,2022,9,North America,Furniture,Furnishings,Consumer,1,0.2,311.38,-15.92,-0.05112724002826129
2023-09-02,2023,9,Europe,Office Supplies,Storage,Consumer,2,0.2,100.91,8.42,0.08344068972351601
2023-06-13,2023,6,Asia Pacific,Office Supplies,Storage,Consumer,1,0.1,124.86,19.34,0.15489348069838219
2024-08-30,2024,8,North America,Furniture,Tables,Corporate,2,0.1,448.29,52.96,0.11813781257668027
2023-11-24,2023,11,North America,Technology,Laptops,Consumer,3,0.0,2213.54,581.51,0.26270589191973037
2023-05-26,2023,5,Latin America,Office Supplies,Storage,Corporate,1,0.3,83.1,-1.7,-0.02045728038507822
2023-05-20,2023,5,Asia Pacific,Office Supplies,Storage,Home Office,2,0.15,141.51,0.74,0.005229312416083669
2022-05-14,2022,5,Europe,Office Supplies,Art,Consumer,5,0.5,184.89,-52.1,-0.2817891719400725
2021-10-20,2021,10,Latin America,Furniture,Bookcases,Consumer,2,0.0,472.49,51.64,0.10929331837710851
2022-03-23,2022,3,North America,Office Supplies,Binders,Home Office,1,0.2,71.93,2.25,0.03128041151119143
2023-09-16,2023,9,North America,Office Supplies,Paper,Consumer,8,0.3,480.54,-54.32,-0.11303949723228035
2024-08-13,2024,8,Latin America,Office Supplies,Binders,Consumer,3,0.5,280.79,-52.6,-0.18732860856868122
2021-06-14,2021,6,Europe,Furniture,Chairs,Consumer,2,0.15,296.3,-17.4,-0.05872426594667566
2021-12-06,2021,12,North America,Technology,Phones,Corporate,1,0.0,497.88,111.32,0.22358801317586566
2023-10-27,2023,10,Asia Pacific,Office Supplies,Binders,Consumer,3,0.3,209.51,-16.13,-0.07698916519497875
2022-09-24,2022,9,North America,Furniture,Furnishings,Consumer,5,0.0,1006.03,161.28,0.16031331073626034
2022-01-12,2022,1,Europe,Technology,Accessories,Corporate,3,0.1,1526.89,305.58,0.20013229505727326
2024-09-26,2024,9,Asia Pacific,Furniture,Bookcases,Corporate,5,0.0,1768.96,126.24,0.07136396526772792
2021-11-17,2021,11,North America,Office Supplies,Art,Corporate,2,0.2,361.05,9.85,0.02728153995291511
2024-05-01,2024,5,Asia Pacific,Technology,Copiers,Consumer,5,0.0,5827.41,1373.11,0.23562955069233157
2022-12-01,2022,12,Asia Pacific,Technology,Accessories,Consumer,6,0.0,3036.38,768.42,0.25307109123364
2023-09-21,2023,9,Europe,Technology,Laptops,Consumer,3,0.2,1747.27,199.96,0.11444138570455625
2022-01-31,2022,1,Asia Pacific,Technology,Laptops,Consumer,2,0.15,1004.12,206.96,0.20611082340756084
2022-10-26,2022,10,Latin America,Technology,Laptops,Corporate,3,0.0,1700.17,299.26,0.1760176923484122
2024-04-25,2024,4,Asia Pacific,Furniture,Tables,Corporate,5,0.1,2863.91,122.67,0.042833049921261496
2024-11-17,2024,11,Europe,Office Supplies,Binders,Home Office,3,0.3,424.45,-54.76,-0.12901401814112382
2021-10-26,2021,10,North America,Technology,Copiers,Consumer,3,0.15,1145.42,236.74,0.20668401110509682
2022-12-31,2022,12,Asia Pacific,Technology,Phones,Home Office,4,0.4,3069.07,-429.42,-0.1399186072653931
2024-11-26,2024,11,Latin America,Furniture,Furnishings,Consumer,3,0.15,874.13,-52.33,-0.0598652374360793
2022-07-07,2022,7,Europe,Technology,Copiers,Consumer,4,0.1,1848.42,323.39,0.17495482628406964
2021-06-18,2021,6,Europe,Office Supplies,Art,Consumer,2,0.0,138.6,32.67,0.23571428571428574
2023-09-03,2023,9,Asia Pacific,Technology,Phones,Consumer,2,0.1,1231.48,13.42,0.010897456718744924
2024-09-02,2024,9,Europe,Office Supplies,Paper,Corporate,4,0.1,247.29,0.52,0.0021027942901047357
2023-01-05,2023,1,Middle East & Africa,Technology,Phones,Corporate,1,0.1,463.68,53.38,0.11512249827467219
2023-03-10,2023,3,Asia Pacific,Office Supplies,Art,Consumer,2,0.0,88.44,16.5,0.1865671641791045
2023-12-14,2023,12,Latin America,Office Supplies,Paper,Consumer,5,0.1,633.61,29.36,0.04633765249917141
2022-03-08,2022,3,Latin America,Furniture,Furnishings,Home Office,3,0.15,533.64,-71.45,-0.1338917622367139
2022-12-09,2022,12,North America,Office Supplies,Binders,Corporate,2,0.0,113.03,29.47,0.2607272405556047
2024-09-30,2024,9,Middle East & Africa,Technology,Phones,Consumer,3,0.2,1346.48,26.53,0.01970322618976888
2022-02-20,2022,2,Europe,Office Supplies,Binders,Consumer,3,0.0,210.43,41.21,0.19583709547117806
2021-09-27,2021,9,North America,Furniture,Furnishings,Consumer,5,0.15,1364.01,61.99,0.04544688088797003
2021-09-10,2021,9,North America,Technology,Accessories,Corporate,4,0.2,1090.26,192.06,0.17615981508997855
2023-10-25,2023,10,Latin America,Office Supplies,Storage,Corporate,5,0.2,193.72,-5.77,-0.029785257072062768
2022-02-14,2022,2,Europe,Technology,Copiers,Consumer,1,0.1,368.82,59.01,0.15999674638034814
2024-11-06,2024,11,North America,Office Supplies,Binders,Corporate,1,0.3,101.15,-10.1,-0.09985170538803756
2022-10-15,2022,10,Asia Pacific,Office Supplies,Art,Corporate,2,0.15,101.28,11.14,0.10999210110584519
2023-10-10,2023,10,North America,Furniture,Chairs,Corporate,4,0.2,1062.77,-20.11,-0.01892225034579448
2024-05-07,2024,5,North America,Technology,Copiers,Consumer,5,0.3,3449.83,45.18,0.013096297498717328
2023-04-05,2023,4,North America,Furniture,Chairs,Corporate,5,0.1,1424.41,91.07,0.06393524336391909
2021-01-10,2021,1,Europe,Office Supplies,Storage,Corporate,3,0.0,234.16,39.13,0.1671079603689785
2024-03-27,2024,3,North America,Technology,Laptops,Consumer,2,0.1,1387.15,204.63,0.14751829290271418
2023-12-11,2023,12,Asia Pacific,Office Supplies,Binders,Consumer,2,0.1,262.33,8.66,0.03301185529676362
2022-02-06,2022,2,Middle East & Africa,Technology,Accessories,Corporate,3,0.2,1008.44,133.05,0.1319364563087541
2022-11-20,2022,11,Asia Pacific,Technology,Accessories,Home Office,4,0.3,2281.08,108.01,0.04735037789117436
2024-09-30,2024,9,Middle East & Africa,Furniture,Furnishings,Consumer,3,0.15,1040.82,-30.48,-0.029284602524932268
2024-09-13,2024,9,Europe,Office Supplies,Storage,Consumer,1,0.0,65.71,12.57,0.19129508446203017
2022-12-20,2022,12,Europe,Technology,Accessories,Consumer,3,0.1,1635.08,341.95,0.20913349805514103
2024-06-06,2024,6,Latin America,Technology,Laptops,Consumer,5,0.15,6229.52,847.65,0.13606987376234445
2021-09-10,2021,9,Europe,Office Supplies,Storage,Consumer,3,0.2,131.08,3.55,0.027082697589258464
2024-04-06,2024,4,Europe,Office Supplies,Paper,Consumer,2,0.4,168.27,-34.41,-0.20449277946157957
2023-04-18,2023,4,Europe,Office Supplies,Paper,Corporate,3,0.4,150.25,-19.05,-0.12678868552412645
2024-04-01,2024,4,Asia Pacific,Office Supplies,Paper,Consumer,2,0.15,183.96,4.97,0.027016742770167426
2023-02-22,2023,2,Asia Pacific,Technology,Copiers,Corporate,4,0.0,1477.01,496.88,0.33640936757367923
2024-06-30,2024,6,Europe,Office Supplies,Storage,Corporate,1,0.1,81.13,9.39,0.1157401700973746
2021-12-22,2021,12,Europe,Technology,Copiers,Consumer,3,0.0,1763.21,470.19,0.26666704476494574
2022-12-13,2022,12,Europe,Furniture,Tables,Corporate,3,0.2,724.91,-59.83,-0.08253438357865114
2023-09-13,2023,9,Latin America,Technology,Phones,Home Office,1,0.2,271.78,8.54,0.03142247405990139
2023-11-13,2023,11,North America,Furniture,Tables,Corporate,1,0.1,555.17,12.36,0.022263450834879406
2024-11-04,2024,11,North America,Office Supplies,Art,Home Office,4,0.3,329.56,-10.56,-0.03204272363150868
2021-03-01,2021,3,North America,Office Supplies,Paper,Corporate,3,0.0,87.78,17.85,0.20334928229665072
2021-04-01,2021,4,Europe,Office Supplies,Binders,Corporate,5,0.0,236.26,65.23,0.27609413358164736
2021-03-11,2021,3,Asia Pacific,Furniture,Tables,Corporate,1,0.1,232.44,-23.3,-0.1002409223885734
2021-11-21,2021,11,North America,Technology,Copiers,Consumer,3,0.15,2392.02,515.72,0.21560020401167215
2022-02-14,2022,2,North America,Office Supplies,Binders,Consumer,5,0.5,151.23,-39.52,-0.2613238114130795
2021-02-18,2021,2,Asia Pacific,Furniture,Tables,Corporate,2,0.0,568.87,43.34,0.07618612336737744
2021-02-15,2021,2,Europe,Office Supplies,Storage,Consumer,2,0.4,66.46,-4.74,-0.07132109539572676
2024-05-12,2024,5,Europe,Furniture,Chairs,Consumer,4,0.0,2227.66,481.06,0.215948573839814
2024-04-19,2024,4,North America,Office Supplies,Art,Consumer,4,0.15,269.13,40.94,0.15211979340839
2023-07-15,2023,7,North America,Office Supplies,Binders,Corporate,2,0.0,429.98,76.15,0.1771012605237453
2021-05-27,2021,5,Middle East & Africa,Office Supplies,Paper,Corporate,2,0.2,71.35,-0.87,-0.012193412754029433
2022-04-06,2022,4,Europe,Technology,Accessories,Corporate,2,0.15,390.42,69.97,0.17921725321448695
2023-06-24,2023,6,Asia Pacific,Furniture,Tables,Home Office,3,0.0,1977.48,123.96,0.06268584258753565
2024-02-24,2024,2,Europe,Office Supplies,Binders,Consumer,3,0.15,174.34,5.93,0.03401399564070207
2023-02-05,2023,2,Europe,Technology,Copiers,Consumer,1,0.1,368.5,54.39,0.14759837177747626
2021-09-14,2021,9,Asia Pacific,Furniture,Tables,Home Office,2,0.0,364.89,78.37,0.2147770560990984
2021-01-28,2021,1,Europe,Furniture,Furnishings,Corporate,1,0.0,292.66,41.65,0.14231531469965145
2022-05-16,2022,5,Europe,Office Supplies,Binders,Home Office,1,0.15,47.69,1.7,0.03564688613965192
2022-01-23,2022,1,Europe,Office Supplies,Binders,Consumer,4,0.0,103.39,26.84,0.25959957442692716
2022-08-23,2022,8,Europe,Technology,Accessories,Corporate,2,0.4,414.25,-40.41,-0.09754978877489438
2024-03-11,2024,3,Latin America,Office Supplies,Paper,Home Office,4,0.1,283.1,43.76,0.15457435535146588
2022-12-18,2022,12,Latin America,Technology,Phones,Home Office,2,0.1,1334.33,60.08,0.04502634280875046
2023-01-07,2023,1,Latin America,Office Supplies,Art,Corporate,2,0.3,171.61,-29.8,-0.17364955422178194
2021-11-08,2021,11,Asia Pacific,Furniture,Chairs,Consumer,3,0.4,1280.01,-388.0,-0.30312263185443866
2023-02-11,2023,2,North America,Office Supplies,Binders,Home Office,2,0.3,110.65,-13.82,-0.12489832806145504
2023-12-02,2023,12,North America,Office Supplies,Storage,Consumer,8,0.3,620.51,-94.96,-0.1530354063592851
2023-07-07,2023,7,Europe,Office Supplies,Art,Consumer,3,0.1,244.36,29.92,0.12244229824848583
2022-05-05,2022,5,Middle East & Africa,Furniture,Chairs,Consumer,6,0.15,1063.8,-38.13,-0.03584320360970108
2023-05-04,2023,5,Europe,Office Supplies,Paper,Corporate,2,0.15,124.96,4.51,0.03609154929577465
2022-06-29,2022,6,Asia Pacific,Technology,Laptops,Consumer,6,0.1,2972.16,844.25,0.2840526754952627
2021-07-27,2021,7,Asia Pacific,Furniture,Chairs,Consumer,1,0.1,302.74,8.15,0.02692079011693202
2023-11-15,2023,11,Asia Pacific,Technology,Accessories,Consumer,4,0.0,1818.72,613.21,0.3371656989531099
2023-01-17,2023,1,North America,Office Supplies,Art,Consumer,2,0.15,190.72,8.69,0.045564177852348994
2021-06-18,2021,6,Asia Pacific,Furniture,Tables,Corporate,6,0.15,1680.75,-66.51,-0.03957161981258367
2023-07-08,2023,7,Europe,Office Supplies,Binders,Consumer,2,0.0,153.28,44.17,0.28816544885177453
2024-05-09,2024,5,Asia Pacific,Office Supplies,Paper,Consumer,2,0.2,186.64,10.91,0.058454779254179176
2024-02-23,2024,2,North America,Office Supplies,Storage,Corporate,3,0.3,264.68,-7.68,-0.02901617047000151
2024-05-15,2024,5,Asia Pacific,Technology,Accessories,Home Office,5,0.15,6009.28,1052.67,0.1751740641141701
2022-06-26,2022,6,Asia Pacific,Office Supplies,Binders,Corporate,3,0.0,216.69,51.66,0.23840509483594075
2023-01-17,2023,1,Europe,Office Supplies,Art,Consumer,2,0.2,244.47,9.3,0.03804147748189962
2021-12-05,2021,12,Europe,Office Supplies,Storage,Consumer,1,0.15,47.05,1.45,0.030818278427205102
2021-06-14,2021,6,North America,Office Supplies,Paper,Consumer,3,0.0,212.46,42.97,0.20224983526310833
2023-12-08,2023,12,Europe,Office Supplies,Storage,Corporate,2,0.0,257.61,51.88,0.20138969760490663
2022-06-24,2022,6,Europe,Technology,Copiers,Consumer,4,0.2,1513.17,231.8,0.1531883397106736
2024-06-26,2024,6,Europe,Office Supplies,Storage,Consumer,2,0.0,183.94,23.61,0.12835707295857346
2023-03-22,2023,3,Asia Pacific,Office Supplies,Binders,Corporate,6,0.2,497.95,38.41,0.07713625866050808
2022-11-16,2022,11,Europe,Furniture,Furnishings,Consumer,3,0.2,1318.27,-14.32,-0.010862721597244874
2024-11-05,2024,11,North America,Furniture,Bookcases,Home Office,1,0.0,594.97,90.62,0.15231020051431166
2022-04-26,2022,4,North America,Technology,Phones,Corporate,3,0.0,2105.42,591.93,0.28114580463755445
2023-01-13,2023,1,North America,Technology,Phones,Consumer,4,0.15,2331.09,353.61,0.15169298482684065
2023-05-24,2023,5,Europe,Office Supplies,Art,Home Office,2,0.0,113.58,14.08,0.12396548688149323
2024-04-04,2024,4,Europe,Office Supplies,Storage,Corporate,5,0.15,553.5,26.43,0.047750677506775065
2021-11-03,2021,11,Latin America,Technology,Phones,Consumer,3,0.1,755.75,137.94,0.18252067482633147
2023-04-25,2023,4,Asia Pacific,Office Supplies,Storage,Consumer,1,0.5,38.72,-8.09,-0.20893595041322313
2021-07-21,2021,7,Europe,Office Supplies,Binders,Consumer,1,0.15,137.39,20.38,0.1483368512992212
2024-12-30,2024,12,North America,Furniture,Tables,Consumer,3,0.1,1287.2,61.83,0.04803449347420758
2023-05-29,2023,5,Europe,Office Supplies,Binders,Consumer,6,0.0,416.61,99.25,0.23823239960634646
2021-02-24,2021,2,Asia Pacific,Furniture,Chairs,Home Office,2,0.1,584.47,11.07,0.018940236453539105
2021-07-14,2021,7,Europe,Office Supplies,Binders,Consumer,2,0.2,228.67,-9.88,-0.043206367254121664
2022-02-20,2022,2,North America,Technology,Phones,Consumer,6,0.0,1395.22,332.06,0.2379983085104858
2021-05-07,2021,5,Europe,Office Supplies,Storage,Consumer,3,0.15,116.13,4.46,0.03840523551192629
2022-05-09,2022,5,Asia Pacific,Office Supplies,Paper,Home Office,1,0.3,122.21,-7.59,-0.062106210621062106
2022-04-23,2022,4,North America,Office Supplies,Art,Consumer,2,0.3,116.68,-12.0,-0.10284538909838875
2023-09-14,2023,9,North America,Technology,Accessories,Home Office,4,0.0,1437.55,448.58,0.31204479844179334
2021-04-01,2021,4,Europe,Technology,Copiers,Corporate,5,0.0,1517.01,338.75,0.22330109887212346
2022-04-27,2022,4,Asia Pacific,Technology,Accessories,Home Office,3,0.1,1435.35,328.55,0.2288988748388895
2023-03-27,2023,3,Asia Pacific,Technology,Accessories,Consumer,4,0.15,1879.63,417.82,0.22228842910572824
2022-05-07,2022,5,Latin America,Furniture,Bookcases,Consumer,3,0.2,492.8,0.47,0.0009537337662337661
2022-04-18,2022,4,Asia Pacific,Technology,Laptops,Consumer,2,0.3,1163.43,7.76,0.006669932870907574
2022-05-23,2022,5,Asia Pacific,Office Supplies,Storage,Consumer,2,0.1,168.57,22.12,0.131221451029246
2024-03-05,2024,3,North America,Furniture,Furnishings,Home Office,2,0.0,552.09,76.3,0.13820210472930136
2024-01-04,2024,1,Europe,Office Supplies,Binders,Consumer,6,0.3,540.65,-20.38,-0.03769536668824563
2021-04-07,2021,4,Europe,Office Supplies,Art,Home Office,6,0.15,301.68,-3.58,-0.01186687881198621
2023-09-13,2023,9,Middle East & Africa,Furniture,Furnishings,Home Office,4,0.2,940.29,-48.17,-0.05122887619776878
2021-02-11,2021,2,Asia Pacific,Furniture,Bookcases,Corporate,7,0.0,1092.09,103.24,0.09453433325092254
2023-06-08,2023,6,Latin America,Technology,Phones,Corporate,3,0.2,2313.62,53.45,0.02310232449581176
2024-12-05,2024,12,North America,Technology,Laptops,Consumer,1,0.0,1544.36,466.2,0.30187262037348805
2024-04-25,2024,4,Europe,Technology,Accessories,Corporate,2,0.3,1065.27,110.81,0.10402057694293466
2022-08-05,2022,8,Europe,Office Supplies,Binders,Consumer,3,0.0,307.56,77.09,0.2506502796202367
2023-07-04,2023,7,North America,Office Supplies,Paper,Home Office,1,0.5,57.48,-18.28,-0.3180236604036187
2022-09-24,2022,9,North America,Office Supplies,Paper,Consumer,1,0.0,69.21,10.49,0.15156769252998123
2023-01-23,2023,1,Europe,Office Supplies,Binders,Consumer,1,0.4,56.8,-13.26,-0.2334507042253521
2021-07-21,2021,7,Asia Pacific,Technology,Copiers,Home Office,8,0.3,4193.47,76.21,0.018173493550687137
2022-06-30,2022,6,North America,Office Supplies,Binders,Consumer,4,0.1,296.24,0.67,0.002261679719146638
2021-09-13,2021,9,North America,Office Supplies,Storage,Home Office,1,0.1,85.1,12.2,0.14336075205640422
2022-02-03,2022,2,Asia Pacific,Technology,Phones,Consumer,4,0.0,1250.24,299.01,0.23916208088047095
2022-09-30,2022,9,North America,Office Supplies,Art,Consumer,4,0.3,162.28,-13.11,-0.08078629529208775
2023-05-18,2023,5,Asia Pacific,Furniture,Bookcases,Consumer,2,0.0,741.01,102.39,0.13817627292479184
2023-02-01,2023,2,Asia Pacific,Office Supplies,Binders,Home Office,1,0.3,61.96,-7.0,-0.11297611362169141
2023-05-17,2023,5,Middle East & Africa,Office Supplies,Paper,Home Office,3,0.1,162.49,7.94,0.048864545510492956
2022-12-08,2022,12,Asia Pacific,Office Supplies,Paper,Consumer,4,0.0,369.59,91.6,0.2478422035228226
2022-01-17,2022,1,Europe,Office Supplies,Binders,Consumer,4,0.3,304.8,-3.02,-0.009908136482939632
2021-06-19,2021,6,Asia Pacific,Furniture,Furnishings,Consumer,3,0.3,1048.12,-171.46,-0.16358813876273712
2021-09-13,2021,9,Asia Pacific,Office Supplies,Storage,Consumer,1,0.0,62.7,10.63,0.16953748006379585
2023-08-06,2023,8,North America,Office Supplies,Art,Corporate,3,0.1,180.54,7.42,0.04109892544588457
2022-12-20,2022,12,Europe,Furniture,Tables,Consumer,3,0.3,1565.58,-328.39,-0.20975612871906898
2023-01-04,2023,1,Europe,Office Supplies,Art,Consumer,2,0.2,178.99,7.94,0.04436002011285547
2023-05-20,2023,5,Europe,Technology,Copiers,Home Office,5,0.1,1077.88,215.18,0.19963261216461942
2023-01-25,2023,1,Middle East & Africa,Office Supplies,Storage,Consumer,1,0.2,73.96,6.12,0.08274743104380747
2021-05-11,2021,5,Europe,Furniture,Furnishings,Consumer,1,0.0,226.56,16.28,0.07185734463276837
2021-01-05,2021,1,North America,Office Supplies,Binders,Consumer,1,0.0,49.27,5.43,0.11020905216155874
2021-07-26,2021,7,North America,Technology,Phones,Corporate,2,0.3,708.86,-26.3,-0.03710182546624157
2024-04-15,2024,4,Asia Pacific,Furniture,Chairs,Home Office,3,0.2,1334.66,-19.04,-0.014265805523504111
2022-05-18,2022,5,Asia Pacific,Office Supplies,Binders,Consumer,2,0.1,93.19,5.01,0.05376113316879493
2021-08-20,2021,8,Asia Pacific,Office Supplies,Paper,Corporate,2,0.4,115.68,-20.16,-0.17427385892116182
2022-06-09,2022,6,North America,Technology,Copiers,Corporate,1,0.1,459.17,93.4,0.20341050155715748
2022-04-22,2022,4,Latin America,Technology,Laptops,Home Office,2,0.1,495.31,76.89,0.15523611475641516
2023-08-28,2023,8,Asia Pacific,Office Supplies,Paper,Consumer,3,0.2,308.18,17.51,0.05681744435070414
2021-03-10,2021,3,North America,Furniture,Chairs,Home Office,4,0.0,1591.98,-15.33,-0.009629517958768326
2023-08-27,2023,8,Europe,Furniture,Chairs,Corporate,1,0.15,506.84,-5.45,-0.010752900323573514
2022-03-07,2022,3,North America,Technology,Phones,Consumer,6,0.1,2306.52,576.3,0.24985692731907808
2024-12-22,2024,12,Middle East & Africa,Office Supplies,Storage,Corporate,3,0.3,531.24,-29.64,-0.055793991416309016
2021-11-05,2021,11,Europe,Office Supplies,Binders,Home Office,5,0.1,246.22,6.25,0.025383803102916092
2022-05-29,2022,5,North America,Office Supplies,Paper,Corporate,2,0.3,163.96,-19.4,-0.11832154183947302
2021-09-13,2021,9,North America,Office Supplies,Storage,Home Office,4,0.2,293.11,0.07,0.00023881819112278667
2021-11-27,2021,11,Europe,Furniture,Tables,Consumer,1,0.3,718.34,-115.62,-0.16095442269677313
2021-11-24,2021,11,Europe,Furniture,Bookcases,Consumer,2,0.15,606.88,-70.09,-0.11549235433693647
2024-03-16,2024,3,North America,Office Supplies,Art,Corporate,2,0.5,153.71,-31.19,-0.20291457940277144
2022-07-18,2022,7,Latin America,Office Supplies,Binders,Home Office,3,0.1,195.29,15.1,0.07732090736852885
2022-09-11,2022,9,Europe,Office Supplies,Storage,Corporate,4,0.1,105.33,19.34,0.18361340548751542
2023-10-22,2023,10,Asia Pacific,Technology,Accessories,Corporate,3,0.1,2077.87,389.53,0.18746601086689735
2024-02-07,2024,2,Europe,Office Supplies,Storage,Consumer,4,0.4,283.28,-56.62,-0.19987291725501272
2024-07-13,2024,7,Europe,Office Supplies,Storage,Consumer,1,0.0,86.69,24.39,0.2813473295651171
2021-01-20,2021,1,Middle East & Africa,Office Supplies,Art,Corporate,3,0.1,132.06,9.47,0.07170982886566712
2021-10-23,2021,10,Asia Pacific,Technology,Copiers,Corporate,7,0.15,2231.69,226.32,0.10141193445326187
2022-12-05,2022,12,Europe,Technology,Copiers,Corporate,5,0.2,5317.19,811.43,0.15260504138464115
2021-10-13,2021,10,Latin America,Office Supplies,Binders,Corporate,3,0.5,167.72,-31.88,-0.19007870259957071
2023-04-21,2023,4,Middle East & Africa,Furniture,Chairs,Consumer,2,0.2,440.67,-47.87,-0.10863004061996505
2022-04-05,2022,4,Europe,Technology,Accessories,Consumer,6,0.2,2292.36,81.55,0.03557469158421888
2023-09-09,2023,9,Europe,Technology,Phones,Corporate,2,0.4,1088.69,-178.69,-0.16413304062680836
2022-04-24,2022,4,North America,Office Supplies,Art,Corporate,2,0.1,165.69,10.33,0.06234534371416501
2024-05-30,2024,5,Latin America,Technology,Phones,Consumer,1,0.0,512.33,139.87,0.2730076317998165
2021-07-05,2021,7,Latin America,Technology,Laptops,Corporate,2,0.0,257.99,73.21,0.28377068878638706
2024-05-29,2024,5,Asia Pacific,Technology,Copiers,Consumer,3,0.2,1046.21,108.66,0.10386060160006116
2024-05-07,2024,5,Europe,Office Supplies,Paper,Corporate,1,0.1,53.15,8.21,0.15446848541862654
2024-12-17,2024,12,North America,Office Supplies,Art,Home Office,2,0.3,275.21,-53.55,-0.19457868536753753
2024-08-25,2024,8,Europe,Furniture,Bookcases,Consumer,3,0.1,1225.66,63.76,0.052020951976894075
2024-12-12,2024,12,Europe,Technology,Laptops,Consumer,4,0.0,3240.14,1041.12,0.3213194491596042
2024-07-12,2024,7,Latin America,Furniture,Furnishings,Consumer,1,0.3,384.56,-15.93,-0.04142396505096734
2023-01-14,2023,1,Asia Pacific,Office Supplies,Storage,Corporate,4,0.0,297.71,44.13,0.14823150045346145
2024-06-27,2024,6,North America,Technology,Laptops,Home Office,6,0.0,1822.54,385.83,0.21169905735950925
2022-02-22,2022,2,North America,Office Supplies,Art,Consumer,1,0.4,35.95,-5.86,-0.16300417246175242
2023-06-17,2023,6,Latin America,Office Supplies,Art,Consumer,3,0.0,201.22,26.91,0.13373422125037274
2022-03-16,2022,3,Latin America,Technology,Copiers,Home Office,4,0.15,1909.83,289.17,0.15141138216490474
2024-04-04,2024,4,Asia Pacific,Technology,Laptops,Consumer,2,0.2,861.23,64.28,0.07463743715383811
2023-06-15,2023,6,North America,Office Supplies,Art,Home Office,3,0.2,285.15,-3.05,-0.01069612484657198
2021-12-17,2021,12,Middle East & Africa,Office Supplies,Binders,Consumer,1,0.1,43.7,6.05,0.13844393592677345
2024-04-08,2024,4,Europe,Technology,Laptops,Home Office,3,0.15,3169.95,568.52,0.1793466773923879
2021-05-30,2021,5,North America,Technology,Phones,Corporate,2,0.2,1200.97,201.87,0.16808912795490313
2024-11-16,2024,11,Europe,Office Supplies,Binders,Corporate,5,0.15,189.84,19.09,0.10055836493889592
2024-03-01,2024,3,Europe,Technology,Copiers,Home Office,3,0.15,2140.96,358.41,0.167406210298184
2022-05-11,2022,5,North America,Office Supplies,Storage,Consumer,5,0.15,366.79,44.66,0.12175904468496959
2022-02-11,2022,2,Asia Pacific,Office Supplies,Art,Consumer,3,0.2,72.91,-2.61,-0.03579755863393225
2023-01-28,2023,1,Europe,Technology,Laptops,Corporate,3,0.5,1276.47,-270.7,-0.21206922215171525
2021-06-21,2021,6,Asia Pacific,Furniture,Chairs,Corporate,4,0.4,1500.81,-508.26,-0.3386571251524177
2023-05-20,2023,5,Asia Pacific,Technology,Accessories,Home Office,5,0.0,2079.1,582.71,0.2802703092684335
2021-10-17,2021,10,North America,Furniture,Bookcases,Corporate,5,0.1,1135.92,-94.93,-0.08357102612860061
2022-12-06,2022,12,Europe,Office Supplies,Binders,Consumer,4,0.15,722.21,35.61,0.04930698827210922
2023-12-17,2023,12,North America,Office Supplies,Art,Corporate,2,0.4,167.43,-37.65,-0.22487009496506
2021-12-31,2021,12,Asia Pacific,Technology,Phones,Consumer,3,0.1,2790.95,812.39,0.29108009817445674
2023-08-13,2023,8,Latin America,Office Supplies,Paper,Consumer,8,0.2,1016.51,28.24,0.027781330237774345
2022-10-12,2022,10,Asia Pacific,Office Supplies,Paper,Consumer,5,0.1,349.25,16.01,0.04584108804581246
2023-05-23,2023,5,North America,Office Supplies,Storage,Corporate,2,0.4,127.22,-21.95,-0.1725357648168527
2021-09-18,2021,9,North America,Technology,Laptops,Home Office,6,0.0,1817.88,418.39,0.23015270534908794
2023-11-14,2023,11,North America,Technology,Phones,Corporate,3,0.2,2006.67,159.26,0.07936531666890918
2022-10-11,2022,10,Asia Pacific,Office Supplies,Binders,Consumer,6,0.0,378.69,96.15,0.2539016081755526
2022-11-17,2022,11,Europe,Office Supplies,Storage,Consumer,3,0.1,324.83,35.82,0.11027306591139982
2023-08-08,2023,8,Latin America,Office Supplies,Binders,Consumer,4,0.15,316.17,36.58,0.1156972514786349
2021-07-15,2021,7,Europe,Technology,Laptops,Consumer,3,0.0,1075.99,340.1,0.3160810044703018
2022-04-17,2022,4,Europe,Technology,Accessories,Consumer,2,0.0,931.4,318.3,0.34174361176723217
2022-10-20,2022,10,Europe,Technology,Phones,Consumer,1,0.1,287.87,64.83,0.22520582207246326
2022-03-07,2022,3,Asia Pacific,Office Supplies,Paper,Consumer,2,0.15,239.7,14.06,0.058656654151022114
2023-09-03,2023,9,Asia Pacific,Office Supplies,Art,Consumer,1,0.2,70.19,-6.13,-0.08733437811654082
2023-04-26,2023,4,Asia Pacific,Furniture,Furnishings,Corporate,8,0.15,1923.95,176.0,0.09147846877517607
2021-04-24,2021,4,Europe,Office Supplies,Paper,Corporate,3,0.0,121.82,23.67,0.1943030701034313
2024-12-11,2024,12,Europe,Office Supplies,Art,Consumer,4,0.2,322.12,-17.45,-0.05417235812740593
2022-05-28,2022,5,Europe,Office Supplies,Binders,Consumer,4,0.1,265.95,26.59,0.09998119947358526
2024-02-16,2024,2,Middle East & Africa,Office Supplies,Storage,Consumer,5,0.0,445.0,66.16,0.14867415730337077
2023-12-30,2023,12,North America,Furniture,Furnishings,Corporate,3,0.1,1983.8,65.31,0.03292166549047283
2021-09-03,2021,9,Latin America,Technology,Laptops,Consumer,5,0.0,1589.81,492.86,0.3100118882130569
2021-01-25,2021,1,Europe,Technology,Copiers,Consumer,4,0.0,2345.7,697.7,0.2974378650296287
2024-05-12,2024,5,North America,Technology,Accessories,Corporate,2,0.0,1410.26,500.37,0.35480691503694356
2024-09-21,2024,9,North America,Furniture,Bookcases,Consumer,2,0.2,404.17,-10.54,-0.02607813543805824
2023-08-08,2023,8,Europe,Furniture,Furnishings,Consumer,2,0.0,555.37,45.34,0.08163926751535014
2024-06-07,2024,6,North America,Office Supplies,Art,Corporate,2,0.15,92.11,7.97,0.08652697861252849
2023-03-24,2023,3,North America,Technology,Laptops,Corporate,5,0.0,2851.2,856.5,0.3003998316498317
2023-12-17,2023,12,Asia Pacific,Office Supplies,Art,Consumer,2,0.0,150.93,32.73,0.21685549592526335
2023-04-26,2023,4,North America,Office Supplies,Binders,Consumer,4,0.0,182.43,37.94,0.2079701803431453
2021-09-10,2021,9,North America,Furniture,Chairs,Consumer,2,0.1,259.85,-19.77,-0.07608235520492591
2022-06-05,2022,6,Asia Pacific,Office Supplies,Binders,Corporate,4,0.0,220.87,38.52,0.17440123149363881
2024-03-21,2024,3,North America,Technology,Copiers,Home Office,1,0.0,537.62,89.31,0.16612105204419478
2022-08-04,2022,8,North America,Office Supplies,Paper,Consumer,3,0.15,329.02,20.1,0.06109051121512371
2021-01-12,2021,1,Europe,Office Supplies,Storage,Consumer,2,0.0,202.59,62.85,0.3102324892640308
2021-07-28,2021,7,North America,Technology,Phones,Corporate,3,0.0,1501.12,454.18,0.3025607546365381
2023-05-10,2023,5,Europe,Office Supplies,Paper,Home Office,3,0.1,177.11,27.83,0.15713398452938848
2021-11-25,2021,11,Asia Pacific,Office Supplies,Art,Corporate,2,0.0,83.22,14.22,0.170872386445566
2024-05-23,2024,5,Europe,Furniture,Furnishings,Home Office,4,0.15,2594.34,-58.82,-0.022672433065827915
2022-08-14,2022,8,Latin America,Office Supplies,Art,Corporate,4,0.0,211.45,52.79,0.24965712934499884
2021-03-06,2021,3,North America,Furniture,Tables,Corporate,1,0.0,142.96,8.63,0.06036653609401231
2021-01-27,2021,1,Europe,Furniture,Furnishings,Corporate,4,0.2,1055.95,-26.92,-0.025493631327240873
2024-08-06,2024,8,Europe,Furniture,Bookcases,Corporate,4,0.2,1517.35,-93.34,-0.0615151415296405
2022-07-05,2022,7,Europe,Technology,Accessories,Consumer,4,0.0,1960.49,499.03,0.25454350698039774
2024-01-30,2024,1,Asia Pacific,Technology,Phones,Consumer,2,0.15,935.45,133.36,0.14256240312149235
2023-11-07,2023,11,Asia Pacific,Technology,Accessories,Consumer,4,0.0,2320.47,591.18,0.2547673531655225
2021-04-27,2021,4,Latin America,Furniture,Chairs,Consumer,4,0.2,1334.3,-158.05,-0.11845162257363413
2022-03-30,2022,3,Asia Pacific,Furniture,Tables,Consumer,2,0.1,446.55,65.34,0.1463218004702721
2024-11-21,2024,11,North America,Technology,Copiers,Consumer,3,0.1,2766.35,420.19,0.1518932889909086
2024-09-19,2024,9,Europe,Office Supplies,Art,Corporate,1,0.15,56.65,1.46,0.025772285966460723
2024-10-31,2024,10,Asia Pacific,Furniture,Tables,Home Office,4,0.0,937.2,189.79,0.2025074690567648
2021-06-27,2021,6,Europe,Technology,Copiers,Consumer,3,0.0,1096.09,353.04,0.3220903392969556
2023-09-27,2023,9,North America,Technology,Copiers,Consumer,4,0.15,2037.89,476.5,0.23382027489216786
2024-11-11,2024,11,Asia Pacific,Technology,Copiers,Consumer,5,0.2,2586.44,419.83,0.1623196362567854
2022-03-27,2022,3,North America,Technology,Laptops,Consumer,1,0.2,623.59,101.94,0.16347279462467326
2021-11-27,2021,11,North America,Office Supplies,Paper,Corporate,3,0.15,311.58,1.88,0.006033763399447975
2021-07-29,2021,7,Europe,Office Supplies,Binders,Consumer,2,0.0,99.11,18.36,0.18524871355060032
2024-02-03,2024,2,North America,Technology,Copiers,Consumer,2,0.2,827.9,59.53,0.07190481942263559
2021-11-12,2021,11,Latin America,Office Supplies,Storage,Consumer,4,0.0,184.01,29.08,0.15803488940818433
2024-03-10,2024,3,Middle East & Africa,Office Supplies,Art,Corporate,1,0.3,64.25,-6.69,-0.10412451361867704
2023-12-31,2023,12,Asia Pacific,Furniture,Furnishings,Consumer,8,0.15,5102.2,-372.82,-0.07307044020226569
2024-07-25,2024,7,North America,Technology,Phones,Corporate,1,0.2,913.58,75.71,0.08287177915453489
2021-11-12,2021,11,Europe,Office Supplies,Art,Corporate,1,0.3,155.32,-10.87,-0.0699845480298738
2024-12-16,2024,12,Latin America,Furniture,Bookcases,Consumer,5,0.15,2111.52,-140.99,-0.06677180419792378
2024-01-12,2024,1,Europe,Technology,Copiers,Consumer,1,0.1,619.59,171.1,0.27615035749447214
2021-02-03,2021,2,Europe,Office Supplies,Art,Consumer,4,0.3,146.66,-10.01,-0.06825310241374608
2021-10-11,2021,10,Asia Pacific,Office Supplies,Binders,Corporate,2,0.0,107.76,19.28,0.1789161098737936
2021-09-02,2021,9,Latin America,Furniture,Bookcases,Home Office,1,0.0,325.5,31.41,0.09649769585253457
2023-09-06,2023,9,Europe,Technology,Laptops,Consumer,1,0.3,275.19,-4.13,-0.015007812783894764
2023-05-15,2023,5,Asia Pacific,Office Supplies,Storage,Corporate,8,0.0,625.33,158.57,0.25357811075752
2021-08-28,2021,8,Asia Pacific,Office Supplies,Binders,Consumer,2,0.4,75.77,-13.68,-0.18054639039197573
2022-01-21,2022,1,Europe,Office Supplies,Storage,Consumer,1,0.2,93.62,-2.78,-0.029694509720145264
2021-10-24,2021,10,North America,Office Supplies,Binders,Corporate,1,0.15,87.91,1.42,0.016152883630986235
2023-08-20,2023,8,Asia Pacific,Technology,Accessories,Corporate,6,0.15,2142.64,341.66,0.15945749169249152
2024-12-17,2024,12,North America,Office Supplies,Storage,Corporate,3,0.4,342.66,-71.45,-0.20851572987801317
2024-10-22,2024,10,Asia Pacific,Technology,Phones,Consumer,4,0.1,2463.18,446.96,0.18145649120242938
2023-11-12,2023,11,Asia Pacific,Office Supplies,Storage,Consumer,5,0.0,474.64,90.92,0.19155570537670658
2023-07-01,2023,7,Latin America,Office Supplies,Storage,Consumer,6,0.3,631.72,-73.92,-0.11701386690305832
2023-03-17,2023,3,Latin America,Technology,Accessories,Consumer,2,0.15,912.99,129.4,0.14173211097602384
2024-01-06,2024,1,Europe,Office Supplies,Binders,Corporate,1,0.4,82.49,-15.93,-0.1931143168868954
2024-11-13,2024,11,North America,Technology,Phones,Corporate,5,0.15,3081.47,389.99,0.12655972636436508
2023-03-06,2023,3,Europe,Technology,Laptops,Corporate,3,0.1,2517.73,576.8,0.22909525644131815
2022-04-10,2022,4,Asia Pacific,Technology,Copiers,Consumer,5,0.1,2440.81,469.22,0.192239461490243
2022-11-25,2022,11,Europe,Furniture,Bookcases,Corporate,2,0.0,638.14,69.63,0.10911398752624815
2023-11-08,2023,11,Asia Pacific,Office Supplies,Binders,Corporate,1,0.2,118.13,-0.56,-0.004740540082959452
2024-11-07,2024,11,Latin America,Technology,Laptops,Home Office,5,0.15,4635.1,478.55,0.10324480593730448
2023-09-13,2023,9,North America,Office Supplies,Binders,Consumer,7,0.2,436.6,3.15,0.007214841960604672
2022-04-14,2022,4,North America,Furniture,Bookcases,Home Office,5,0.1,1312.17,-39.9,-0.030407645350831063
2023-10-29,2023,10,Europe,Furniture,Bookcases,Consumer,5,0.1,818.34,-66.16,-0.0808465918811252
2022-04-03,2022,4,Europe,Furniture,Furnishings,Consumer,1,0.0,279.65,27.4,0.09797961737886644
2022-01-03,2022,1,Europe,Office Supplies,Art,Consumer,4,0.1,152.51,15.89,0.10418988918759427
2024-10-17,2024,10,Europe,Office Supplies,Art,Corporate,1,0.1,75.57,7.79,0.10308323408760091
2021-03-13,2021,3,Latin America,Office Supplies,Paper,Corporate,3,0.5,248.02,-53.01,-0.21373276348681555
2023-02-15,2023,2,North America,Office Supplies,Binders,Corporate,3,0.1,281.82,43.21,0.1533248172592435
2022-03-20,2022,3,Europe,Office Supplies,Paper,Consumer,1,0.15,37.06,0.52,0.014031300593631947
2021-04-17,2021,4,North America,Technology,Accessories,Consumer,4,0.0,1819.31,562.01,0.3089138189753258
2022-02-18,2022,2,Europe,Office Supplies,Storage,Consumer,4,0.3,177.15,-18.56,-0.10476996895286479
2023-05-01,2023,5,Middle East & Africa,Technology,Accessories,Consumer,1,0.15,773.69,129.18,0.1669660975326035
2022-07-24,2022,7,Europe,Office Supplies,Art,Corporate,5,0.15,444.55,31.78,0.07148802159487122
2022-03-26,2022,3,Asia Pacific,Office Supplies,Binders,Consumer,1,0.5,55.85,-14.03,-0.25120859444941807
2023-04-14,2023,4,Asia Pacific,Technology,Accessories,Consumer,5,0.1,2734.28,770.05,0.2816280702780988
2024-02-06,2024,2,North America,Office Supplies,Binders,Corporate,2,0.1,87.4,5.53,0.06327231121281464
2024-12-10,2024,12,North America,Office Supplies,Paper,Corporate,2,0.0,255.01,41.51,0.16277793027724402
2024-03-03,2024,3,Asia Pacific,Technology,Laptops,Consumer,4,0.15,2813.91,404.92,0.14389941398267891
2021-03-07,2021,3,Europe,Technology,Copiers,Consumer,2,0.0,694.51,238.35,0.34319160271270394
2023-02-14,2023,2,Latin America,Office Supplies,Storage,Corporate,3,0.0,220.57,35.74,0.16203472820419823
2022-09-01,2022,9,Europe,Technology,Copiers,Home Office,2,0.2,1112.84,146.46,0.13160921605981096
2023-10-21,2023,10,Asia Pacific,Furniture,Bookcases,Home Office,1,0.15,639.31,3.11,0.004864619668079649
2023-10-09,2023,10,Latin America,Furniture,Chairs,Corporate,2,0.0,469.82,40.06,0.08526669788429612
2023-07-19,2023,7,Europe,Office Supplies,Art,Corporate,4,0.3,322.96,-28.18,-0.08725538766410701
2023-06-17,2023,6,Europe,Technology,Copiers,Corporate,3,0.1,2014.91,428.11,0.21247102848266175
2023-12-03,2023,12,Latin America,Furniture,Furnishings,Consumer,2,0.1,872.44,49.52,0.05676035028196781
2022-02-27,2022,2,Europe,Technology,Phones,Corporate,5,0.5,1622.91,-112.77,-0.06948629314010019
2024-03-15,2024,3,Asia Pacific,Technology,Accessories,Home Office,3,0.15,1611.44,201.44,0.1250062056297473
2021-05-22,2021,5,North America,Technology,Copiers,Consumer,3,0.3,3134.81,167.43,0.05340993553038303
2021-07-04,2021,7,North America,Office Supplies,Storage,Home Office,5,0.15,234.2,11.01,0.047011101622544835
2021-07-05,2021,7,Latin America,Office Supplies,Binders,Consumer,1,0.15,51.13,1.82,0.03559554077840798
2023-04-27,2023,4,Europe,Office Supplies,Paper,Consumer,1,0.2,47.96,3.2,0.06672226855713094
2022-12-29,2022,12,Asia Pacific,Office Supplies,Binders,Corporate,1,0.1,47.57,6.23,0.13096489384065588
2024-04-05,2024,4,Europe,Furniture,Chairs,Corporate,6,0.0,2326.11,426.58,0.1833877159721595
2023-10-10,2023,10,Latin America,Technology,Copiers,Corporate,2,0.0,520.72,125.4,0.24082040251958825
2022-03-17,2022,3,Asia Pacific,Office Supplies,Art,Corporate,7,0.15,207.65,-2.33,-0.011220804237900313
2024-05-27,2024,5,Asia Pacific,Technology,Accessories,Consumer,3,0.1,2108.35,449.22,0.2130670903787322
2022-06-28,2022,6,Asia Pacific,Office Supplies,Paper,Consumer,2,0.1,185.8,22.28,0.11991388589881594
2022-06-27,2022,6,Europe,Office Supplies,Binders,Consumer,3,0.15,233.35,9.26,0.03968287979430041
2022-08-03,2022,8,Asia Pacific,Furniture,Chairs,Consumer,1,0.2,197.63,-19.15,-0.09689824419369529
2022-07-24,2022,7,Europe,Technology,Laptops,Home Office,3,0.3,2235.55,-116.78,-0.0522377043680526
2023-11-09,2023,11,North America,Furniture,Bookcases,Corporate,4,0.1,1664.82,38.16,0.02292139690777381
2022-05-27,2022,5,Asia Pacific,Technology,Copiers,Corporate,3,0.1,1577.53,290.49,0.18414229840319996
2024-08-03,2024,8,Asia Pacific,Technology,Phones,Consumer,3,0.1,1436.66,412.6,0.28719390809238093
2023-04-17,2023,4,Europe,Furniture,Tables,Home Office,4,0.1,2516.73,-164.34,-0.06529901896508565
2022-06-06,2022,6,Asia Pacific,Furniture,Furnishings,Corporate,1,0.0,422.48,24.99,0.059150729028593065
2021-08-28,2021,8,North America,Office Supplies,Binders,Consumer,1,0.15,64.34,4.58,0.07118433322971712
2021-10-23,2021,10,North America,Furniture,Bookcases,Consumer,2,0.3,325.35,-60.99,-0.18745965882895343
2021-09-13,2021,9,Middle East & Africa,Technology,Laptops,Home Office,5,0.1,1406.82,234.32,0.16656004321803786
2023-11-07,2023,11,Middle East & Africa,Technology,Phones,Home Office,2,0.2,980.76,152.77,0.1557669562380195
2022-01-05,2022,1,Asia Pacific,Office Supplies,Paper,Consumer,5,0.2,275.55,6.24,0.022645617855198693
2021-07-12,2021,7,North America,Office Supplies,Binders,Consumer,4,0.15,207.9,15.46,0.07436267436267437
2021-01-13,2021,1,North America,Office Supplies,Paper,Corporate,2,0.15,96.35,7.16,0.07431240269849508
2023-02-07,2023,2,Europe,Office Supplies,Paper,Corporate,2,0.0,100.84,9.94,0.09857199523998413
2024-12-24,2024,12,North America,Furniture,Furnishings,Corporate,2,0.0,1768.88,192.4,0.10876939080095879
2022-09-03,2022,9,North America,Technology,Accessories,Corporate,2,0.1,856.46,78.59,0.0917614366111669
2024-12-03,2024,12,Asia Pacific,Office Supplies,Binders,Consumer,5,0.1,455.23,22.4,0.049205895920743356
2024-09-01,2024,9,Asia Pacific,Technology,Laptops,Consumer,4,0.15,1782.65,181.69,0.10192129694555857
2021-11-04,2021,11,Asia Pacific,Office Supplies,Storage,Consumer,3,0.2,358.33,20.87,0.0582424022549047
2022-05-31,2022,5,North America,Office Supplies,Paper,Corporate,3,0.2,183.5,6.8,0.037057220708446865
2024-07-12,2024,7,Europe,Office Supplies,Binders,Corporate,1,0.15,122.97,4.15,0.03374806863462634
2024-05-30,2024,5,North America,Technology,Accessories,Home Office,2,0.2,1768.54,49.98,0.028260599138272245
2022-12-05,2022,12,North America,Technology,Laptops,Consumer,4,0.5,2095.14,-354.75,-0.16932042727454968
2022-05-14,2022,5,North America,Office Supplies,Art,Consumer,1,0.4,34.01,-4.71,-0.1384886798000588
2023-06-18,2023,6,Europe,Office Supplies,Paper,Home Office,1,0.0,34.61,8.74,0.25252817104882985
2021-06-21,2021,6,Asia Pacific,Office Supplies,Binders,Corporate,2,0.15,105.75,11.36,0.10742316784869976
2023-11-23,2023,11,North America,Furniture,Tables,Consumer,4,0.1,1156.64,124.47,0.10761343200995988
2021-12-26,2021,12,Latin America,Technology,Accessories,Consumer,4,0.15,2593.09,249.19,0.09609770582586798
2024-03-11,2024,3,Europe,Office Supplies,Paper,Consumer,1,0.3,52.98,-2.4,-0.045300113250283124
2024-02-04,2024,2,Asia Pacific,Technology,Copiers,Home Office,3,0.2,1269.83,114.73,0.09035067686225716
2022-08-22,2022,8,Europe,Furniture,Bookcases,Home Office,4,0.0,709.66,85.18,0.12002930981033172
2023-08-13,2023,8,North America,Furniture,Tables,Home Office,3,0.15,1003.48,-81.54,-0.08125722485749592
2021-11-26,2021,11,North America,Furniture,Bookcases,Consumer,6,0.3,3195.33,-245.4,-0.07679957938616669
2021-09-07,2021,9,North America,Technology,Copiers,Consumer,3,0.15,912.11,156.73,0.1718323447829757
2023-02-14,2023,2,Europe,Office Supplies,Storage,Corporate,5,0.3,170.61,-12.45,-0.07297344821522771
2021-03-03,2021,3,Asia Pacific,Furniture,Furnishings,Consumer,5,0.2,1074.85,-63.93,-0.05947806670698237
2021-02-22,2021,2,Europe,Technology,Phones,Consumer,3,0.0,741.31,201.66,0.2720319434514576
2024-11-22,2024,11,Asia Pacific,Technology,Copiers,Consumer,3,0.1,2428.55,544.72,0.22429844969220317
2022-11-08,2022,11,Europe,Furniture,Furnishings,Corporate,3,0.1,878.04,113.55,0.12932212655459888
2021-01-05,2021,1,Europe,Technology,Accessories,Consumer,2,0.15,875.42,35.04,0.0400265015649631
2024-07-24,2024,7,Latin America,Furniture,Tables,Consumer,1,0.0,657.38,82.93,0.12615230156074114
2023-08-17,2023,8,Middle East & Africa,Furniture,Tables,Consumer,4,0.2,1592.4,-26.97,-0.016936699321778447
2024-06-30,2024,6,Europe,Technology,Accessories,Consumer,7,0.2,3513.79,403.05,0.11470520435199599
2022-01-22,2022,1,North America,Office Supplies,Art,Corporate,1,0.3,114.85,-19.37,-0.16865476708750546
2024-12-22,2024,12,Europe,Office Supplies,Binders,Consumer,3,0.1,288.03,45.25,0.15710169079609765
2022-01-25,2022,1,Europe,Office Supplies,Storage,Consumer,3,0.5,199.68,-45.57,-0.22821514423076922
2023-04-18,2023,4,Middle East & Africa,Technology,Copiers,Consumer,2,0.2,854.73,102.19,0.11955822306459349
2021-02-16,2021,2,Europe,Office Supplies,Storage,Consumer,1,0.0,58.26,11.57,0.19859251630621352
2024-05-10,2024,5,Europe,Office Supplies,Storage,Consumer,1,0.0,132.33,16.94,0.12801330008312553
2023-10-31,2023,10,Europe,Office Supplies,Binders,Corporate,2,0.2,153.79,3.59,0.023343520384940503
2021-09-03,2021,9,Europe,Furniture,Bookcases,Consumer,4,0.0,1246.03,59.49,0.047743633780888105
2024-05-06,2024,5,Europe,Office Supplies,Binders,Consumer,4,0.0,218.18,49.3,0.2259602163351361
2022-06-12,2022,6,Middle East & Africa,Technology,Laptops,Corporate,1,0.1,430.5,96.2,0.22346109175377468
2024-03-18,2024,3,Europe,Office Supplies,Storage,Consumer,4,0.0,309.89,60.98,0.19677950240407888
2022-09-15,2022,9,Europe,Technology,Phones,Consumer,3,0.0,1323.89,440.34,0.3326107153917621
2023-12-27,2023,12,Europe,Office Supplies,Art,Consumer,3,0.15,425.44,15.17,0.035657201955622414
2021-08-21,2021,8,Latin America,Office Supplies,Storage,Home Office,4,0.1,234.8,38.77,0.16511925042589437
2023-07-15,2023,7,Asia Pacific,Office Supplies,Storage,Consumer,6,0.0,408.65,99.51,0.2435091153799095
2022-06-03,2022,6,Asia Pacific,Technology,Accessories,Corporate,3,0.15,1288.39,195.11,0.1514370648638999
2023-06-02,2023,6,Europe,Technology,Copiers,Consumer,4,0.0,1200.75,274.03,0.22821569852175722
2023-05-18,2023,5,Europe,Technology,Copiers,Consumer,6,0.2,3546.61,485.29,0.1368320734447825
2023-08-17,2023,8,Europe,Office Supplies,Paper,Home Office,1,0.0,89.55,23.3,0.2601898380792853
2024-01-07,2024,1,North America,Office Supplies,Binders,Consumer,4,0.1,308.53,26.94,0.08731727870871553
2023-02-17,2023,2,North America,Furniture,Furnishings,Corporate,2,0.2,534.72,-7.42,-0.013876421304608018
2022-03-02,2022,3,North America,Technology,Accessories,Corporate,1,0.5,510.9,-97.44,-0.19072225484439226
2023-09-17,2023,9,North America,Furniture,Furnishings,Corporate,3,0.1,1191.01,-14.14,-0.0118722764712303
2022-04-13,2022,4,Europe,Office Supplies,Binders,Corporate,3,0.15,112.66,0.14,0.0012426770814841118
2023-02-05,2023,2,Middle East & Africa,Furniture,Bookcases,Corporate,4,0.1,695.17,45.98,0.06614209473941626
2022-07-06,2022,7,North America,Furniture,Tables,Home Office,1,0.3,295.78,-13.13,-0.04439110149435392
2024-08-13,2024,8,Europe,Technology,Copiers,Consumer,2,0.15,1397.13,325.0,0.23261972758440516
2024-09-26,2024,9,North America,Office Supplies,Binders,Home Office,3,0.15,128.97,6.37,0.04939133131736063
2022-12-28,2022,12,North America,Office Supplies,Binders,Consumer,6,0.3,422.18,-93.36,-0.22113790326401062
2024-10-20,2024,10,Europe,Office Supplies,Storage,Home Office,2,0.0,148.27,27.91,0.18823767451271328
2021-09-27,2021,9,Europe,Office Supplies,Binders,Consumer,2,0.0,106.14,20.37,0.19191633691351045
2024-01-09,2024,1,Latin America,Furniture,Furnishings,Consumer,4,0.3,954.18,-98.65,-0.10338720157622253
2023-02-22,2023,2,Europe,Technology,Phones,Corporate,2,0.15,1273.97,150.23,0.11792271403565233
2024-03-26,2024,3,North America,Furniture,Furnishings,Consumer,3,0.5,1904.05,-684.73,-0.3596176570993409
2024-10-27,2024,10,Asia Pacific,Furniture,Tables,Consumer,3,0.1,926.03,46.27,0.049965983823418256
2024-02-08,2024,2,Asia Pacific,Furniture,Furnishings,Corporate,6,0.15,1013.06,-65.64,-0.06479379306260241
2022-12-22,2022,12,Middle East & Africa,Technology,Copiers,Corporate,2,0.2,1792.69,365.13,0.20367715555952226
2021-02-24,2021,2,Latin America,Technology,Laptops,Consumer,3,0.3,1793.83,66.16,0.036881978782827805
2021-09-01,2021,9,Asia Pacific,Office Supplies,Storage,Consumer,3,0.0,124.07,21.39,0.1724026759087612
2022-06-02,2022,6,Asia Pacific,Technology,Accessories,Corporate,5,0.15,1384.55,245.81,0.1775378281752194
2024-01-19,2024,1,Latin America,Office Supplies,Storage,Corporate,3,0.1,254.8,25.92,0.10172684458398744
2024-07-18,2024,7,North America,Office Supplies,Art,Consumer,2,0.2,137.66,0.35,0.0025424960046491357
2022-04-29,2022,4,Asia Pacific,Furniture,Tables,Consumer,4,0.4,738.41,-206.65,-0.27985807342804137
2021-04-28,2021,4,North America,Office Supplies,Storage,Consumer,2,0.1,177.71,34.76,0.19559957233695344
2021-10-15,2021,10,Europe,Furniture,Furnishings,Home Office,5,0.1,1152.19,157.25,0.13647922651645994
2021-02-01,2021,2,Asia Pacific,Furniture,Bookcases,Corporate,1,0.0,136.99,3.39,0.024746331849040074
2024-11-03,2024,11,North America,Furniture,Chairs,Consumer,5,0.5,3353.2,-1212.78,-0.3616783967553382
2023-02-02,2023,2,Latin America,Technology,Copiers,Consumer,3,0.0,846.29,219.47,0.25933190750215646
2021-05-25,2021,5,Europe,Furniture,Tables,Consumer,3,0.0,784.21,23.45,0.029902704632687672
2023-09-16,2023,9,Asia Pacific,Technology,Copiers,Corporate,3,0.1,1108.71,143.43,0.12936656113862055
2024-03-17,2024,3,North America,Office Supplies,Binders,Consumer,2,0.4,159.77,-35.08,-0.21956562558678097
2022-04-11,2022,4,North America,Technology,Laptops,Home Office,2,0.0,786.25,168.46,0.2142575516693164
2023-09-21,2023,9,Europe,Office Supplies,Art,Consumer,5,0.0,266.43,55.55,0.2084975415681417
2021-06-11,2021,6,Europe,Furniture,Chairs,Consumer,5,0.1,1159.15,-85.01,-0.07333822197299746
2023-05-01,2023,5,Middle East & Africa,Technology,Phones,Consumer,1,0.15,421.5,54.65,0.12965599051008303
2023-03-24,2023,3,Europe,Office Supplies,Binders,Consumer,6,0.1,225.02,27.08,0.12034485823482356
2022-08-15,2022,8,Asia Pacific,Office Supplies,Storage,Consumer,1,0.5,45.95,-13.58,-0.2955386289445049
2022-10-12,2022,10,North America,Technology,Phones,Home Office,5,0.15,1281.85,305.35,0.23821039903264815
2023-01-23,2023,1,North America,Office Supplies,Storage,Corporate,2,0.0,101.04,24.03,0.23782660332541566
2021-08-04,2021,8,Latin America,Office Supplies,Binders,Corporate,1,0.15,46.4,1.08,0.02327586206896552
2022-02-28,2022,2,Europe,Office Supplies,Art,Consumer,5,0.0,279.45,50.48,0.18064054392556808
2022-12-28,2022,12,Europe,Office Supplies,Paper,Home Office,6,0.1,375.49,75.19,0.2002450131827745
2022-09-25,2022,9,Middle East & Africa,Technology,Copiers,Consumer,8,0.0,5971.16,1763.52,0.2953395990058883
2024-01-18,2024,1,Latin America,Technology,Laptops,Consumer,7,0.0,1577.25,285.51,0.18101759391345695
2024-07-26,2024,7,Latin America,Office Supplies,Storage,Consumer,1,0.3,54.48,-4.57,-0.08388399412628489
2021-06-10,2021,6,North America,Technology,Laptops,Corporate,3,0.1,1125.56,255.34,0.22685596503074026
2022-05-31,2022,5,Europe,Office Supplies,Storage,Consumer,7,0.4,267.46,-39.48,-0.14761085769834742
2022-07-24,2022,7,North America,Technology,Phones,Home Office,3,0.0,1975.76,514.35,0.26033020204883184
2022-03-16,2022,3,Latin America,Office Supplies,Paper,Corporate,1,0.0,52.71,7.09,0.13450958072472016
2024-10-11,2024,10,Europe,Office Supplies,Paper,Consumer,1,0.4,84.94,-16.16,-0.1902519425476807
2021-04-13,2021,4,North America,Technology,Laptops,Corporate,3,0.3,1716.28,61.49,0.03582748735637542
2022-01-24,2022,1,North America,Office Supplies,Storage,Home Office,4,0.0,344.65,63.26,0.1835485274916582
2021-06-26,2021,6,Europe,Technology,Laptops,Consumer,2,0.4,888.96,-21.64,-0.024343052555795535
2022-10-31,2022,10,Asia Pacific,Office Supplies,Storage,Consumer,2,0.0,68.83,15.25,0.22156036611942467
2021-01-07,2021,1,North America,Technology,Accessories,Consumer,1,0.4,367.49,-15.8,-0.04299436719366513
2023-07-10,2023,7,Europe,Office Supplies,Storage,Consumer,8,0.0,701.7,89.48,0.12751888271341028
2024-02-05,2024,2,Latin America,Office Supplies,Paper,Consumer,4,0.1,251.77,45.02,0.1788139969019343
2022-09-18,2022,9,Europe,Furniture,Chairs,Home Office,1,0.2,395.62,-41.36,-0.10454476517870684
2021-08-03,2021,8,North America,Office Supplies,Binders,Consumer,1,0.5,92.23,-20.72,-0.22465575192453646
2023-02-10,2023,2,Asia Pacific,Technology,Accessories,Corporate,5,0.0,1185.77,353.57,0.29817755551245184
2023-09-22,2023,9,Asia Pacific,Office Supplies,Paper,Corporate,4,0.1,153.18,11.59,0.07566261914088
2022-10-25,2022,10,Latin America,Technology,Laptops,Consumer,1,0.1,730.67,217.09,0.29711087084456733
2021-09-15,2021,9,Asia Pacific,Technology,Phones,Corporate,3,0.0,831.09,251.06,0.3020852133944579
2022-12-15,2022,12,Latin America,Technology,Copiers,Consumer,5,0.0,2851.9,552.72,0.19380763701392054
2021-04-10,2021,4,North America,Office Supplies,Binders,Consumer,5,0.1,244.05,28.3,0.115959844294202
2022-04-11,2022,4,Latin America,Technology,Phones,Corporate,3,0.3,1606.11,-9.33,-0.005809066626818836
2021-05-03,2021,5,Asia Pacific,Office Supplies,Binders,Corporate,2,0.1,86.49,11.45,0.13238524684934674
2024-09-30,2024,9,North America,Technology,Phones,Corporate,3,0.1,1302.95,288.29,0.22125944971027284
2021-07-13,2021,7,North America,Furniture,Tables,Corporate,4,0.0,638.85,57.16,0.08947327228613915
2024-09-04,2024,9,North America,Office Supplies,Paper,Consumer,4,0.15,285.79,32.96,0.11532943769900976
2021-10-20,2021,10,North America,Office Supplies,Binders,Corporate,1,0.5,72.97,-19.11,-0.2618884473071125
2022-11-11,2022,11,Asia Pacific,Technology,Copiers,Home Office,8,0.0,5625.27,1894.62,0.3368051666853324
2021-05-02,2021,5,Asia Pacific,Technology,Phones,Consumer,2,0.1,566.65,64.43,0.11370334421600636
2024-09-01,2024,9,North America,Office Supplies,Paper,Consumer,1,0.0,59.04,10.64,0.1802168021680217
2021-11-20,2021,11,Asia Pacific,Office Supplies,Binders,Corporate,1,0.3,63.86,-3.86,-0.06044472283119323
2023-04-04,2023,4,North America,Technology,Phones,Consumer,3,0.4,1922.3,-328.53,-0.17090464547677262
2022-03-15,2022,3,Asia Pacific,Office Supplies,Binders,Consumer,3,0.15,211.78,6.02,0.02842572480876381
2024-07-25,2024,7,Latin America,Technology,Phones,Home Office,1,0.4,696.87,-14.73,-0.021137371389211762
2022-01-03,2022,1,Europe,Office Supplies,Art,Corporate,4,0.1,325.27,28.13,0.08648199956958834
2024-01-25,2024,1,Europe,Technology,Laptops,Corporate,3,0.1,1079.56,145.65,0.13491607692022678
2023-09-25,2023,9,Latin America,Technology,Copiers,Consumer,2,0.3,1035.09,15.75,0.015216068167985394
2021-05-06,2021,5,Asia Pacific,Technology,Accessories,Consumer,5,0.0,1709.33,495.08,0.28963395014420856
2021-01-19,2021,1,North America,Office Supplies,Binders,Consumer,1,0.1,75.55,9.51,0.12587690271343482
2021-08-14,2021,8,Asia Pacific,Technology,Phones,Consumer,3,0.0,940.44,278.87,0.29653141082897366
2023-08-27,2023,8,Latin America,Office Supplies,Storage,Consumer,2,0.0,158.6,35.3,0.22257250945775536
2023-06-23,2023,6,Asia Pacific,Furniture,Furnishings,Corporate,1,0.1,379.26,1.97,0.005194325792332437
2022-05-08,2022,5,Asia Pacific,Office Supplies,Binders,Consumer,4,0.4,259.98,-20.6,-0.07923686437418263
2023-11-29,2023,11,Asia Pacific,Technology,Accessories,Consumer,3,0.2,2650.85,287.07,0.1082935662146104
2024-12-19,2024,12,Asia Pacific,Furniture,Bookcases,Corporate,1,0.15,562.17,-61.29,-0.10902396072362454
2024-02-17,2024,2,Europe,Technology,Copiers,Consumer,3,0.0,1327.6,304.13,0.2290825549864417
2024-02-24,2024,2,Middle East & Africa,Technology,Accessories,Consumer,7,0.15,1633.88,401.96,0.24601561926212448
2023-10-15,2023,10,Latin America,Office Supplies,Storage,Consumer,5,0.3,266.44,-30.67,-0.1151103437922234
2022-01-13,2022,1,Europe,Technology,Accessories,Consumer,1,0.2,476.49,47.69,0.10008604587714327
2022-11-21,2022,11,Europe,Office Supplies,Paper,Consumer,2,0.1,174.73,4.07,0.023293080753162023
2024-02-29,2024,2,Middle East & Africa,Office Supplies,Storage,Home Office,3,0.15,172.6,-0.01,-5.793742757821553e-05
2022-10-27,2022,10,North America,Technology,Accessories,Consumer,3,0.3,1181.09,-2.28,-0.001930420205064813
2022-06-18,2022,6,Europe,Technology,Copiers,Corporate,2,0.3,1304.11,-28.81,-0.022091694719003765
2022-12-25,2022,12,Asia Pacific,Technology,Copiers,Consumer,6,0.1,5126.75,698.98,0.1363397864143951
2023-08-09,2023,8,North America,Furniture,Tables,Consumer,3,0.1,1533.43,36.91,0.024070221659938825
2023-06-04,2023,6,North America,Office Supplies,Storage,Corporate,1,0.0,49.3,13.59,0.27565922920892494
2023-07-03,2023,7,Asia Pacific,Office Supplies,Binders,Corporate,1,0.1,61.99,6.68,0.10775931601871269
2023-04-25,2023,4,Europe,Technology,Copiers,Corporate,1,0.4,472.49,-56.19,-0.11892315181273677
2021-12-16,2021,12,Europe,Office Supplies,Binders,Corporate,3,0.15,359.2,-2.84,-0.007906458797327393
2022-07-20,2022,7,Asia Pacific,Office Supplies,Binders,Home Office,5,0.0,432.54,101.62,0.23493780921995652
2022-10-17,2022,10,North America,Office Supplies,Storage,Corporate,1,0.0,32.85,7.96,0.24231354642313546
2024-03-24,2024,3,Europe,Technology,Accessories,Corporate,4,0.4,2685.12,-311.79,-0.11611771540936719
2024-04-09,2024,4,North America,Furniture,Bookcases,Consumer,1,0.15,608.55,-77.89,-0.12799276969846357
2022-05-19,2022,5,Europe,Office Supplies,Art,Consumer,6,0.15,424.24,17.93,0.04226381293607392
2024-06-23,2024,6,Asia Pacific,Office Supplies,Art,Corporate,4,0.4,245.55,-57.38,-0.23367949501119936
2023-08-27,2023,8,North America,Technology,Laptops,Consumer,1,0.2,360.09,48.64,0.13507734177566721
2023-01-03,2023,1,North America,Office Supplies,Binders,Consumer,5,0.4,406.57,-89.16,-0.21929802985955676
2024-03-29,2024,3,North America,Technology,Phones,Consumer,3,0.0,2642.95,765.33,0.28957415009742904
2021-06-16,2021,6,Asia Pacific,Office Supplies,Binders,Home Office,2,0.15,72.6,3.68,0.05068870523415978
2023-02-06,2023,2,Europe,Technology,Laptops,Corporate,3,0.1,994.51,172.68,0.17363324652341355
2022-02-03,2022,2,North America,Furniture,Furnishings,Home Office,4,0.2,894.45,-50.63,-0.05660461736262508
2021-08-16,2021,8,Asia Pacific,Technology,Copiers,Consumer,2,0.2,1034.72,72.02,0.06960337096025977
2022-05-30,2022,5,Asia Pacific,Furniture,Tables,Consumer,3,0.0,861.81,65.24,0.07570114062264303
2021-07-23,2021,7,Europe,Technology,Copiers,Consumer,1,0.0,864.72,244.49,0.2827389212693126
2022-10-19,2022,10,Europe,Technology,Accessories,Consumer,7,0.1,5464.07,1138.57,0.2083739776393787
2023-05-28,2023,5,North America,Technology,Laptops,Consumer,1,0.3,506.33,3.13,0.006181739181956431
2022-11-06,2022,11,North America,Office Supplies,Binders,Corporate,5,0.0,209.01,55.07,0.2634802162575953
2022-06-08,2022,6,North America,Technology,Accessories,Consumer,3,0.0,650.68,150.28,0.23095838200036886
2023-04-17,2023,4,Asia Pacific,Technology,Copiers,Corporate,2,0.0,1621.15,470.19,0.2900348518027326
2024-07-17,2024,7,Europe,Office Supplies,Paper,Consumer,5,0.1,797.93,70.94,0.08890504179564623
2024-01-26,2024,1,North America,Office Supplies,Binders,Corporate,3,0.15,372.91,17.19,0.046096913464374785
2023-05-05,2023,5,North America,Technology,Phones,Home Office,3,0.0,2780.4,591.17,0.21262048626096963
2021-04-20,2021,4,Asia Pacific,Office Supplies,Art,Consumer,3,0.15,110.36,16.52,0.1496919173613628
2024-03-25,2024,3,Latin America,Furniture,Bookcases,Consumer,5,0.15,4270.3,-438.34,-0.10264852586469334
2021-09-08,2021,9,Europe,Office Supplies,Storage,Consumer,3,0.4,229.68,-34.29,-0.14929467084639497
2024-08-25,2024,8,Asia Pacific,Technology,Copiers,Corporate,2,0.3,1647.91,95.98,0.05824347203427371
2024-01-26,2024,1,North America,Office Supplies,Storage,Consumer,3,0.15,271.19,23.31,0.08595449684722888
2021-01-28,2021,1,Middle East & Africa,Technology,Accessories,Consumer,5,0.0,2061.31,598.13,0.2901698434490688
2022-11-21,2022,11,Latin America,Furniture,Furnishings,Consumer,2,0.3,1461.8,-96.42,-0.06595977561909974
2024-09-05,2024,9,Asia Pacific,Furniture,Furnishings,Home Office,3,0.0,1684.04,58.31,0.03462506828816418
2024-05-29,2024,5,Latin America,Technology,Laptops,Home Office,3,0.15,1406.45,148.42,0.1055281026698425
2024-04-12,2024,4,Asia Pacific,Office Supplies,Paper,Consumer,3,0.2,290.0,3.91,0.013482758620689655
2022-04-05,2022,4,North America,Office Supplies,Storage,Consumer,4,0.0,197.53,19.23,0.09735230091631651
2022-11-20,2022,11,Latin America,Furniture,Chairs,Consumer,1,0.0,522.77,29.36,0.056162365858790676
2023-05-05,2023,5,Europe,Office Supplies,Binders,Home Office,3,0.0,317.38,73.68,0.23215073413573636
2023-01-31,2023,1,North America,Technology,Accessories,Consumer,1,0.4,457.54,-22.51,-0.04919788433798138
2024-05-02,2024,5,North America,Furniture,Furnishings,Corporate,3,0.15,2532.71,-146.96,-0.05802480347138046
2024-02-14,2024,2,Asia Pacific,Technology,Laptops,Corporate,3,0.2,2486.14,365.43,0.14698689534780826
2021-09-26,2021,9,North America,Furniture,Tables,Home Office,7,0.0,1503.29,126.25,0.08398246512648924
2022-08-09,2022,8,North America,Furniture,Bookcases,Consumer,1,0.1,329.04,39.28,0.11937758327255045
2023-11-23,2023,11,Europe,Office Supplies,Binders,Home Office,3,0.15,340.51,19.47,0.05717893747613873
2023-11-16,2023,11,Latin America,Office Supplies,Storage,Corporate,1,0.0,57.62,12.71,0.22058313085734121
2021-10-19,2021,10,Europe,Furniture,Tables,Consumer,3,0.4,1159.59,-170.44,-0.14698298536551713
2023-07-14,2023,7,North America,Furniture,Chairs,Consumer,7,0.2,2353.48,-315.87,-0.13421401499056715
2024-04-14,2024,4,Asia Pacific,Furniture,Tables,Home Office,3,0.0,846.03,8.39,0.009916906019881093
2023-08-08,2023,8,Asia Pacific,Furniture,Chairs,Corporate,4,0.1,898.22,20.48,0.02280065017479014
2024-12-26,2024,12,Asia Pacific,Office Supplies,Paper,Corporate,3,0.0,334.89,51.39,0.15345337274926096
2024-06-08,2024,6,North America,Office Supplies,Art,Corporate,2,0.15,96.88,13.88,0.14327002477291495
2022-08-03,2022,8,Latin America,Technology,Copiers,Consumer,4,0.0,2440.91,1057.05,0.4330557046347469
2023-10-21,2023,10,Asia Pacific,Office Supplies,Storage,Corporate,2,0.15,126.62,0.96,0.007581740641288895
2021-02-21,2021,2,Asia Pacific,Office Supplies,Paper,Corporate,2,0.0,82.0,13.29,0.1620731707317073
2024-02-04,2024,2,Asia Pacific,Office Supplies,Storage,Home Office,4,0.0,263.41,50.87,0.19312099009149233
2021-11-14,2021,11,North America,Technology,Laptops,Home Office,1,0.5,339.98,-81.2,-0.2388375786810989
2023-01-17,2023,1,North America,Furniture,Bookcases,Corporate,5,0.15,1535.92,-53.35,-0.034734882025105475
2023-02-08,2023,2,Europe,Technology,Accessories,Corporate,4,0.1,1524.67,251.42,0.16490125732125638
2023-09-06,2023,9,Middle East & Africa,Office Supplies,Art,Consumer,5,0.0,264.0,54.47,0.20632575757575758
2024-03-03,2024,3,Asia Pacific,Technology,Laptops,Consumer,6,0.2,4629.68,681.5,0.14720239843790497
2023-08-08,2023,8,Asia Pacific,Technology,Laptops,Consumer,3,0.0,1169.19,277.93,0.2377115781010785
2023-08-10,2023,8,North America,Technology,Laptops,Consumer,4,0.1,1863.08,372.01,0.19967473216394357
2021-03-29,2021,3,Europe,Office Supplies,Storage,Corporate,4,0.15,137.75,11.79,0.08558983666061705
2023-11-04,2023,11,Asia Pacific,Technology,Accessories,Consumer,2,0.5,1049.86,-214.39,-0.20420818013830416
2024-10-30,2024,10,Latin America,Technology,Laptops,Corporate,4,0.4,2801.12,-213.63,-0.07626592220254755
2023-09-23,2023,9,North America,Office Supplies,Binders,Consumer,2,0.3,125.55,-18.91,-0.1506172839506173
2023-05-30,2023,5,Asia Pacific,Technology,Accessories,Corporate,2,0.1,511.17,95.53,0.18688498933818495
2021-10-28,2021,10,North America,Furniture,Chairs,Consumer,5,0.3,1067.57,-178.63,-0.16732392255308787
2024-04-10,2024,4,Europe,Furniture,Bookcases,Consumer,2,0.3,851.71,-140.05,-0.16443390355872303
2024-09-22,2024,9,North America,Office Supplies,Art,Consumer,4,0.2,309.37,14.82,0.04790380450593141
2022-05-21,2022,5,Asia Pacific,Furniture,Chairs,Corporate,5,0.15,1615.63,-206.85,-0.12803055154955031
2021-11-26,2021,11,Europe,Furniture,Bookcases,Home Office,5,0.2,2575.73,-169.22,-0.06569787982436047
2022-01-28,2022,1,Europe,Furniture,Bookcases,Corporate,3,0.2,1916.65,-272.48,-0.14216471447577805
2024-09-22,2024,9,Latin America,Technology,Phones,Home Office,4,0.2,2199.42,415.4,0.18886797428412944
2022-05-16,2022,5,Latin America,Technology,Laptops,Consumer,3,0.15,1718.27,161.88,0.09421103784620577
2023-09-02,2023,9,North America,Furniture,Tables,Consumer,3,0.0,1555.44,117.22,0.07536131255464691
2024-05-06,2024,5,North America,Office Supplies,Storage,Consumer,4,0.0,424.97,74.68,0.1757300515330494
2022-11-03,2022,11,Europe,Technology,Copiers,Home Office,2,0.15,1965.78,462.99,0.23552482983853737
2021-09-17,2021,9,North America,Furniture,Tables,Consumer,4,0.0,1113.29,178.86,0.16065894780335763
2024-06-15,2024,6,Asia Pacific,Technology,Laptops,Home Office,2,0.15,858.35,89.92,0.10475913089066231
2024-09-14,2024,9,Latin America,Technology,Accessories,Corporate,1,0.3,856.57,-10.91,-0.012736845791937611
2023-06-30,2023,6,Asia Pacific,Technology,Accessories,Consumer,1,0.2,720.9,144.94,0.20105423775835762
2021-09-11,2021,9,Asia Pacific,Furniture,Furnishings,Consumer,2,0.0,528.06,19.56,0.037041245313032614
2022-06-15,2022,6,Middle East & Africa,Office Supplies,Art,Consumer,1,0.3,71.58,-1.71,-0.02388935456831517
2024-11-27,2024,11,North America,Technology,Laptops,Home Office,2,0.1,931.96,164.98,0.17702476501137387
2024-02-09,2024,2,Europe,Technology,Laptops,Consumer,1,0.2,382.91,44.58,0.11642422501371077
2023-07-22,2023,7,North America,Office Supplies,Paper,Consumer,3,0.0,188.16,47.72,0.2536139455782313
2024-03-25,2024,3,Europe,Technology,Phones,Corporate,4,0.15,3655.57,396.01,0.10833057498556996
2022-08-10,2022,8,Asia Pacific,Office Supplies,Art,Consumer,3,0.2,161.58,-1.45,-0.008973882906300284
2023-09-05,2023,9,Europe,Furniture,Chairs,Consumer,1,0.1,234.51,-4.24,-0.018080252441260502
2023-03-09,2023,3,North America,Technology,Copiers,Consumer,2,0.15,947.52,70.58,0.07448919284025667
2022-12-04,2022,12,Asia Pacific,Office Supplies,Binders,Corporate,3,0.15,208.75,7.39,0.035401197604790414
2024-11-20,2024,11,Asia Pacific,Office Supplies,Binders,Consumer,1,0.3,55.78,-4.91,-0.08802438149874507
2021-08-02,2021,8,Latin America,Office Supplies,Paper,Consumer,1,0.0,52.28,9.62,0.18400918133129301
2022-03-08,2022,3,Latin America,Office Supplies,Binders,Corporate,4,0.15,316.7,49.19,0.15532049257972844
2024-06-29,2024,6,Europe,Furniture,Bookcases,Corporate,3,0.5,2282.17,-620.4,-0.27184653202872705
2021-01-29,2021,1,Asia Pacific,Furniture,Bookcases,Consumer,4,0.1,985.3,70.63,0.07168375114178423
2022-06-04,2022,6,Asia Pacific,Office Supplies,Binders,Consumer,5,0.3,384.58,-33.89,-0.08812210723386552
2021-10-22,2021,10,Europe,Office Supplies,Storage,Consumer,1,0.3,35.98,-8.29,-0.23040578098943856
2023-02-08,2023,2,North America,Office Supplies,Paper,Corporate,4,0.3,194.59,-14.9,-0.07657125237679223
2023-06-26,2023,6,Europe,Furniture,Bookcases,Consumer,4,0.1,1230.24,65.25,0.05303843152555599
2021-02-28,2021,2,North America,Office Supplies,Storage,Home Office,2,0.0,77.59,18.73,0.24139708725351205
2022-12-26,2022,12,Middle East & Africa,Office Supplies,Art,Corporate,3,0.0,212.41,33.34,0.15696059507556143
2022-01-09,2022,1,Latin America,Office Supplies,Paper,Consumer,6,0.0,531.54,96.84,0.18218760582458518
2021-04-17,2021,4,North America,Technology,Accessories,Corporate,1,0.3,418.31,-15.1,-0.036097630943558605
2021-03-28,2021,3,Latin America,Technology,Phones,Corporate,1,0.0,699.44,214.05,0.3060305387166876
2022-06-09,2022,6,Europe,Office Supplies,Storage,Corporate,7,0.0,294.18,42.87,0.14572710585355902
2022-05-12,2022,5,Asia Pacific,Technology,Phones,Corporate,1,0.0,506.04,117.73,0.23264959291755594
2024-06-29,2024,6,Europe,Office Supplies,Paper,Corporate,1,0.1,80.89,6.24,0.07714179750278155
2023-03-10,2023,3,Europe,Technology,Accessories,Corporate,3,0.3,1268.09,66.3,0.052283355282353776
2022-10-12,2022,10,North America,Office Supplies,Art,Consumer,4,0.0,181.22,34.27,0.18910716256483834
2023-08-09,2023,8,North America,Office Supplies,Storage,Corporate,7,0.0,241.7,47.12,0.19495242035581298
2023-12-31,2023,12,North America,Office Supplies,Binders,Consumer,4,0.0,271.41,56.1,0.20669835304520834
2021-06-17,2021,6,Latin America,Furniture,Bookcases,Corporate,4,0.4,1034.0,-258.48,-0.2499806576402321
2024-02-26,2024,2,Europe,Office Supplies,Storage,Corporate,3,0.1,149.94,18.18,0.1212484993997599
2023-08-14,2023,8,North America,Furniture,Bookcases,Consumer,3,0.2,1149.57,-139.46,-0.12131492645075986
2022-01-04,2022,1,Asia Pacific,Office Supplies,Art,Corporate,3,0.3,158.86,-17.04,-0.10726425783708925
2021-08-04,2021,8,Latin America,Furniture,Furnishings,Corporate,2,0.0,653.06,126.11,0.19310629957431172
2022-09-20,2022,9,North America,Furniture,Tables,Corporate,4,0.15,920.59,-42.47,-0.04613345789113503
2023-09-19,2023,9,Middle East & Africa,Office Supplies,Art,Home Office,3,0.0,198.2,39.74,0.2005045408678103
2021-08-23,2021,8,Asia Pacific,Technology,Phones,Home Office,1,0.0,411.86,113.7,0.2760646821735541
2022-08-13,2022,8,North America,Office Supplies,Paper,Corporate,7,0.1,759.98,32.86,0.043237979946840706
2024-07-26,2024,7,Europe,Office Supplies,Paper,Consumer,6,0.3,807.9,-53.95,-0.06677806659240006
2021-08-21,2021,8,Asia Pacific,Furniture,Bookcases,Consumer,1,0.3,239.73,-40.51,-0.16898177115922078
2022-12-13,2022,12,North America,Office Supplies,Binders,Corporate,3,0.1,251.85,23.2,0.09211832439944412
2024-09-30,2024,9,Europe,Office Supplies,Paper,Consumer,2,0.2,145.66,3.04,0.020870520389949198
2024-08-13,2024,8,North America,Technology,Laptops,Corporate,4,0.15,3040.71,794.08,0.261149534154852
2021-10-06,2021,10,North America,Furniture,Furnishings,Consumer,4,0.1,796.06,54.55,0.06852498555385272
2024-02-04,2024,2,North America,Furniture,Tables,Consumer,1,0.0,212.24,12.12,0.057105163965322274
2023-11-10,2023,11,Asia Pacific,Office Supplies,Storage,Corporate,3,0.3,298.84,-5.87,-0.019642618123410522
2021-01-17,2021,1,North America,Office Supplies,Paper,Home Office,6,0.0,357.36,42.09,0.11778038952316992
2021-05-10,2021,5,Asia Pacific,Technology,Phones,Corporate,2,0.3,530.34,12.32,0.02323038051061583
2022-12-24,2022,12,North America,Technology,Copiers,Corporate,2,0.0,732.07,224.51,0.3066783231111779
2024-07-15,2024,7,Asia Pacific,Office Supplies,Binders,Home Office,3,0.15,183.62,19.06,0.10380132883128199
2024-11-11,2024,11,Asia Pacific,Technology,Phones,Home Office,3,0.0,1668.77,354.92,0.21268359330524877
2023-12-21,2023,12,North America,Technology,Accessories,Consumer,5,0.0,2456.23,799.61,0.3255436176579555
2021-07-25,2021,7,Europe,Furniture,Tables,Consumer,2,0.0,678.34,130.86,0.192912108971902
2022-03-01,2022,3,Europe,Office Supplies,Storage,Consumer,3,0.2,155.14,-0.54,-0.003480727085213356
2024-01-02,2024,1,Latin America,Office Supplies,Paper,Corporate,5,0.0,256.17,44.02,0.17183901315532654
2024-05-12,2024,5,North America,Office Supplies,Storage,Home Office,1,0.0,109.64,21.28,0.19408974826705583
2023-12-15,2023,12,North America,Technology,Laptops,Consumer,6,0.1,4590.64,621.98,0.13548873359705835
2022-09-30,2022,9,North America,Technology,Phones,Corporate,2,0.5,993.03,-224.41,-0.22598511626033455
2022-05-26,2022,5,Asia Pacific,Office Supplies,Art,Consumer,2,0.15,80.87,4.75,0.05873624335353035
2022-02-08,2022,2,North America,Furniture,Chairs,Consumer,8,0.1,3388.58,320.8,0.09467092410390193
2024-04-20,2024,4,Latin America,Office Supplies,Art,Consumer,6,0.2,400.41,-13.78,-0.034414724906970354
2023-12-22,2023,12,Europe,Office Supplies,Paper,Home Office,4,0.3,321.07,-11.74,-0.03656523499548385
2024-12-03,2024,12,Europe,Office Supplies,Storage,Corporate,2,0.1,185.69,28.23,0.15202757283644786
2022-10-28,2022,10,Europe,Furniture,Chairs,Home Office,5,0.15,2485.83,-3.12,-0.0012551139860730622
2021-12-01,2021,12,Latin America,Office Supplies,Art,Home Office,1,0.0,68.38,8.47,0.12386662766890906
2023-05-30,2023,5,Asia Pacific,Technology,Phones,Corporate,1,0.1,348.46,62.86,0.1803937324226597
2022-10-04,2022,10,Europe,Office Supplies,Art,Corporate,7,0.2,486.11,9.33,0.01919318672728395
2021-03-15,2021,3,North America,Technology,Laptops,Home Office,3,0.15,1073.9,203.95,0.18991526212868978
2023-10-15,2023,10,North America,Technology,Accessories,Consumer,4,0.0,2766.67,772.11,0.2790755673788345
2021-10-31,2021,10,Asia Pacific,Office Supplies,Art,Consumer,2,0.1,79.96,6.66,0.08329164582291146
2023-03-22,2023,3,North America,Office Supplies,Storage,Home Office,7,0.2,499.98,4.48,0.008960358414336574
2022-09-28,2022,9,Europe,Office Supplies,Binders,Corporate,7,0.1,439.73,58.83,0.13378664180292452
2021-12-10,2021,12,Asia Pacific,Office Supplies,Binders,Corporate,2,0.15,174.86,29.86,0.17076518357543174
2024-12-02,2024,12,Asia Pacific,Office Supplies,Storage,Consumer,1,0.2,85.04,0.38,0.004468485418626529
2022-09-26,2022,9,North America,Furniture,Furnishings,Corporate,5,0.2,2441.32,-3.69,-0.001511477397473498
2024-01-19,2024,1,Asia Pacific,Office Supplies,Storage,Home Office,2,0.2,222.48,-4.33,-0.019462423588637184
2023-03-30,2023,3,Europe,Technology,Copiers,Home Office,1,0.1,789.41,114.96,0.14562774730494926
2021-08-30,2021,8,Europe,Office Supplies,Storage,Consumer,2,0.15,149.79,6.56,0.04379464583750584
2021-12-25,2021,12,North America,Technology,Phones,Consumer,4,0.2,2919.76,215.36,0.07375948708112995
2023-09-09,2023,9,Europe,Technology,Laptops,Consumer,5,0.4,2978.03,-593.9,-0.19942713807449888
2021-09-28,2021,9,North America,Furniture,Chairs,Consumer,1,0.1,201.58,2.52,0.012501240202401032
2024-01-26,2024,1,North America,Technology,Phones,Home Office,2,0.2,814.6,143.4,0.17603731892953597
2022-04-29,2022,4,Europe,Furniture,Bookcases,Consumer,1,0.2,275.19,-21.62,-0.07856390130455322
2022-12-06,2022,12,Latin America,Furniture,Bookcases,Home Office,2,0.3,828.62,-157.46,-0.19002679153291016
2023-05-10,2023,5,Europe,Furniture,Chairs,Home Office,1,0.1,221.71,16.7,0.07532362094628117
2022-05-04,2022,5,Europe,Furniture,Chairs,Corporate,4,0.15,1750.5,12.22,0.006980862610682662
2022-03-25,2022,3,Asia Pacific,Technology,Phones,Consumer,5,0.2,4599.21,524.84,0.11411525022775651
2022-10-10,2022,10,Asia Pacific,Technology,Phones,Home Office,5,0.3,1630.8,-170.33,-0.10444567083639933
2023-05-13,2023,5,Europe,Office Supplies,Paper,Consumer,3,0.3,313.76,-34.22,-0.10906425293217746
2022-02-17,2022,2,Latin America,Furniture,Tables,Consumer,1,0.0,206.44,20.38,0.09872117806626622
2021-05-19,2021,5,Asia Pacific,Office Supplies,Art,Consumer,3,0.15,178.62,21.42,0.11991938192811556
2023-07-06,2023,7,Europe,Technology,Copiers,Consumer,1,0.3,761.12,-21.63,-0.028418646205591758
2022-07-14,2022,7,North America,Office Supplies,Storage,Corporate,6,0.15,636.2,17.21,0.027051241747878024
2021-06-12,2021,6,Europe,Furniture,Furnishings,Consumer,1,0.0,183.55,30.17,0.16436938163988013
2021-08-03,2021,8,Europe,Technology,Copiers,Consumer,4,0.15,2186.37,402.65,0.18416370513682495
2021-07-19,2021,7,Asia Pacific,Furniture,Chairs,Home Office,3,0.3,805.03,-52.1,-0.06471808504030906
2021-09-29,2021,9,North America,Furniture,Bookcases,Home Office,4,0.15,693.48,-12.97,-0.01870277441310492
2023-02-13,2023,2,Latin America,Technology,Laptops,Home Office,2,0.3,646.55,52.6,0.08135488361302298
2023-09-13,2023,9,North America,Office Supplies,Storage,Consumer,2,0.0,190.53,32.12,0.16858237547892718
2024-09-12,2024,9,Latin America,Office Supplies,Binders,Consumer,2,0.15,140.88,5.72,0.040601930721181144
2023-12-25,2023,12,Europe,Office Supplies,Binders,Consumer,8,0.1,872.96,85.16,0.09755315249266862
2024-06-03,2024,6,North America,Office Supplies,Binders,Corporate,1,0.0,182.09,48.41,0.265857542973255
2022-01-08,2022,1,North America,Office Supplies,Storage,Consumer,3,0.15,93.25,1.4,0.015013404825737264
2024-03-07,2024,3,Europe,Technology,Copiers,Home Office,7,0.3,3550.09,11.23,0.003163300085349949
2022-04-19,2022,4,Asia Pacific,Technology,Accessories,Corporate,1,0.5,229.76,-23.86,-0.1038474930362117
2021-05-21,2021,5,Europe,Office Supplies,Paper,Consumer,6,0.3,328.23,-32.26,-0.09828473935959539
2023-09-05,2023,9,Middle East & Africa,Office Supplies,Binders,Corporate,4,0.1,252.3,35.1,0.13912009512485138
2023-12-23,2023,12,Europe,Technology,Accessories,Home Office,2,0.3,829.98,28.39,0.03420564350948216
2024-12-23,2024,12,Europe,Office Supplies,Paper,Consumer,3,0.0,157.86,23.68,0.15000633472697325
2021-06-05,2021,6,Europe,Office Supplies,Art,Consumer,2,0.15,243.96,14.37,0.058903098868666987
2022-08-04,2022,8,Latin America,Furniture,Chairs,Corporate,4,0.0,950.56,56.39,0.05932292543342872
2021-09-30,2021,9,Asia Pacific,Technology,Phones,Corporate,6,0.1,1932.33,427.27,0.2211164759642504
2024-04-20,2024,4,Asia Pacific,Technology,Accessories,Corporate,3,0.0,2356.14,766.5,0.32532022715118797
2023-01-24,2023,1,Asia Pacific,Technology,Accessories,Consumer,2,0.15,1335.95,243.24,0.1820726823608668
2022-05-26,2022,5,North America,Office Supplies,Binders,Corporate,3,0.0,170.39,40.55,0.23798344973296556
2022-09-03,2022,9,North America,Technology,Laptops,Consumer,2,0.0,936.83,226.92,0.2422211073513871
2024-01-22,2024,1,Latin America,Furniture,Furnishings,Consumer,1,0.1,448.21,22.61,0.050445103857566766
2022-12-09,2022,12,North America,Office Supplies,Paper,Consumer,4,0.2,301.35,21.63,0.07177700348432055
2024-05-13,2024,5,Asia Pacific,Office Supplies,Art,Home Office,4,0.0,261.63,36.12,0.13805756220616902
2022-10-27,2022,10,Latin America,Furniture,Tables,Consumer,6,0.0,1505.67,102.21,0.0678834007451832
2024-08-05,2024,8,North America,Furniture,Tables,Consumer,1,0.1,633.11,-9.8,-0.015479142645037988
2024-11-14,2024,11,Asia Pacific,Office Supplies,Storage,Corporate,3,0.0,342.46,75.66,0.22093091163931555
2024-07-09,2024,7,Europe,Furniture,Bookcases,Home Office,4,0.3,1640.79,-194.29,-0.11841247204090712
2021-01-13,2021,1,Asia Pacific,Office Supplies,Storage,Consumer,4,0.15,281.31,10.8,0.038391809747253924
2022-04-18,2022,4,Latin America,Office Supplies,Storage,Consumer,3,0.0,153.65,39.09,0.2544093719492353
2021-10-05,2021,10,Asia Pacific,Office Supplies,Art,Consumer,6,0.15,441.7,36.03,0.08157120217342088
2022-11-04,2022,11,Asia Pacific,Technology,Phones,Consumer,3,0.0,2857.85,611.73,0.21405252200080482
2024-07-12,2024,7,Europe,Office Supplies,Storage,Home Office,5,0.0,341.01,65.27,0.19140201167121199
2021-11-13,2021,11,North America,Office Supplies,Binders,Consumer,5,0.2,415.73,24.68,0.05936545353955692
2024-02-05,2024,2,Europe,Office Supplies,Paper,Consumer,1,0.2,48.0,-0.09,-0.001875
2021-06-22,2021,6,Asia Pacific,Furniture,Chairs,Home Office,3,0.0,886.08,131.19,0.14805660888407365
2024-01-17,2024,1,Latin America,Technology,Phones,Corporate,2,0.3,931.5,-2.2,-0.0023617820719269997
2023-08-24,2023,8,Europe,Office Supplies,Paper,Consumer,4,0.2,313.97,-25.24,-0.0803898461636462
2024-07-03,2024,7,North America,Office Supplies,Binders,Consumer,3,0.0,430.27,45.44,0.10560810653775536
2024-12-16,2024,12,North America,Furniture,Furnishings,Consumer,4,0.0,3329.83,691.23,0.20758717412000013
2021-02-27,2021,2,Asia Pacific,Technology,Phones,Corporate,5,0.15,1584.76,255.12,0.16098336656654635
2023-12-14,2023,12,North America,Technology,Laptops,Home Office,2,0.0,1062.41,336.08,0.3163373838725162
2021-05-26,2021,5,Europe,Technology,Phones,Home Office,4,0.1,999.58,220.65,0.22074271193901437
2021-05-16,2021,5,Asia Pacific,Furniture,Chairs,Consumer,1,0.2,294.29,-39.92,-0.13564850997315572
2022-04-24,2022,4,North America,Office Supplies,Storage,Corporate,2,0.15,135.62,17.67,0.13029051762276952
2024-12-23,2024,12,North America,Furniture,Tables,Consumer,3,0.0,1754.67,196.63,0.1120609573310081
2024-07-14,2024,7,North America,Technology,Phones,Home Office,3,0.0,1094.17,280.14,0.25602968460111314
2021-12-27,2021,12,Asia Pacific,Office Supplies,Storage,Corporate,2,0.3,149.91,-7.18,-0.04789540390901207
2023-09-03,2023,9,Latin America,Technology,Copiers,Consumer,6,0.15,1347.22,285.06,0.21159127685159068
2023-12-13,2023,12,Europe,Office Supplies,Art,Consumer,3,0.1,303.47,33.09,0.1090387847233664
2022-06-11,2022,6,North America,Technology,Copiers,Corporate,3,0.15,836.35,154.13,0.18428887427512405
2021-06-23,2021,6,Latin America,Office Supplies,Storage,Home Office,2,0.4,174.37,-25.71,-0.14744508803119802
2021-02-13,2021,2,North America,Technology,Accessories,Consumer,1,0.2,186.48,30.44,0.16323466323466326
2022-10-26,2022,10,Europe,Furniture,Bookcases,Consumer,2,0.15,351.12,-37.06,-0.10554796081111871
2022-07-12,2022,7,Asia Pacific,Office Supplies,Paper,Consumer,6,0.5,348.7,-87.49,-0.2509033553197591
2022-09-15,2022,9,Europe,Office Supplies,Art,Corporate,4,0.1,123.7,7.71,0.06232821341956346
2024-06-02,2024,6,Asia Pacific,Technology,Accessories,Consumer,2,0.15,746.64,43.69,0.05851548269581056
2021-02-05,2021,2,Europe,Technology,Accessories,Consumer,4,0.15,2356.27,427.2,0.18130350087214114
2023-01-12,2023,1,Asia Pacific,Technology,Copiers,Consumer,2,0.1,1307.08,282.36,0.2160235027695321
2021-02-11,2021,2,North America,Office Supplies,Binders,Consumer,4,0.15,208.09,-1.64,-0.007881205247729348
2021-12-01,2021,12,Latin America,Technology,Phones,Corporate,4,0.1,2187.41,459.25,0.20995149514722894
2023-01-14,2023,1,Asia Pacific,Furniture,Bookcases,Corporate,3,0.4,1353.45,-268.82,-0.19861834570911374
2023-09-03,2023,9,Europe,Office Supplies,Binders,Consumer,3,0.3,160.85,-6.01,-0.0373640037301834
2024-04-13,2024,4,North America,Technology,Laptops,Corporate,3,0.4,1399.45,-81.58,-0.05829432991532387
2021-06-10,2021,6,Europe,Office Supplies,Storage,Consumer,4,0.0,358.75,82.78,0.23074564459930313
2023-10-27,2023,10,Europe,Furniture,Tables,Corporate,2,0.0,418.23,54.12,0.1294024818879564
2024-03-01,2024,3,Latin America,Technology,Phones,Consumer,3,0.4,2031.14,-380.12,-0.1871461346829859
2024-01-09,2024,1,North America,Office Supplies,Paper,Corporate,2,0.4,152.38,-26.62,-0.17469484184276152
2021-07-13,2021,7,North America,Office Supplies,Art,Home Office,2,0.0,147.46,42.19,0.28611148786111484
2022-12-06,2022,12,Europe,Office Supplies,Binders,Home Office,5,0.0,562.65,144.26,0.25639385052874786
2022-03-14,2022,3,North America,Office Supplies,Paper,Corporate,3,0.2,302.04,14.48,0.04794067010991922
2021-04-16,2021,4,North America,Furniture,Tables,Consumer,3,0.3,428.96,-99.48,-0.23190973517344277
2024-10-06,2024,10,North America,Office Supplies,Binders,Home Office,7,0.1,303.95,28.99,0.0953775291988814
2023-12-15,2023,12,Latin America,Office Supplies,Storage,Corporate,3,0.4,270.71,-44.03,-0.1626463743489343
2021-05-25,2021,5,North America,Office Supplies,Storage,Consumer,6,0.4,348.72,-79.81,-0.22886556549667353
2022-09-24,2022,9,Asia Pacific,Furniture,Chairs,Corporate,6,0.2,1495.99,-190.57,-0.1273872151551815
2024-12-11,2024,12,Europe,Office Supplies,Storage,Home Office,6,0.15,476.52,7.8,0.01636867287836817
2022-02-13,2022,2,Middle East & Africa,Office Supplies,Paper,Home Office,3,0.2,93.27,12.14,0.13015975125978343
2021-11-30,2021,11,Europe,Technology,Phones,Consumer,2,0.1,941.15,147.28,0.15648940126441058
2021-05-25,2021,5,North America,Office Supplies,Paper,Corporate,3,0.1,125.64,16.61,0.13220312002546958
2024-03-07,2024,3,North America,Technology,Copiers,Consumer,4,0.0,3781.28,1142.14,0.3020511572800745
2021-06-18,2021,6,Middle East & Africa,Office Supplies,Art,Corporate,7,0.3,609.14,-97.41,-0.1599139770824441
2024-10-03,2024,10,Europe,Furniture,Furnishings,Consumer,3,0.3,727.01,-111.12,-0.15284521533403944
2021-01-23,2021,1,Latin America,Technology,Copiers,Home Office,4,0.0,1469.02,387.26,0.2636179221521831
2021-05-13,2021,5,Asia Pacific,Office Supplies,Storage,Corporate,3,0.0,98.32,14.16,0.14401952807160295
2023-08-26,2023,8,Asia Pacific,Furniture,Furnishings,Corporate,1,0.15,252.53,-4.43,-0.01754247020156021
2024-11-17,2024,11,North America,Office Supplies,Binders,Consumer,4,0.0,497.77,61.87,0.12429435281354842
2024-09-11,2024,9,Asia Pacific,Office Supplies,Storage,Consumer,4,0.15,176.9,18.21,0.10293951384963257
2021-10-01,2021,10,Asia Pacific,Office Supplies,Binders,Consumer,2,0.0,141.02,26.32,0.18664019288044248
2021-09-19,2021,9,North America,Office Supplies,Storage,Home Office,1,0.15,63.98,7.75,0.12113160362613318
2022-09-20,2022,9,North America,Office Supplies,Art,Home Office,5,0.15,412.72,5.79,0.014028881566194999
2024-08-18,2024,8,North America,Office Supplies,Paper,Consumer,4,0.15,192.68,5.76,0.029894124974050237
2024-02-09,2024,2,Asia Pacific,Furniture,Chairs,Consumer,3,0.2,1461.41,-196.22,-0.13426759088825174
2024-07-22,2024,7,Latin America,Office Supplies,Binders,Corporate,6,0.15,449.76,45.84,0.10192102454642477
2021-05-13,2021,5,Europe,Technology,Accessories,Corporate,1,0.1,496.03,100.5,0.2026087131826704
2021-05-11,2021,5,Latin America,Office Supplies,Paper,Home Office,2,0.2,86.66,7.31,0.08435264251096238
2021-11-23,2021,11,Asia Pacific,Furniture,Bookcases,Home Office,4,0.3,1323.69,-292.31,-0.22082965044685687
2024-10-26,2024,10,North America,Office Supplies,Binders,Consumer,3,0.3,229.37,-21.66,-0.09443257618694685
2021-04-01,2021,4,Europe,Office Supplies,Binders,Corporate,5,0.15,306.4,22.8,0.07441253263707573
2024-02-21,2024,2,Asia Pacific,Office Supplies,Binders,Consumer,2,0.3,75.13,-6.52,-0.08678290962331958
2022-09-15,2022,9,Asia Pacific,Furniture,Bookcases,Home Office,5,0.2,2475.09,-93.99,-0.037974376689332505
2023-12-09,2023,12,Europe,Office Supplies,Binders,Corporate,2,0.1,263.81,20.31,0.07698722565482734
2021-10-27,2021,10,Europe,Office Supplies,Storage,Home Office,3,0.1,145.76,20.68,0.14187705817782656
2021-05-06,2021,5,Europe,Technology,Laptops,Consumer,2,0.1,840.94,137.71,0.16375722405879134
2022-09-27,2022,9,North America,Furniture,Chairs,Corporate,3,0.15,1281.9,-31.99,-0.02495514470707543
2024-02-23,2024,2,Asia Pacific,Furniture,Bookcases,Home Office,1,0.0,239.29,20.16,0.08424923732709265
2022-11-07,2022,11,Asia Pacific,Furniture,Chairs,Consumer,2,0.0,1146.73,164.66,0.1435909063162209
2024-07-09,2024,7,North America,Office Supplies,Binders,Corporate,1,0.15,61.69,-1.68,-0.02723293888798833
2021-01-29,2021,1,Latin America,Technology,Laptops,Consumer,1,0.0,411.96,77.18,0.1873482862413827
2022-10-19,2022,10,Europe,Technology,Phones,Consumer,5,0.0,1667.62,410.08,0.24590734100094747
2023-01-12,2023,1,Asia Pacific,Furniture,Tables,Consumer,1,0.4,224.66,-63.56,-0.28291640701504495
2022-02-14,2022,2,Asia Pacific,Furniture,Tables,Home Office,4,0.0,1503.28,141.16,0.09390133574583577
2023-01-22,2023,1,Asia Pacific,Office Supplies,Art,Consumer,1,0.1,84.46,7.71,0.09128581577077907
2024-04-03,2024,4,Latin America,Technology,Copiers,Home Office,4,0.2,1493.98,96.42,0.06453901658656742
2023-08-15,2023,8,Europe,Office Supplies,Storage,Corporate,4,0.5,287.85,-68.24,-0.23706791731804755
2021-11-19,2021,11,North America,Furniture,Tables,Corporate,1,0.15,544.23,-25.09,-0.04610183194605222
2024-01-18,2024,1,Europe,Office Supplies,Paper,Consumer,3,0.0,344.69,32.37,0.09391047027764077
2023-12-27,2023,12,Europe,Office Supplies,Paper,Consumer,3,0.2,434.09,0.02,4.607339491810454e-05
2021-10-17,2021,10,Europe,Office Supplies,Paper,Consumer,1,0.0,59.07,7.83,0.1325545962417471
2023-12-29,2023,12,Europe,Office Supplies,Storage,Corporate,5,0.3,430.93,-9.86,-0.022880746292901398
2023-11-16,2023,11,North America,Technology,Phones,Corporate,3,0.1,3154.88,644.15,0.20417575311897757
2024-08-31,2024,8,Asia Pacific,Furniture,Chairs,Consumer,2,0.3,722.05,-72.44,-0.10032546222560765
2021-06-09,2021,6,Middle East & Africa,Office Supplies,Paper,Corporate,5,0.0,353.85,84.24,0.23806697753285289
2024-12-18,2024,12,Europe,Technology,Phones,Consumer,2,0.0,1471.51,329.98,0.22424584270579204
2024-08-08,2024,8,Asia Pacific,Furniture,Furnishings,Home Office,3,0.0,1184.47,185.9,0.15694783320810152
2023-02-07,2023,2,North America,Office Supplies,Art,Home Office,6,0.1,291.89,8.07,0.02764740141834253
2022-05-02,2022,5,North America,Furniture,Bookcases,Consumer,4,0.1,1442.12,100.61,0.06976534546362301
2022-12-27,2022,12,Middle East & Africa,Technology,Laptops,Corporate,3,0.0,2088.36,574.73,0.27520638204141046
2023-05-28,2023,5,Asia Pacific,Furniture,Furnishings,Consumer,5,0.3,1614.43,-292.87,-0.1814076794905942
2022-11-29,2022,11,Asia Pacific,Office Supplies,Storage,Corporate,2,0.0,101.06,17.18,0.16999802097763705
2022-09-21,2022,9,North America,Office Supplies,Storage,Home Office,1,0.2,75.68,1.87,0.024709302325581394
2023-10-22,2023,10,North America,Office Supplies,Storage,Corporate,2,0.15,83.11,5.53,0.066538322704849
2023-12-02,2023,12,North America,Office Supplies,Binders,Corporate,3,0.0,313.06,52.13,0.16651760045997574
2022-05-04,2022,5,Asia Pacific,Office Supplies,Paper,Corporate,2,0.2,154.26,1.18,0.007649423051990146
2021-05-30,2021,5,North America,Office Supplies,Storage,Home Office,1,0.3,76.26,-0.82,-0.01075268817204301
2023-06-02,2023,6,Europe,Office Supplies,Binders,Corporate,3,0.15,186.91,18.24,0.09758707399283077
2024-04-25,2024,4,Europe,Technology,Phones,Consumer,1,0.2,351.83,14.92,0.04240684421453543
2021-06-28,2021,6,Europe,Office Supplies,Art,Corporate,4,0.1,255.22,27.0,0.10579108220358906
2021-01-25,2021,1,Latin America,Technology,Laptops,Consumer,2,0.2,513.81,74.76,0.14550125532784494
2022-04-14,2022,4,Asia Pacific,Office Supplies,Art,Corporate,2,0.3,144.26,-15.25,-0.10571190905309857
2024-05-17,2024,5,North America,Technology,Copiers,Consumer,4,0.1,3234.93,898.68,0.27780508388125863
2023-03-27,2023,3,Asia Pacific,Furniture,Chairs,Corporate,1,0.15,237.88,-13.18,-0.05540608710274088
2023-11-16,2023,11,Asia Pacific,Technology,Accessories,Home Office,2,0.2,1524.98,158.68,0.1040538236567037
2023-09-23,2023,9,Latin America,Office Supplies,Binders,Consumer,6,0.0,179.4,41.42,0.23088071348940914
2021-11-17,2021,11,Asia Pacific,Furniture,Bookcases,Consumer,2,0.0,562.69,66.69,0.11851996658906323
2023-03-01,2023,3,Europe,Office Supplies,Art,Corporate,2,0.1,183.04,14.36,0.0784527972027972
2021-04-23,2021,4,North America,Furniture,Tables,Consumer,3,0.2,814.57,-82.41,-0.10116994242361
2022-06-22,2022,6,Middle East & Africa,Technology,Phones,Consumer,2,0.15,1284.77,342.22,0.26636674268546123
2021-06-29,2021,6,North America,Technology,Copiers,Consumer,3,0.0,912.55,251.34,0.27542600405457235
2024-06-21,2024,6,North America,Office Supplies,Storage,Home Office,6,0.4,466.47,-112.55,-0.24128025382125323
2024-08-04,2024,8,North America,Technology,Laptops,Corporate,5,0.0,1761.04,566.36,0.3216054149820561
2021-07-29,2021,7,North America,Office Supplies,Paper,Consumer,3,0.0,251.49,55.58,0.22100282317388364
2021-01-24,2021,1,Europe,Office Supplies,Paper,Corporate,3,0.0,195.12,28.75,0.14734522345223452
2022-02-03,2022,2,Asia Pacific,Office Supplies,Art,Consumer,5,0.0,252.71,56.23,0.22250801313758853
2021-11-19,2021,11,North America,Office Supplies,Art,Consumer,2,0.2,108.88,0.7,0.006429096252755327
2024-11-07,2024,11,Asia Pacific,Furniture,Bookcases,Consumer,3,0.15,1161.07,-134.24,-0.11561749076283086
2021-08-06,2021,8,Europe,Office Supplies,Art,Consumer,5,0.0,156.48,22.53,0.14398006134969327
2021-01-29,2021,1,Asia Pacific,Office Supplies,Art,Consumer,5,0.1,422.6,5.37,0.012707051585423568
2023-10-01,2023,10,North America,Office Supplies,Paper,Consumer,6,0.15,469.51,36.55,0.07784711720730123
2023-08-31,2023,8,Europe,Office Supplies,Paper,Consumer,4,0.15,476.95,2.98,0.006248034385155677
2024-09-12,2024,9,Europe,Furniture,Furnishings,Consumer,6,0.0,1446.9,157.74,0.10901928260418826
2024-08-29,2024,8,North America,Office Supplies,Storage,Home Office,5,0.15,459.12,44.38,0.09666318173897892
2022-11-09,2022,11,North America,Office Supplies,Storage,Corporate,3,0.0,307.68,65.48,0.21281851274050964
2023-01-08,2023,1,North America,Office Supplies,Storage,Consumer,5,0.0,298.06,60.38,0.20257666241696304
2022-12-11,2022,12,Asia Pacific,Office Supplies,Art,Corporate,3,0.15,326.47,-0.6,-0.0018378411492633317
2021-05-02,2021,5,North America,Technology,Laptops,Corporate,5,0.15,994.04,160.17,0.16113033680737193
2023-03-15,2023,3,North America,Furniture,Furnishings,Consumer,1,0.3,318.33,-41.62,-0.13074482455313668
2022-01-06,2022,1,North America,Furniture,Tables,Corporate,4,0.0,1037.85,242.49,0.23364648070530428
2023-03-15,2023,3,Asia Pacific,Technology,Copiers,Consumer,5,0.1,1779.87,305.06,0.17139454005067786
2021-02-24,2021,2,Middle East & Africa,Office Supplies,Art,Home Office,3,0.3,104.33,-6.1,-0.058468321671618896
2022-07-22,2022,7,North America,Technology,Accessories,Consumer,6,0.4,3063.53,-35.48,-0.011581410986672236
2021-05-24,2021,5,North America,Furniture,Chairs,Corporate,3,0.2,1205.14,-80.54,-0.0668304097449259
2022-03-06,2022,3,Europe,Office Supplies,Art,Consumer,2,0.1,104.73,14.05,0.13415449250453548
2024-01-29,2024,1,North America,Office Supplies,Paper,Corporate,4,0.15,374.4,32.54,0.08691239316239316
2022-02-18,2022,2,Middle East & Africa,Office Supplies,Storage,Consumer,4,0.0,237.81,47.63,0.20028594255918591
2024-04-04,2024,4,Europe,Office Supplies,Art,Corporate,1,0.3,90.72,-13.25,-0.14605379188712522
2024-03-02,2024,3,North America,Office Supplies,Paper,Home Office,5,0.0,535.86,104.15,0.1943604672862315
2022-10-11,2022,10,Latin America,Office Supplies,Paper,Corporate,3,0.15,246.29,11.53,0.046814730602135694
2024-06-10,2024,6,Europe,Office Supplies,Art,Consumer,3,0.15,309.13,4.86,0.015721541099213924
2023-09-21,2023,9,North America,Office Supplies,Binders,Corporate,5,0.0,215.7,19.25,0.08924432081594807
2022-09-11,2022,9,Europe,Technology,Laptops,Consumer,4,0.0,1332.58,344.99,0.2588887721562683
2023-11-29,2023,11,North America,Technology,Laptops,Corporate,8,0.4,9212.78,-218.23,-0.023687746803896324
2023-01-11,2023,1,Europe,Office Supplies,Storage,Consumer,1,0.15,54.15,4.49,0.08291782086795937
2021-09-09,2021,9,Asia Pacific,Office Supplies,Art,Consumer,1,0.15,57.39,0.41,0.007144101759888482
2022-07-28,2022,7,Asia Pacific,Office Supplies,Binders,Consumer,2,0.2,148.65,3.82,0.025697948200470902
2022-06-10,2022,6,North America,Office Supplies,Paper,Corporate,3,0.2,212.82,2.86,0.013438586599003852
2023-11-04,2023,11,Latin America,Technology,Phones,Home Office,2,0.1,1296.52,140.26,0.10818190232314194
2022-07-15,2022,7,Europe,Office Supplies,Storage,Consumer,3,0.15,206.42,23.48,0.11374866776475148
2022-11-28,2022,11,Europe,Technology,Accessories,Home Office,5,0.5,4793.72,-729.39,-0.15215531987683886
2024-01-03,2024,1,Asia Pacific,Furniture,Tables,Corporate,4,0.1,1194.79,41.9,0.03506892424610183
2024-11-19,2024,11,Europe,Furniture,Chairs,Consumer,2,0.0,1129.13,195.67,0.17329271208806776
2024-03-29,2024,3,Middle East & Africa,Technology,Copiers,Consumer,2,0.2,1263.26,49.59,0.03925557684087203
2024-06-17,2024,6,Latin America,Furniture,Furnishings,Consumer,1,0.1,442.08,36.19,0.08186301121968874
2021-10-19,2021,10,Asia Pacific,Furniture,Furnishings,Consumer,3,0.0,690.56,-1.81,-0.002621061167747915
2022-09-16,2022,9,Asia Pacific,Office Supplies,Binders,Consumer,4,0.0,155.11,28.65,0.1847076268454645
2022-12-19,2022,12,North America,Furniture,Furnishings,Corporate,5,0.1,2060.29,214.03,0.10388343388552097
2022-05-27,2022,5,North America,Furniture,Chairs,Consumer,3,0.1,1264.73,63.79,0.05043764281704395
2024-04-24,2024,4,North America,Office Supplies,Binders,Consumer,4,0.0,680.2,77.89,0.11451043810643928
2021-06-05,2021,6,Latin America,Office Supplies,Paper,Corporate,4,0.3,343.84,-29.61,-0.0861156351791531
2021-01-31,2021,1,Europe,Office Supplies,Paper,Corporate,4,0.2,242.13,-4.07,-0.016809152108371538
2022-04-15,2022,4,Asia Pacific,Office Supplies,Art,Consumer,5,0.1,111.71,15.83,0.14170620356279653
2024-12-21,2024,12,Asia Pacific,Technology,Laptops,Consumer,3,0.2,1471.65,156.09,0.10606462134339006
2023-11-22,2023,11,Europe,Office Supplies,Paper,Consumer,2,0.15,207.96,19.22,0.09242161954221965
2023-09-12,2023,9,North America,Furniture,Chairs,Home Office,1,0.0,187.22,39.48,0.21087490652708044
2024-05-10,2024,5,Asia Pacific,Office Supplies,Storage,Home Office,2,0.2,159.63,4.51,0.028252834680197958
2024-03-02,2024,3,Asia Pacific,Office Supplies,Binders,Home Office,2,0.2,147.17,7.93,0.05388326425222532
2024-08-18,2024,8,Europe,Office Supplies,Binders,Consumer,6,0.3,387.51,-32.55,-0.08399783231400479
2021-04-19,2021,4,Asia Pacific,Furniture,Furnishings,Corporate,1,0.15,117.97,-3.52,-0.029838094430787488
2021-05-27,2021,5,Europe,Technology,Accessories,Consumer,1,0.0,472.6,120.26,0.254464663563267
2023-08-06,2023,8,Asia Pacific,Furniture,Tables,Corporate,4,0.0,1157.87,93.76,0.08097627540224724
2023-09-20,2023,9,Asia Pacific,Technology,Laptops,Corporate,8,0.15,2788.52,353.16,0.1266478275214092
2024-08-03,2024,8,North America,Furniture,Furnishings,Corporate,4,0.15,2760.16,36.46,0.013209379166425136
2022-11-01,2022,11,Asia Pacific,Technology,Accessories,Corporate,4,0.2,1527.08,98.98,0.06481651255991829
2022-10-02,2022,10,Europe,Technology,Laptops,Consumer,2,0.1,1129.39,165.99,0.1469731447949778
2023-04-19,2023,4,North America,Technology,Copiers,Consumer,2,0.1,1779.58,382.36,0.21485968599332428
2022-04-21,2022,4,Asia Pacific,Office Supplies,Binders,Corporate,4,0.2,187.41,3.79,0.02022304039272184
2024-07-06,2024,7,North America,Office Supplies,Paper,Corporate,1,0.15,103.65,6.07,0.05856246985045827
2021-01-14,2021,1,Europe,Technology,Laptops,Corporate,1,0.2,793.25,132.78,0.167387330601954
2022-06-11,2022,6,North America,Technology,Phones,Consumer,3,0.0,783.18,233.61,0.2982839194055007
2023-08-20,2023,8,North America,Office Supplies,Art,Corporate,3,0.2,253.24,-21.4,-0.08450481756436581
2022-01-22,2022,1,North America,Office Supplies,Storage,Corporate,5,0.1,349.94,3.69,0.010544664799679944
2022-04-09,2022,4,Europe,Office Supplies,Binders,Consumer,3,0.1,162.3,12.99,0.08003696857670979
2022-05-19,2022,5,North America,Technology,Copiers,Consumer,4,0.0,2930.01,786.6,0.26846324756570794
2022-06-12,2022,6,North America,Office Supplies,Binders,Home Office,5,0.15,418.42,-11.07,-0.026456670331246115
2024-09-17,2024,9,Europe,Furniture,Tables,Corporate,3,0.3,1097.28,-198.28,-0.1807013706620006
2024-08-27,2024,8,Europe,Technology,Copiers,Consumer,2,0.0,773.17,243.91,0.3154674909786981
2022-06-26,2022,6,North America,Technology,Laptops,Consumer,4,0.1,1127.56,283.61,0.2515254177161304
2024-06-04,2024,6,Asia Pacific,Technology,Laptops,Consumer,4,0.2,2807.83,439.86,0.15665478323117854
2024-07-08,2024,7,Europe,Technology,Laptops,Consumer,1,0.3,468.07,-26.56,-0.056743649454141475
2022-01-23,2022,1,Asia Pacific,Technology,Laptops,Consumer,1,0.0,336.36,87.41,0.2598703769770484
2023-01-30,2023,1,North America,Furniture,Bookcases,Corporate,2,0.15,443.95,16.12,0.036310395314787705
2024-11-10,2024,11,Latin America,Office Supplies,Binders,Consumer,2,0.5,254.89,-83.76,-0.32861234257915184
2024-10-09,2024,10,Asia Pacific,Office Supplies,Storage,Consumer,3,0.1,93.77,11.89,0.12679961608190254
2024-02-17,2024,2,North America,Office Supplies,Art,Consumer,3,0.15,119.13,13.36,0.11214639469487114
2022-01-21,2022,1,North America,Office Supplies,Paper,Corporate,4,0.2,297.17,14.12,0.04751489046673621
2024-03-16,2024,3,Latin America,Office Supplies,Art,Home Office,4,0.0,128.94,15.87,0.12308050255932991
2021-03-25,2021,3,Europe,Technology,Accessories,Corporate,4,0.0,763.42,214.89,0.281483325037332
2024-12-26,2024,12,Europe,Office Supplies,Storage,Home Office,3,0.15,415.76,15.74,0.037858379834519916
2024-09-13,2024,9,North America,Technology,Laptops,Corporate,4,0.1,1853.53,421.23,0.22725825856608742
2022-11-25,2022,11,Asia Pacific,Technology,Laptops,Home Office,1,0.1,737.72,76.14,0.10320988993113918
2022-12-23,2022,12,Asia Pacific,Furniture,Chairs,Consumer,2,0.15,1530.35,34.89,0.02279870617832522
2023-11-02,2023,11,North America,Office Supplies,Paper,Home Office,2,0.1,121.59,22.52,0.18521259972037174
2022-04-28,2022,4,Latin America,Furniture,Furnishings,Corporate,1,0.2,438.75,-53.95,-0.12296296296296297
2024-11-19,2024,11,Latin America,Office Supplies,Paper,Corporate,4,0.4,855.15,-148.37,-0.1735017248435947
2021-01-15,2021,1,Europe,Furniture,Chairs,Consumer,2,0.0,414.44,49.35,0.1190763439822411
2022-01-24,2022,1,Europe,Office Supplies,Storage,Consumer,4,0.15,249.44,14.3,0.057328415651058375
2022-07-23,2022,7,Latin America,Office Supplies,Storage,Corporate,8,0.0,895.15,160.8,0.1796346980952913
2024-05-10,2024,5,Asia Pacific,Office Supplies,Storage,Consumer,1,0.0,51.12,12.67,0.24784820031298907
2023-12-12,2023,12,North America,Office Supplies,Binders,Corporate,2,0.2,235.02,-3.95,-0.01680708024848949
2024-12-04,2024,12,Europe,Office Supplies,Art,Corporate,2,0.1,188.89,18.94,0.10026999841177406
2024-01-26,2024,1,Europe,Furniture,Chairs,Corporate,3,0.0,1478.68,190.46,0.12880406849352125
2022-08-26,2022,8,Middle East & Africa,Technology,Copiers,Consumer,3,0.2,1471.05,153.51,0.10435403283369021
2021-02-27,2021,2,Latin America,Office Supplies,Paper,Corporate,2,0.0,63.19,11.68,0.18483937331856307
2023-03-25,2023,3,Asia Pacific,Technology,Accessories,Consumer,2,0.2,796.79,114.46,0.1436514012475056
2024-06-07,2024,6,Latin America,Technology,Laptops,Home Office,1,0.3,544.43,13.44,0.024686369230204067
2024-05-20,2024,5,Latin America,Technology,Phones,Corporate,1,0.0,760.93,251.47,0.33047717924119174
2022-05-11,2022,5,Europe,Office Supplies,Storage,Consumer,4,0.15,248.51,16.53,0.06651643797030302
2023-07-25,2023,7,Asia Pacific,Technology,Phones,Consumer,7,0.1,2527.73,487.34,0.19279749023827703
2023-01-27,2023,1,Europe,Office Supplies,Art,Corporate,2,0.1,124.95,20.24,0.161984793917567
2021-02-05,2021,2,Europe,Furniture,Bookcases,Consumer,1,0.0,182.19,32.77,0.17986717163400848
2021-07-08,2021,7,Latin America,Technology,Copiers,Corporate,1,0.2,363.27,33.56,0.09238307594901865
2024-10-16,2024,10,Asia Pacific,Furniture,Tables,Corporate,5,0.15,1182.83,25.39,0.021465468410507005
2023-04-08,2023,4,North America,Office Supplies,Paper,Consumer,3,0.3,251.21,-13.45,-0.053540862226822174
2022-06-12,2022,6,North America,Technology,Laptops,Home Office,2,0.15,975.89,96.43,0.09881236614782404
2022-02-05,2022,2,Asia Pacific,Office Supplies,Binders,Corporate,3,0.3,140.95,-10.53,-0.07470734302944307
2022-09-08,2022,9,Latin America,Technology,Phones,Consumer,5,0.1,4858.47,679.04,0.13976416443859896
2023-03-27,2023,3,Europe,Technology,Laptops,Consumer,3,0.0,1035.01,341.23,0.3296876358682525
2021-05-06,2021,5,North America,Technology,Phones,Consumer,1,0.3,854.65,-20.16,-0.023588603521909553
2024-04-07,2024,4,Asia Pacific,Technology,Copiers,Corporate,2,0.2,662.92,17.38,0.026217341458999576
2024-02-22,2024,2,North America,Furniture,Furnishings,Consumer,2,0.1,556.64,-28.5,-0.05120005748778385
2022-01-21,2022,1,Middle East & Africa,Office Supplies,Art,Consumer,4,0.5,176.31,-46.54,-0.2639668765243038
2024-06-15,2024,6,North America,Furniture,Tables,Corporate,2,0.0,850.17,73.38,0.08631214933483891
2023-12-21,2023,12,Asia Pacific,Furniture,Furnishings,Consumer,5,0.1,2324.99,-153.68,-0.06609920902885605
2021-11-24,2021,11,Asia Pacific,Office Supplies,Storage,Corporate,2,0.2,288.89,4.94,0.01709993423102219
2024-05-28,2024,5,Asia Pacific,Technology,Accessories,Corporate,2,0.1,1085.08,264.98,0.24420319239134444
2023-10-11,2023,10,Asia Pacific,Office Supplies,Art,Consumer,4,0.0,166.73,30.5,0.18293048641516224
2024-04-18,2024,4,Latin America,Technology,Copiers,Corporate,3,0.1,1235.29,287.84,0.23301411004703348
2023-12-10,2023,12,North America,Furniture,Chairs,Consumer,3,0.2,1512.14,-137.58,-0.09098363908103747
2024-01-13,2024,1,Middle East & Africa,Office Supplies,Art,Corporate,1,0.2,81.43,1.99,0.024438167751442957
2023-07-02,2023,7,Middle East & Africa,Technology,Laptops,Corporate,1,0.2,749.86,63.96,0.08529592190542234
2024-07-26,2024,7,Latin America,Technology,Accessories,Home Office,1,0.15,301.36,29.87,0.09911733474913724
2021-01-23,2021,1,Latin America,Furniture,Bookcases,Consumer,1,0.1,305.06,-6.16,-0.020192748967416248
2022-08-15,2022,8,North America,Office Supplies,Binders,Corporate,1,0.0,65.06,10.33,0.15877651398708884
2023-01-05,2023,1,North America,Technology,Copiers,Home Office,1,0.0,636.66,165.75,0.2603430402412591
2022-12-15,2022,12,Asia Pacific,Office Supplies,Storage,Corporate,6,0.1,489.69,63.96,0.13061324511425595
2021-10-24,2021,10,Europe,Technology,Laptops,Corporate,2,0.5,625.93,-140.64,-0.2246896617832665
2023-09-07,2023,9,Europe,Technology,Accessories,Consumer,3,0.15,2776.63,513.64,0.18498683656086695
2023-02-03,2023,2,North America,Furniture,Bookcases,Corporate,7,0.0,2288.49,302.55,0.13220507845784776
2024-04-10,2024,4,Asia Pacific,Office Supplies,Binders,Corporate,4,0.1,146.63,3.03,0.020664256973334242
2024-09-16,2024,9,North America,Technology,Laptops,Home Office,4,0.1,2400.54,586.23,0.2442075533005074
2022-11-16,2022,11,Asia Pacific,Furniture,Furnishings,Consumer,4,0.3,1442.59,-132.43,-0.09180016498104106
2021-03-26,2021,3,Europe,Technology,Phones,Home Office,4,0.2,1018.12,99.98,0.09820060503673438
2023-11-26,2023,11,North America,Furniture,Furnishings,Consumer,3,0.1,2308.32,25.84,0.011194288486864904
2022-03-19,2022,3,Asia Pacific,Office Supplies,Paper,Corporate,1,0.15,58.76,4.09,0.06960517358747448
2022-12-23,2022,12,Asia Pacific,Office Supplies,Paper,Consumer,3,0.3,337.24,-20.88,-0.061914363657929065
2024-12-08,2024,12,Latin America,Furniture,Furnishings,Consumer,5,0.1,3476.45,49.27,0.014172503559665752
2022-05-01,2022,5,North America,Furniture,Furnishings,Consumer,5,0.5,2092.59,-565.67,-0.2703205119015191
2024-01-06,2024,1,Europe,Technology,Copiers,Consumer,1,0.1,667.47,186.73,0.27975789174045274
2023-01-16,2023,1,North America,Furniture,Tables,Consumer,2,0.15,639.73,-16.76,-0.02619855251434199
2024-01-22,2024,1,Asia Pacific,Technology,Accessories,Consumer,4,0.0,1494.76,564.25,0.37748534881853946
2021-05-27,2021,5,North America,Technology,Accessories,Home Office,1,0.2,541.35,5.14,0.009494781564607
2022-08-19,2022,8,Europe,Technology,Accessories,Consumer,1,0.15,310.7,63.72,0.2050852912777599
2024-08-26,2024,8,North America,Furniture,Bookcases,Consumer,4,0.2,1791.45,-58.8,-0.03282257389265678
2024-04-03,2024,4,North America,Office Supplies,Art,Corporate,1,0.0,49.47,12.04,0.24337982615726703
2024-11-21,2024,11,Europe,Office Supplies,Binders,Consumer,1,0.15,97.97,2.7,0.0275594569766255
2021-06-28,2021,6,Europe,Technology,Accessories,Consumer,1,0.3,404.98,44.61,0.11015358783149784
2021-08-30,2021,8,Latin America,Furniture,Furnishings,Corporate,2,0.15,862.83,-11.04,-0.012795104481763497
2023-02-27,2023,2,Middle East & Africa,Office Supplies,Paper,Consumer,5,0.2,223.15,0.88,0.003943535738292628
2024-05-10,2024,5,North America,Furniture,Tables,Consumer,2,0.1,314.22,-6.55,-0.020845267646871616
2022-05-16,2022,5,Latin America,Technology,Phones,Home Office,3,0.1,1443.12,265.12,0.1837130661344864
2023-07-10,2023,7,Europe,Office Supplies,Binders,Consumer,3,0.2,184.54,-3.84,-0.02080849680286117
2023-07-29,2023,7,North America,Technology,Copiers,Consumer,2,0.15,1619.83,290.91,0.17959292024471707
2023-10-06,2023,10,Asia Pacific,Furniture,Chairs,Home Office,3,0.3,732.45,-32.32,-0.04412587889958359
2023-09-30,2023,9,Latin America,Technology,Phones,Corporate,4,0.0,2105.45,527.59,0.25058301075779527
2021-03-04,2021,3,North America,Furniture,Chairs,Consumer,2,0.4,373.73,-102.87,-0.2752521874080218
2024-05-31,2024,5,Europe,Office Supplies,Art,Corporate,2,0.0,162.37,29.28,0.1803288784874053
2022-01-20,2022,1,Asia Pacific,Office Supplies,Art,Corporate,2,0.15,92.69,9.3,0.10033444816053513
2023-12-14,2023,12,North America,Office Supplies,Art,Corporate,1,0.2,74.27,-3.32,-0.044701763834657335
2021-12-20,2021,12,North America,Office Supplies,Storage,Consumer,2,0.1,106.63,16.19,0.15183344274594393
2021-05-03,2021,5,Asia Pacific,Furniture,Furnishings,Consumer,3,0.2,985.14,-104.95,-0.10653308159246402
2023-05-27,2023,5,Asia Pacific,Office Supplies,Storage,Home Office,2,0.2,94.99,6.84,0.07200757974523635
2023-04-23,2023,4,North America,Office Supplies,Paper,Consumer,1,0.0,99.24,18.24,0.1837968561064087
2021-03-12,2021,3,North America,Office Supplies,Art,Corporate,1,0.1,34.36,3.0,0.08731082654249127
2022-11-09,2022,11,North America,Office Supplies,Storage,Consumer,2,0.15,161.5,25.61,0.15857585139318886
2023-09-15,2023,9,Latin America,Furniture,Chairs,Consumer,3,0.15,576.71,-33.46,-0.05801876159594944
2023-08-29,2023,8,Asia Pacific,Office Supplies,Art,Home Office,4,0.15,291.51,23.42,0.08034029707385683
2024-07-05,2024,7,Asia Pacific,Technology,Phones,Corporate,3,0.3,1957.06,234.14,0.11963864163592326
2024-06-19,2024,6,Europe,Office Supplies,Art,Consumer,4,0.15,344.27,45.21,0.1313213466174805
2023-06-08,2023,6,Europe,Office Supplies,Binders,Corporate,5,0.3,612.63,-67.5,-0.11018069634200088
2024-02-16,2024,2,Europe,Office Supplies,Binders,Corporate,3,0.4,147.77,-33.03,-0.2235230425661501
2023-07-17,2023,7,Europe,Technology,Copiers,Home Office,3,0.0,3127.78,940.85,0.3008044044018441
2024-04-19,2024,4,Europe,Furniture,Furnishings,Consumer,1,0.1,284.71,9.08,0.031892100734080296
2022-12-06,2022,12,Middle East & Africa,Technology,Laptops,Home Office,5,0.1,4108.9,861.31,0.20962057971719925
2022-09-13,2022,9,Asia Pacific,Furniture,Chairs,Home Office,2,0.15,570.12,-65.61,-0.11508103557145864
2021-03-18,2021,3,North America,Technology,Phones,Home Office,2,0.1,456.51,83.34,0.18255898008805943
2024-11-20,2024,11,Asia Pacific,Technology,Copiers,Home Office,3,0.2,2440.07,235.77,0.0966242771723762
2022-12-02,2022,12,North America,Furniture,Tables,Consumer,4,0.4,1790.82,-379.39,-0.2118526708435242
2024-01-27,2024,1,Asia Pacific,Technology,Phones,Corporate,4,0.1,3721.62,964.91,0.259271500045679
2022-03-31,2022,3,Europe,Technology,Phones,Consumer,4,0.1,2488.41,596.01,0.23951438870604122
2024-02-07,2024,2,Asia Pacific,Office Supplies,Binders,Home Office,6,0.0,332.4,35.79,0.10767148014440434
2021-11-17,2021,11,Latin America,Technology,Phones,Home Office,7,0.15,4347.43,761.91,0.17525526575471023
2021-01-11,2021,1,Asia Pacific,Furniture,Tables,Home Office,6,0.4,1878.16,-468.92,-0.24966988967926054
2022-10-09,2022,10,Asia Pacific,Technology,Laptops,Home Office,4,0.4,2543.74,-315.36,-0.12397493454519724
2024-04-29,2024,4,North America,Technology,Laptops,Consumer,3,0.3,1227.09,93.02,0.07580536064999308
2023-09-09,2023,9,Latin America,Office Supplies,Storage,Consumer,8,0.0,576.81,161.69,0.2803176089180146
2023-08-28,2023,8,Europe,Office Supplies,Art,Corporate,2,0.15,124.13,5.68,0.045758479013937
2023-05-21,2023,5,Latin America,Office Supplies,Paper,Home Office,5,0.2,157.23,1.9,0.012084207848374993
2023-01-02,2023,1,North America,Office Supplies,Storage,Consumer,2,0.3,96.49,-6.56,-0.0679863198258887
2021-01-29,2021,1,Europe,Office Supplies,Art,Corporate,1,0.4,37.03,-7.96,-0.2149608425600864
2021-11-13,2021,11,Asia Pacific,Furniture,Bookcases,Consumer,5,0.3,1887.75,-183.19,-0.09704145146338233
2024-10-14,2024,10,North America,Furniture,Bookcases,Corporate,5,0.2,2679.36,-124.16,-0.046339424340140926
2022-09-10,2022,9,Europe,Technology,Laptops,Home Office,6,0.4,3211.03,-68.89,-0.02145417514006409
2022-03-24,2022,3,North America,Furniture,Chairs,Consumer,1,0.1,283.91,12.89,0.04540171181008066
2022-03-28,2022,3,Asia Pacific,Office Supplies,Binders,Consumer,1,0.2,30.12,0.61,0.020252324037184594
2023-01-03,2023,1,Latin America,Office Supplies,Binders,Consumer,1,0.2,55.39,-1.16,-0.02094240837696335
2021-06-23,2021,6,Latin America,Office Supplies,Binders,Consumer,3,0.2,256.16,-9.25,-0.036110243597751404
2023-03-21,2023,3,Europe,Furniture,Bookcases,Consumer,4,0.2,1427.74,-106.33,-0.07447434406824772
2021-10-23,2021,10,North America,Technology,Copiers,Consumer,2,0.15,1028.41,115.32,0.11213426551667136
2023-07-19,2023,7,Middle East & Africa,Technology,Laptops,Consumer,3,0.0,1336.65,409.61,0.30644521752141546
2024-04-20,2024,4,Middle East & Africa,Technology,Laptops,Consumer,5,0.2,3375.6,429.94,0.1273669866097879
2023-09-06,2023,9,Europe,Office Supplies,Binders,Consumer,2,0.1,106.16,14.42,0.13583270535041447
2022-05-17,2022,5,North America,Office Supplies,Paper,Corporate,5,0.0,321.15,53.53,0.1666822357153978
2021-01-13,2021,1,Europe,Office Supplies,Storage,Consumer,2,0.1,46.73,5.76,0.12326128825165847
2024-06-18,2024,6,Asia Pacific,Office Supplies,Paper,Home Office,3,0.4,234.74,-40.43,-0.17223310897162816
2021-10-19,2021,10,Asia Pacific,Office Supplies,Paper,Consumer,4,0.3,208.27,-7.4,-0.03553080136361454
2022-07-16,2022,7,Latin America,Furniture,Furnishings,Consumer,3,0.15,576.91,67.04,0.1162053006534815
2021-03-28,2021,3,North America,Office Supplies,Storage,Consumer,4,0.0,236.97,47.87,0.20200869308351266
2022-11-30,2022,11,North America,Furniture,Chairs,Home Office,2,0.3,835.53,-135.05,-0.1616339329527366
2023-01-08,2023,1,Asia Pacific,Office Supplies,Paper,Consumer,3,0.1,202.44,18.42,0.09098992294013042
2022-02-20,2022,2,North America,Furniture,Bookcases,Consumer,3,0.0,468.97,46.65,0.0994733138580293
2024-02-15,2024,2,Latin America,Technology,Copiers,Consumer,3,0.1,1632.89,318.31,0.1949365848281268
2022-02-28,2022,2,Europe,Technology,Phones,Corporate,1,0.0,251.98,85.95,0.341098499880943
2022-02-20,2022,2,Latin America,Office Supplies,Binders,Consumer,3,0.5,139.04,-31.35,-0.22547468354430383
2023-11-29,2023,11,Asia Pacific,Technology,Accessories,Home Office,4,0.0,2705.07,586.09,0.21666352441896142
2021-03-21,2021,3,Europe,Furniture,Bookcases,Home Office,5,0.4,577.87,-167.62,-0.2900652395867583
2022-05-15,2022,5,North America,Office Supplies,Art,Consumer,1,0.1,58.18,6.15,0.10570642832588519
2024-03-10,2024,3,North America,Office Supplies,Art,Home Office,3,0.1,209.99,29.4,0.1400066669841421
2022-01-01,2022,1,Europe,Technology,Copiers,Consumer,5,0.15,3095.7,581.03,0.18768937558548957
2022-04-15,2022,4,North America,Office Supplies,Paper,Consumer,7,0.15,264.13,34.32,0.1299360163555825
2023-11-09,2023,11,Europe,Office Supplies,Paper,Home Office,5,0.3,407.61,-50.68,-0.12433453546281985
2023-02-18,2023,2,Asia Pacific,Office Supplies,Art,Corporate,1,0.0,36.52,5.79,0.1585432639649507
2024-08-12,2024,8,Asia Pacific,Furniture,Chairs,Consumer,1,0.15,423.45,-22.36,-0.05280434525918054
2024-08-21,2024,8,Asia Pacific,Office Supplies,Paper,Corporate,4,0.1,141.21,9.48,0.06713405566178032
2024-04-09,2024,4,North America,Office Supplies,Paper,Corporate,2,0.15,117.41,17.51,0.1491355080487182
2023-03-02,2023,3,Middle East & Africa,Office Supplies,Binders,Corporate,2,0.15,127.65,10.69,0.08374461417939678
2023-12-28,2023,12,Europe,Office Supplies,Storage,Corporate,1,0.15,79.53,4.53,0.05695963787250095
2022-12-24,2022,12,North America,Office Supplies,Binders,Consumer,3,0.1,268.14,39.37,0.14682628477660922
2021-03-30,2021,3,Middle East & Africa,Office Supplies,Art,Corporate,2,0.2,114.49,4.17,0.036422394968992924
2022-05-12,2022,5,North America,Furniture,Tables,Consumer,6,0.3,1611.88,-254.04,-0.1576047844752711
2024-09-19,2024,9,Middle East & Africa,Office Supplies,Art,Corporate,3,0.1,243.62,15.63,0.06415729414662179
2024-11-23,2024,11,Latin America,Technology,Phones,Corporate,5,0.0,2691.72,678.6,0.2521064598100843
2022-01-03,2022,1,North America,Office Supplies,Paper,Consumer,2,0.0,124.74,28.66,0.2297578964245631
2024-08-03,2024,8,North America,Office Supplies,Storage,Corporate,5,0.5,480.64,-103.92,-0.2162117177097204
2021-09-15,2021,9,North America,Furniture,Bookcases,Consumer,5,0.1,1476.85,152.8,0.10346345261874938
2021-05-26,2021,5,Latin America,Technology,Copiers,Home Office,2,0.0,935.65,258.37,0.2761395821086945
2023-09-15,2023,9,North America,Technology,Copiers,Consumer,2,0.0,1001.26,265.08,0.2647464195114156
2021-11-29,2021,11,North America,Technology,Copiers,Corporate,7,0.2,6802.55,867.0,0.1274522054229664
2024-06-25,2024,6,North America,Office Supplies,Paper,Consumer,5,0.4,457.97,-83.0,-0.18123457868419326
2023-01-03,2023,1,North America,Technology,Accessories,Corporate,2,0.0,1218.33,374.2,0.3071417432058638
2023-04-08,2023,4,North America,Furniture,Bookcases,Corporate,5,0.3,2240.3,-343.44,-0.15330089720126766
2024-12-19,2024,12,Asia Pacific,Furniture,Chairs,Consumer,5,0.1,3240.04,180.84,0.05581412575153393
2023-11-17,2023,11,Europe,Technology,Laptops,Corporate,3,0.1,2359.8,227.71,0.09649546571743367
2021-08-12,2021,8,North America,Technology,Laptops,Consumer,4,0.15,2014.54,314.43,0.15608029624628947
2023-12-13,2023,12,Asia Pacific,Office Supplies,Storage,Consumer,4,0.1,323.76,1.36,0.004200642451198419
2022-07-23,2022,7,Europe,Technology,Laptops,Consumer,4,0.3,1682.0,-36.73,-0.02183709869203329
2024-08-31,2024,8,North America,Technology,Phones,Corporate,1,0.15,853.28,76.8,0.09000562535158448
2023-12-13,2023,12,Latin America,Technology,Laptops,Consumer,6,0.0,2659.15,525.78,0.19772483688396666
2021-11-15,2021,11,North America,Furniture,Chairs,Corporate,8,0.15,2787.53,-121.59,-0.043619261496737255
2024-05-28,2024,5,Asia Pacific,Office Supplies,Paper,Home Office,3,0.0,395.23,56.53,0.1430306403866103
2024-12-10,2024,12,Europe,Furniture,Tables,Consumer,1,0.5,543.38,-181.12,-0.3333210644484523
2023-05-23,2023,5,North America,Technology,Phones,Home Office,4,0.3,2504.84,-116.41,-0.04647402628511202
2024-05-22,2024,5,North America,Office Supplies,Storage,Corporate,6,0.0,563.1,97.1,0.17243828804830402
2021-06-12,2021,6,North America,Technology,Accessories,Consumer,3,0.1,1651.77,211.5,0.12804446139595707
2023-07-24,2023,7,Asia Pacific,Office Supplies,Paper,Corporate,2,0.5,287.07,-84.98,-0.29602535966837357
2021-04-21,2021,4,Europe,Office Supplies,Storage,Consumer,3,0.15,142.99,9.44,0.06601860269948946
2021-11-21,2021,11,North America,Office Supplies,Paper,Consumer,3,0.2,168.3,-3.89,-0.02311348781937017
2024-10-28,2024,10,North America,Technology,Copiers,Consumer,6,0.5,2888.88,-778.41,-0.269450444462906
2024-02-08,2024,2,North America,Technology,Accessories,Consumer,1,0.1,547.06,96.31,0.1760501590319161
2021-10-19,2021,10,North America,Technology,Accessories,Consumer,1,0.0,675.52,165.05,0.24433029369966844
2021-09-18,2021,9,Asia Pacific,Office Supplies,Art,Consumer,4,0.15,392.7,30.88,0.07863509039979628
2023-03-18,2023,3,Latin America,Furniture,Chairs,Consumer,4,0.3,983.7,-172.66,-0.17552099217241027
2023-11-09,2023,11,Europe,Office Supplies,Art,Home Office,2,0.0,397.9,72.02,0.18100025131942699
2021-12-30,2021,12,Europe,Technology,Accessories,Home Office,3,0.1,3495.02,891.42,0.2550543344530217
2022-08-11,2022,8,Europe,Technology,Laptops,Home Office,4,0.0,2075.81,776.75,0.3741912795487063
2024-02-27,2024,2,North America,Technology,Phones,Corporate,2,0.3,374.42,-17.07,-0.04559051332727952
2024-11-05,2024,11,Middle East & Africa,Technology,Phones,Consumer,4,0.1,5859.68,1373.8,0.23444966278022006
2021-07-18,2021,7,Asia Pacific,Office Supplies,Paper,Consumer,5,0.2,337.66,2.99,0.008855061304270568
2024-08-08,2024,8,North America,Office Supplies,Storage,Corporate,3,0.5,182.38,-39.72,-0.21778703805241803
2021-07-22,2021,7,North America,Office Supplies,Art,Corporate,2,0.1,67.73,8.9,0.13140410453270338
2022-10-30,2022,10,Asia Pacific,Technology,Phones,Consumer,6,0.5,2822.9,-441.65,-0.15645258422189945
2022-09-01,2022,9,Europe,Technology,Phones,Home Office,2,0.2,571.83,88.14,0.15413671895493414
2022-11-24,2022,11,Asia Pacific,Technology,Laptops,Consumer,2,0.3,1124.43,83.99,0.0746956235603817
2023-03-11,2023,3,Europe,Office Supplies,Binders,Corporate,3,0.15,148.63,9.9,0.06660835632106574
2021-01-15,2021,1,North America,Office Supplies,Paper,Corporate,1,0.0,59.92,13.97,0.23314419225634178
2021-07-05,2021,7,North America,Furniture,Tables,Corporate,4,0.0,2820.75,259.67,0.09205707701852345
2023-10-25,2023,10,Europe,Office Supplies,Storage,Corporate,4,0.2,132.11,4.17,0.03156460525319809
2023-06-05,2023,6,North America,Furniture,Chairs,Consumer,5,0.2,2039.64,-163.05,-0.07994057774901453
2024-03-06,2024,3,Asia Pacific,Office Supplies,Storage,Consumer,2,0.2,140.99,2.74,0.019434002411518547
2021-04-02,2021,4,North America,Technology,Accessories,Consumer,1,0.0,309.24,62.21,0.20117061182253265
2022-10-29,2022,10,Europe,Technology,Phones,Consumer,3,0.4,803.4,4.07,0.0050659696290764255
2023-08-23,2023,8,Asia Pacific,Office Supplies,Paper,Consumer,2,0.15,195.99,9.17,0.04678810143374662
2022-06-07,2022,6,North America,Technology,Laptops,Corporate,3,0.4,1541.64,-219.63,-0.14246516696505018
2021-08-31,2021,8,Europe,Office Supplies,Storage,Consumer,1,0.3,48.88,-3.62,-0.07405891980360066
2021-01-14,2021,1,North America,Office Supplies,Art,Consumer,3,0.3,192.46,-21.68,-0.11264678374727216
2024-05-24,2024,5,Europe,Furniture,Chairs,Consumer,3,0.0,873.54,86.97,0.09956040936877533
2023-06-17,2023,6,Europe,Furniture,Tables,Home Office,4,0.0,1665.15,192.57,0.1156472389874786
2023-06-13,2023,6,Latin America,Technology,Accessories,Consumer,5,0.3,3143.89,40.27,0.01280897232409531
2024-05-04,2024,5,Europe,Office Supplies,Art,Consumer,5,0.15,322.86,33.71,0.10441058043734126
2021-07-24,2021,7,Asia Pacific,Technology,Laptops,Home Office,1,0.15,344.2,66.04,0.1918651946542708
2021-08-30,2021,8,Latin America,Office Supplies,Binders,Corporate,1,0.1,49.35,4.46,0.09037487335359676
2024-08-30,2024,8,Europe,Office Supplies,Storage,Consumer,4,0.2,289.43,11.67,0.04032063020419445
2021-02-20,2021,2,Latin America,Technology,Phones,Home Office,1,0.0,272.62,51.56,0.18912772357127136
2023-05-04,2023,5,Asia Pacific,Office Supplies,Storage,Corporate,3,0.1,138.41,19.09,0.13792356043638465
2021-10-02,2021,10,Europe,Technology,Phones,Consumer,5,0.2,1401.89,56.15,0.04005307121100799
2023-09-19,2023,9,Europe,Technology,Copiers,Consumer,3,0.2,1036.54,112.89,0.1089104134910375
2023-05-14,2023,5,North America,Office Supplies,Paper,Consumer,3,0.15,137.64,3.4,0.024702121476315026
2023-10-28,2023,10,North America,Office Supplies,Paper,Home Office,7,0.0,420.52,69.07,0.16424902501664604
2021-03-19,2021,3,Europe,Technology,Copiers,Corporate,2,0.0,1209.53,271.73,0.2246575115954131
2024-01-23,2024,1,Europe,Office Supplies,Storage,Consumer,5,0.4,492.52,-132.8,-0.2696337204580525
2023-02-11,2023,2,North America,Office Supplies,Paper,Corporate,3,0.15,102.98,0.5,0.004855311711011847
2024-09-07,2024,9,Latin America,Office Supplies,Art,Corporate,6,0.0,357.94,32.05,0.08954014639325025
2023-12-03,2023,12,Europe,Furniture,Tables,Home Office,3,0.2,1339.64,-117.78,-0.08791914245618225
2023-11-19,2023,11,Latin America,Technology,Phones,Consumer,1,0.2,596.98,43.12,0.07223022546818988
2022-11-26,2022,11,Latin America,Office Supplies,Binders,Consumer,5,0.0,289.18,65.8,0.2275399405214745
2022-01-30,2022,1,Europe,Office Supplies,Paper,Consumer,5,0.1,483.39,43.43,0.08984463890440432
2021-10-06,2021,10,Asia Pacific,Furniture,Bookcases,Consumer,2,0.5,647.88,-211.91,-0.3270821757115515
2024-02-28,2024,2,Latin America,Technology,Laptops,Consumer,1,0.15,435.83,51.2,0.11747699791202994
2023-09-17,2023,9,North America,Furniture,Tables,Corporate,3,0.0,834.05,-10.41,-0.012481266111144416
2024-02-26,2024,2,Europe,Office Supplies,Storage,Corporate,2,0.1,155.05,11.88,0.07662044501773621
2024-04-30,2024,4,North America,Office Supplies,Art,Home Office,5,0.2,382.45,4.18,0.01092953327232318
2023-01-05,2023,1,Latin America,Office Supplies,Paper,Consumer,1,0.1,54.34,7.7,0.1417004048582996
2023-04-06,2023,4,North America,Office Supplies,Paper,Corporate,2,0.3,110.99,-2.12,-0.019100819893684118
2024-01-21,2024,1,North America,Office Supplies,Binders,Consumer,1,0.15,72.35,6.19,0.08555632342778163
2022-10-20,2022,10,Latin America,Furniture,Bookcases,Corporate,4,0.2,1468.32,-157.78,-0.1074561403508772
2021-03-18,2021,3,Middle East & Africa,Office Supplies,Art,Home Office,2,0.1,58.96,5.25,0.08904341926729986
2021-10-01,2021,10,North America,Technology,Copiers,Corporate,1,0.2,441.96,47.65,0.10781518689474161
2023-06-26,2023,6,Europe,Office Supplies,Storage,Corporate,3,0.5,219.49,-61.85,-0.2817896031709873
2023-05-02,2023,5,North America,Office Supplies,Binders,Consumer,6,0.3,342.89,-43.26,-0.12616290938785032
2023-05-31,2023,5,Asia Pacific,Technology,Accessories,Corporate,4,0.1,917.66,188.79,0.20572979099012706
2023-12-09,2023,12,Asia Pacific,Technology,Accessories,Corporate,2,0.1,2225.12,362.83,0.16306086862730998
2023-03-12,2023,3,Middle East & Africa,Office Supplies,Paper,Home Office,2,0.0,85.14,17.75,0.20848015034061546
2023-06-13,2023,6,North America,Furniture,Tables,Corporate,3,0.0,595.77,113.5,0.19050976047803683
2023-05-09,2023,5,Middle East & Africa,Office Supplies,Art,Consumer,3,0.1,144.17,12.43,0.08621765970729
2022-03-24,2022,3,North America,Furniture,Bookcases,Corporate,5,0.15,1019.39,-96.25,-0.09441921148922394
2022-08-09,2022,8,North America,Office Supplies,Storage,Home Office,1,0.0,75.77,12.8,0.16893229510360303
2023-07-17,2023,7,North America,Furniture,Furnishings,Corporate,5,0.1,1219.58,33.41,0.027394676855966808
2022-07-08,2022,7,Europe,Technology,Copiers,Consumer,3,0.1,1261.65,103.01,0.08164704949867237
2021-01-18,2021,1,Europe,Office Supplies,Binders,Consumer,5,0.1,173.77,27.83,0.1601542268515854
2022-03-24,2022,3,Asia Pacific,Technology,Copiers,Consumer,3,0.0,1737.27,539.85,0.3107461707161236
2021-03-05,2021,3,North America,Office Supplies,Paper,Home Office,6,0.1,151.87,21.65,0.1425561335352604
2022-08-01,2022,8,Europe,Office Supplies,Binders,Home Office,1,0.0,59.04,14.13,0.23932926829268295
2024-03-19,2024,3,North America,Technology,Laptops,Home Office,5,0.0,2446.53,862.14,0.35239298107932454
2021-09-29,2021,9,Latin America,Technology,Copiers,Consumer,5,0.0,2626.84,821.54,0.3127483973138828
2024-09-22,2024,9,Asia Pacific,Technology,Laptops,Home Office,1,0.3,925.54,-46.04,-0.049743933271387514
2022-11-15,2022,11,North America,Technology,Laptops,Consumer,4,0.5,1902.19,-286.34,-0.15053175550286774
2023-06-22,2023,6,Asia Pacific,Technology,Copiers,Home Office,2,0.2,792.25,25.53,0.03222467655411802
2022-05-23,2022,5,Europe,Office Supplies,Binders,Consumer,5,0.2,222.07,20.81,0.09370919079569505
2023-11-02,2023,11,Europe,Furniture,Bookcases,Consumer,5,0.4,1343.27,-286.65,-0.2133971576823721
2021-09-10,2021,9,Asia Pacific,Furniture,Bookcases,Consumer,1,0.15,328.28,30.55,0.09306080175459974
2021-04-05,2021,4,North America,Furniture,Tables,Consumer,3,0.3,712.29,-167.35,-0.23494644035435006
2022-06-21,2022,6,Europe,Office Supplies,Binders,Corporate,2,0.2,127.55,10.32,0.08090944727557821
2021-01-15,2021,1,Middle East & Africa,Office Supplies,Art,Consumer,4,0.0,176.5,20.86,0.1181869688385269
2023-01-11,2023,1,Europe,Furniture,Tables,Home Office,3,0.3,1152.04,-268.18,-0.23278705600499983
2023-12-19,2023,12,North America,Technology,Laptops,Consumer,1,0.3,936.53,54.64,0.05834303225737563
2023-11-17,2023,11,North America,Technology,Phones,Consumer,2,0.0,1311.91,357.5,0.27250344916953145
2023-07-04,2023,7,Latin America,Technology,Accessories,Consumer,6,0.5,4508.8,-580.53,-0.12875487934705462
2021-04-15,2021,4,Europe,Technology,Copiers,Consumer,5,0.0,2509.14,839.55,0.3345967144121093
2021-07-22,2021,7,Latin America,Technology,Laptops,Consumer,2,0.2,660.8,149.56,0.2263317191283293
2021-04-05,2021,4,North America,Furniture,Chairs,Home Office,2,0.5,714.83,-211.23,-0.29549683141446215
2024-06-29,2024,6,Asia Pacific,Furniture,Furnishings,Corporate,2,0.0,1108.15,89.16,0.08045842169381401
2023-05-04,2023,5,Asia Pacific,Office Supplies,Art,Home Office,1,0.1,122.5,1.83,0.014938775510204082
2021-07-16,2021,7,Middle East & Africa,Technology,Laptops,Consumer,4,0.5,1418.93,-187.39,-0.13206430197402266
2022-01-10,2022,1,Middle East & Africa,Furniture,Furnishings,Home Office,1,0.15,216.98,10.32,0.04756198727993364
2022-06-27,2022,6,North America,Technology,Laptops,Corporate,6,0.0,3465.93,1035.07,0.29864134590138863
2023-12-25,2023,12,Asia Pacific,Furniture,Furnishings,Consumer,1,0.3,338.92,-71.89,-0.2121149533813289
2022-01-07,2022,1,Europe,Furniture,Tables,Consumer,4,0.0,1235.19,84.2,0.06816765032100325
2022-10-18,2022,10,North America,Furniture,Furnishings,Consumer,3,0.2,1019.11,-105.63,-0.10364926259186936
2024-09-02,2024,9,North America,Furniture,Bookcases,Consumer,1,0.1,398.03,33.85,0.08504384091651385
2021-09-29,2021,9,Asia Pacific,Furniture,Bookcases,Consumer,4,0.0,1160.2,24.43,0.021056714359593172
2021-08-28,2021,8,Europe,Furniture,Chairs,Corporate,2,0.2,372.04,-32.66,-0.08778625954198471
2022-12-15,2022,12,North America,Office Supplies,Storage,Consumer,2,0.1,427.78,47.64,0.11136565524334939
2022-07-14,2022,7,North America,Office Supplies,Storage,Consumer,1,0.1,38.17,5.93,0.1553576106890228
2021-02-18,2021,2,Europe,Furniture,Chairs,Consumer,4,0.4,1066.05,-253.63,-0.23791566999671684
2022-03-01,2022,3,North America,Office Supplies,Binders,Home Office,3,0.4,172.7,-23.11,-0.13381586566299944
2023-03-23,2023,3,North America,Furniture,Furnishings,Corporate,2,0.2,552.91,-26.42,-0.047783545242444526
2022-11-20,2022,11,Asia Pacific,Office Supplies,Storage,Consumer,3,0.1,404.02,17.77,0.04398297114004257
2024-08-28,2024,8,Asia Pacific,Office Supplies,Paper,Consumer,2,0.0,127.04,29.52,0.23236775818639796
2021-04-04,2021,4,North America,Office Supplies,Binders,Consumer,1,0.3,76.16,-3.96,-0.051995798319327734
2022-06-12,2022,6,Latin America,Technology,Phones,Consumer,4,0.1,1435.82,310.82,0.21647560279143627
2021-08-17,2021,8,Asia Pacific,Technology,Accessories,Corporate,4,0.15,1629.48,158.85,0.09748508726710362
2021-03-12,2021,3,Latin America,Office Supplies,Storage,Consumer,6,0.0,372.32,77.28,0.20756338633433608
2023-09-22,2023,9,North America,Office Supplies,Storage,Corporate,5,0.3,324.01,-22.33,-0.06891762599919755
2023-03-20,2023,3,North America,Technology,Accessories,Corporate,6,0.4,2985.42,-137.91,-0.04619450529573728
2024-10-01,2024,10,Latin America,Furniture,Furnishings,Corporate,5,0.3,1245.56,-215.47,-0.1729904621214554
2023-03-21,2023,3,Asia Pacific,Furniture,Chairs,Corporate,3,0.2,982.63,-5.8,-0.0059025268921160555
2023-08-03,2023,8,Asia Pacific,Office Supplies,Paper,Corporate,1,0.3,43.0,-3.76,-0.08744186046511628
2024-05-11,2024,5,Asia Pacific,Office Supplies,Storage,Corporate,2,0.4,151.19,-35.92,-0.23758185065149812
2024-03-05,2024,3,Europe,Office Supplies,Art,Corporate,2,0.15,112.4,0.88,0.007829181494661922
2022-07-04,2022,7,Asia Pacific,Office Supplies,Binders,Consumer,5,0.2,196.64,7.46,0.037937347436940605
2022-02-03,2022,2,Asia Pacific,Office Supplies,Storage,Consumer,2,0.0,117.02,18.02,0.1539907708084088
2024-08-13,2024,8,Europe,Office Supplies,Art,Consumer,1,0.3,116.46,-0.72,-0.0061823802163833074
2024-11-16,2024,11,Middle East & Africa,Office Supplies,Storage,Consumer,1,0.0,125.52,23.31,0.18570745697896748
2023-04-23,2023,4,Asia Pacific,Technology,Copiers,Home Office,3,0.2,1859.93,63.54,0.03416257601092514
2024-10-14,2024,10,North America,Office Supplies,Paper,Home Office,1,0.0,73.79,17.15,0.23241631657406148
2024-08-22,2024,8,North America,Technology,Copiers,Consumer,5,0.1,3726.93,712.93,0.1912914919249892
2021-03-24,2021,3,North America,Technology,Accessories,Corporate,4,0.1,1083.75,223.27,0.2060161476355248
2021-03-01,2021,3,North America,Technology,Laptops,Consumer,6,0.15,2489.51,325.68,0.13082092459962
2023-07-21,2023,7,Europe,Office Supplies,Paper,Corporate,1,0.15,78.71,0.04,0.0005081946385465634
2024-11-27,2024,11,Europe,Office Supplies,Storage,Home Office,5,0.2,1267.06,99.16,0.07825990876517291
2021-08-04,2021,8,North America,Furniture,Furnishings,Consumer,3,0.3,466.09,-79.72,-0.1710399279109185
2022-10-20,2022,10,Asia Pacific,Technology,Laptops,Consumer,3,0.1,1069.91,291.84,0.2727706068734753
2022-11-23,2022,11,Latin America,Technology,Accessories,Consumer,6,0.0,5488.89,1586.58,0.28905297792449836
2021-11-04,2021,11,Europe,Technology,Accessories,Consumer,4,0.0,3784.47,1241.56,0.3280670741213433
2023-03-11,2023,3,North America,Furniture,Furnishings,Corporate,3,0.2,803.08,-26.83,-0.03340887582806196
2022-08-09,2022,8,Asia Pacific,Technology,Copiers,Home Office,2,0.0,684.73,259.03,0.3782950944167774
2021-03-28,2021,3,Asia Pacific,Office Supplies,Paper,Consumer,1,0.3,41.05,-6.59,-0.1605359317904994
2022-11-10,2022,11,Asia Pacific,Furniture,Bookcases,Consumer,3,0.0,1542.93,129.22,0.08374974885445224
2022-01-12,2022,1,Europe,Technology,Accessories,Home Office,3,0.15,1363.17,249.2,0.18280918740876045
2022-08-04,2022,8,Europe,Technology,Phones,Corporate,3,0.15,2083.49,485.61,0.23307527273949002
2024-06-02,2024,6,Europe,Office Supplies,Paper,Consumer,2,0.1,228.96,26.72,0.11670160726764499
2022-12-29,2022,12,Asia Pacific,Furniture,Furnishings,Consumer,3,0.0,1579.91,132.37,0.08378325347646384
2024-11-27,2024,11,Europe,Furniture,Bookcases,Consumer,1,0.2,455.14,-29.1,-0.06393637122643582
2021-11-23,2021,11,Middle East & Africa,Office Supplies,Storage,Corporate,5,0.1,437.47,52.93,0.12099115367910941
2023-03-08,2023,3,Europe,Office Supplies,Storage,Consumer,4,0.1,170.15,18.48,0.10861004995592125
2022-01-02,2022,1,Europe,Technology,Phones,Consumer,4,0.3,1880.74,-30.97,-0.016466922594297988
2023-08-22,2023,8,Asia Pacific,Office Supplies,Binders,Corporate,2,0.5,94.79,-27.81,-0.29338537820445193
2021-10-07,2021,10,Europe,Furniture,Bookcases,Consumer,4,0.1,896.34,-11.83,-0.013198116786041011
2022-03-06,2022,3,North America,Office Supplies,Binders,Consumer,2,0.3,139.08,-1.15,-0.008268622375611158
2022-10-31,2022,10,Europe,Office Supplies,Paper,Consumer,1,0.4,43.05,-7.69,-0.1786295005807201
2021-01-07,2021,1,Latin America,Technology,Accessories,Corporate,4,0.4,1757.62,-113.67,-0.06467268237730568
2021-05-09,2021,5,Latin America,Office Supplies,Art,Consumer,2,0.2,136.61,6.3,0.04611668252690139
2023-10-18,2023,10,North America,Office Supplies,Binders,Corporate,1,0.0,50.12,9.2,0.18355945730247406
2023-12-21,2023,12,Asia Pacific,Technology,Laptops,Home Office,4,0.15,4015.52,617.67,0.15382067577798142
2022-07-09,2022,7,Asia Pacific,Technology,Copiers,Home Office,5,0.0,2678.14,441.91,0.16500631034972035
2023-01-19,2023,1,Europe,Technology,Laptops,Home Office,1,0.2,559.22,29.86,0.053395801294660414
2024-01-11,2024,1,Latin America,Technology,Phones,Corporate,3,0.1,2591.07,388.3,0.14986086828993428
2023-12-21,2023,12,Asia Pacific,Office Supplies,Art,Home Office,3,0.0,186.14,33.2,0.17836037391210918
2023-05-29,2023,5,Asia Pacific,Office Supplies,Art,Corporate,1,0.2,72.62,-1.95,-0.02685210685761498
2024-07-18,2024,7,Europe,Office Supplies,Binders,Corporate,2,0.0,141.68,31.26,0.22063805759457933
2023-02-24,2023,2,North America,Office Supplies,Paper,Consumer,2,0.1,79.18,10.28,0.12983076534478402
2021-02-26,2021,2,Latin America,Technology,Copiers,Consumer,2,0.0,699.26,162.88,0.23293195663987643
2021-05-18,2021,5,North America,Office Supplies,Binders,Corporate,2,0.0,115.19,28.18,0.24463929160517406
2021-06-05,2021,6,Middle East & Africa,Office Supplies,Paper,Consumer,5,0.15,611.21,48.59,0.07949804486183144
2024-09-01,2024,9,Latin America,Office Supplies,Art,Consumer,1,0.1,94.67,7.39,0.07806063166789902
2023-01-06,2023,1,North America,Office Supplies,Art,Consumer,3,0.0,288.45,53.67,0.18606344253770152
2023-05-13,2023,5,North America,Furniture,Chairs,Home Office,4,0.0,1309.69,185.73,0.14181218456275912
2021-10-27,2021,10,Europe,Office Supplies,Paper,Corporate,3,0.15,238.56,38.53,0.16151073105298458
2023-08-04,2023,8,North America,Office Supplies,Art,Home Office,4,0.1,417.82,40.85,0.09776937437173903
2022-02-11,2022,2,Europe,Office Supplies,Binders,Consumer,4,0.0,185.96,32.07,0.17245644224564421
2022-08-24,2022,8,Asia Pacific,Office Supplies,Art,Corporate,6,0.0,301.49,61.79,0.2049487545192212
2023-08-27,2023,8,North America,Technology,Copiers,Consumer,3,0.1,1455.35,287.9,0.19782182980039165
2021-04-11,2021,4,North America,Office Supplies,Storage,Consumer,5,0.2,220.22,-9.23,-0.041912632821723736
2024-06-24,2024,6,North America,Furniture,Chairs,Corporate,4,0.2,1546.13,-14.01,-0.009061333781764793
2021-06-24,2021,6,Asia Pacific,Office Supplies,Art,Consumer,1,0.3,67.54,-11.19,-0.16567959727568846
2023-11-30,2023,11,Asia Pacific,Office Supplies,Binders,Consumer,3,0.5,229.46,-53.22,-0.23193584938551381
2024-07-23,2024,7,North America,Furniture,Bookcases,Consumer,3,0.0,981.93,61.78,0.06291690853726845
2024-07-07,2024,7,Asia Pacific,Office Supplies,Binders,Consumer,4,0.5,285.58,-99.23,-0.34746831010574974
2024-09-13,2024,9,North America,Furniture,Bookcases,Home Office,1,0.2,294.82,5.3,0.01797707075503697
2022-02-25,2022,2,Europe,Office Supplies,Art,Consumer,5,0.15,321.85,1.98,0.006151934130806276
2023-01-12,2023,1,North America,Technology,Copiers,Consumer,4,0.1,3166.34,721.31,0.22780560520980056
2023-07-26,2023,7,Europe,Office Supplies,Binders,Corporate,1,0.1,71.28,7.45,0.10451739618406285
2023-12-15,2023,12,Middle East & Africa,Furniture,Chairs,Consumer,4,0.0,2946.27,77.18,0.026195834054584272
2024-03-18,2024,3,North America,Furniture,Chairs,Corporate,1,0.5,415.83,-146.14,-0.35144169492340616
2022-11-06,2022,11,Asia Pacific,Technology,Copiers,Corporate,4,0.4,3667.8,-387.1,-0.10554010578548449
2022-03-12,2022,3,North America,Office Supplies,Paper,Corporate,3,0.0,133.95,22.48,0.16782381485628967
2023-07-29,2023,7,North America,Furniture,Chairs,Corporate,4,0.1,1589.18,71.9,0.04524345889074869
2023-03-10,2023,3,North America,Office Supplies,Art,Corporate,2,0.1,98.0,17.91,0.18275510204081633
2023-09-03,2023,9,Europe,Office Supplies,Art,Corporate,3,0.15,205.09,10.44,0.05090448095957872
2024-11-13,2024,11,North America,Office Supplies,Art,Home Office,4,0.0,577.54,115.87,0.20062679641236972
2022-11-21,2022,11,Europe,Technology,Phones,Consumer,4,0.4,3580.19,-58.15,-0.016242154745977167
2021-04-20,2021,4,Middle East & Africa,Technology,Laptops,Corporate,1,0.0,1367.02,361.61,0.2645242937191848
2024-06-13,2024,6,Asia Pacific,Office Supplies,Storage,Consumer,1,0.1,190.06,23.09,0.1214879511733137
2022-02-03,2022,2,Asia Pacific,Technology,Laptops,Home Office,1,0.1,359.83,90.47,0.2514242836895201
2023-02-06,2023,2,Europe,Office Supplies,Art,Consumer,1,0.15,65.83,3.92,0.05954731885158742
2022-09-13,2022,9,Europe,Furniture,Chairs,Consumer,4,0.0,1065.65,190.58,0.17883920611833154
2023-08-03,2023,8,Asia Pacific,Office Supplies,Paper,Home Office,4,0.0,377.26,85.85,0.22756189365424376
2024-05-09,2024,5,North America,Furniture,Tables,Home Office,3,0.15,1021.12,12.41,0.012153321842682545
2021-06-09,2021,6,Europe,Office Supplies,Paper,Corporate,4,0.15,261.6,-1.63,-0.006230886850152904
2024-12-30,2024,12,North America,Office Supplies,Storage,Consumer,4,0.0,342.18,71.07,0.2076977029633526
2022-09-10,2022,9,Asia Pacific,Office Supplies,Paper,Consumer,4,0.15,137.11,10.55,0.07694551819706805
2023-12-03,2023,12,Latin America,Furniture,Furnishings,Corporate,4,0.15,1671.32,-8.97,-0.005367015293301104
2023-05-26,2023,5,Europe,Furniture,Bookcases,Consumer,6,0.0,2280.33,446.38,0.195752369174637
2021-06-02,2021,6,Asia Pacific,Technology,Copiers,Consumer,4,0.0,1510.55,493.31,0.3265764125649598
2021-03-14,2021,3,Europe,Furniture,Chairs,Home Office,1,0.15,270.87,-3.47,-0.012810573337763503
2022-03-23,2022,3,Latin America,Furniture,Furnishings,Corporate,4,0.3,1018.19,-178.54,-0.17535037664875905
2023-08-12,2023,8,Asia Pacific,Technology,Laptops,Consumer,3,0.3,1010.23,27.12,0.026845371846015265
2022-01-15,2022,1,Europe,Technology,Copiers,Consumer,3,0.1,1721.04,345.88,0.20097150560126437
2024-10-05,2024,10,North America,Technology,Laptops,Consumer,1,0.4,599.2,-18.37,-0.03065754339118825
2021-02-24,2021,2,Asia Pacific,Furniture,Tables,Consumer,2,0.4,392.2,-122.3,-0.31183069862315144
2023-08-28,2023,8,North America,Office Supplies,Paper,Home Office,4,0.0,297.7,46.82,0.15727242190124288
2024-04-23,2024,4,Latin America,Office Supplies,Art,Corporate,3,0.3,219.82,-18.18,-0.08270403057046674
2023-06-17,2023,6,Asia Pacific,Furniture,Chairs,Corporate,2,0.1,687.43,33.01,0.04801943470607917
2024-03-20,2024,3,North America,Office Supplies,Paper,Consumer,2,0.4,164.1,-36.69,-0.22358318098720292
2022-04-28,2022,4,Asia Pacific,Furniture,Bookcases,Home Office,4,0.2,2405.46,-257.02,-0.1068485861332136
2021-03-26,2021,3,Europe,Office Supplies,Art,Consumer,5,0.0,812.91,90.67,0.11153756258380387
2021-01-27,2021,1,North America,Furniture,Chairs,Consumer,3,0.0,480.57,82.32,0.17129658530495037
2023-08-19,2023,8,Europe,Office Supplies,Paper,Consumer,4,0.2,341.25,1.3,0.0038095238095238095
2024-02-06,2024,2,North America,Technology,Accessories,Consumer,2,0.1,1431.79,172.05,0.12016426989991551
2022-09-25,2022,9,Asia Pacific,Technology,Copiers,Home Office,1,0.15,270.05,29.14,0.10790594334382521
2024-01-23,2024,1,Asia Pacific,Technology,Phones,Consumer,3,0.4,2181.39,-72.24,-0.03311649911295091
2022-12-18,2022,12,North America,Technology,Copiers,Corporate,4,0.1,2637.29,373.63,0.14167194354811188
2024-07-17,2024,7,Asia Pacific,Technology,Copiers,Home Office,4,0.2,2576.99,313.84,0.12178549392896364
2021-02-21,2021,2,Europe,Office Supplies,Binders,Consumer,1,0.0,73.51,17.32,0.23561420214936743
2021-12-23,2021,12,Europe,Technology,Accessories,Consumer,4,0.15,3053.58,721.01,0.23611957112635007
2024-12-27,2024,12,Europe,Technology,Phones,Home Office,5,0.3,4349.67,44.45,0.010219166051677483
2022-08-08,2022,8,Europe,Office Supplies,Paper,Home Office,6,0.2,403.85,0.09,0.00022285502042837687
2024-12-26,2024,12,North America,Office Supplies,Storage,Corporate,3,0.15,250.09,10.76,0.043024511175976644
2022-10-01,2022,10,Latin America,Technology,Copiers,Consumer,5,0.3,1356.11,-121.88,-0.0898747151779723
2023-09-26,2023,9,North America,Furniture,Bookcases,Consumer,2,0.2,556.28,-63.34,-0.11386352196735458
2022-04-04,2022,4,Latin America,Office Supplies,Storage,Consumer,3,0.0,347.99,53.85,0.1547458260294836
2022-11-11,2022,11,Europe,Furniture,Tables,Corporate,2,0.3,964.95,-167.36,-0.1734390382921395
2021-11-26,2021,11,Latin America,Office Supplies,Binders,Corporate,1,0.15,183.99,0.14,0.0007609109190716887
2024-11-26,2024,11,Middle East & Africa,Technology,Accessories,Corporate,2,0.0,1721.47,568.84,0.33043852056672496
2024-04-14,2024,4,North America,Technology,Laptops,Home Office,2,0.0,481.63,96.59,0.20054813861262796
2024-07-01,2024,7,Asia Pacific,Office Supplies,Paper,Corporate,2,0.15,156.58,6.93,0.044258525993102565
2021-12-30,2021,12,Latin America,Technology,Phones,Home Office,1,0.0,665.56,194.41,0.2920998858104454
2022-12-13,2022,12,Latin America,Furniture,Bookcases,Consumer,2,0.0,1463.92,170.76,0.11664571834526476
2023-02-13,2023,2,Europe,Office Supplies,Paper,Corporate,2,0.1,61.54,5.13,0.08336041598960026
2024-09-13,2024,9,North America,Technology,Phones,Corporate,5,0.2,1726.68,71.55,0.04143790395440961
2021-12-10,2021,12,Asia Pacific,Office Supplies,Art,Consumer,5,0.15,238.97,19.16,0.08017742812905386
2023-07-19,2023,7,Asia Pacific,Technology,Accessories,Home Office,4,0.0,1487.11,431.55,0.29019373146572885
2024-02-13,2024,2,Europe,Office Supplies,Art,Home Office,2,0.5,66.55,-15.85,-0.23816679188580014
2024-01-19,2024,1,Asia Pacific,Office Supplies,Binders,Consumer,3,0.2,143.04,0.81,0.0056627516778523495
2022-08-07,2022,8,Asia Pacific,Office Supplies,Art,Corporate,4,0.3,322.96,-42.85,-0.1326789695318306
2023-07-29,2023,7,Asia Pacific,Furniture,Tables,Consumer,1,0.1,408.32,1.52,0.0037225705329153604
2022-05-14,2022,5,Middle East & Africa,Technology,Phones,Consumer,3,0.3,1337.13,97.66,0.07303702706543118
2021-06-07,2021,6,Asia Pacific,Technology,Copiers,Corporate,1,0.2,372.73,8.52,0.022858369329004907
2022-09-17,2022,9,North America,Technology,Laptops,Corporate,4,0.2,1358.72,217.98,0.16043040508714082
2024-06-30,2024,6,Europe,Office Supplies,Art,Consumer,7,0.2,402.58,-34.59,-0.0859208107705301
2023-07-23,2023,7,Asia Pacific,Office Supplies,Storage,Consumer,6,0.0,759.18,156.72,0.20643325693511422
2024-01-13,2024,1,Asia Pacific,Technology,Phones,Consumer,4,0.1,3308.13,456.95,0.13812939636592272
2022-10-02,2022,10,Asia Pacific,Technology,Laptops,Consumer,4,0.15,1948.43,282.42,0.14494747052755297
2024-04-01,2024,4,Europe,Technology,Laptops,Consumer,2,0.5,532.87,-102.87,-0.19304896128511645
2024-11-07,2024,11,Europe,Office Supplies,Binders,Consumer,1,0.15,101.38,3.93,0.03876504241467745
2024-10-25,2024,10,Asia Pacific,Technology,Phones,Consumer,5,0.0,1727.64,514.92,0.2980482044870459
2021-05-19,2021,5,North America,Office Supplies,Art,Home Office,3,0.1,127.89,10.52,0.08225819063257486
2022-05-06,2022,5,North America,Technology,Accessories,Consumer,7,0.5,2093.86,-426.97,-0.20391525698948354
2021-11-01,2021,11,North America,Technology,Phones,Consumer,2,0.2,2030.03,232.26,0.11441210228420269
2021-02-03,2021,2,Latin America,Technology,Accessories,Consumer,3,0.0,1643.83,496.59,0.30209328215204734
2023-06-29,2023,6,Asia Pacific,Office Supplies,Art,Consumer,4,0.2,405.94,15.99,0.039390057643986794
2021-11-10,2021,11,Middle East & Africa,Office Supplies,Paper,Corporate,2,0.0,93.82,13.89,0.14804945640588363
2022-02-20,2022,2,Asia Pacific,Furniture,Tables,Corporate,3,0.15,501.91,-30.62,-0.06100695343786734
2024-04-20,2024,4,Europe,Technology,Copiers,Consumer,2,0.15,1733.81,98.46,0.056788229390763695
2024-08-08,2024,8,North America,Technology,Copiers,Home Office,1,0.1,410.5,69.37,0.1689890377588307
2023-03-01,2023,3,North America,Office Supplies,Art,Corporate,6,0.1,323.19,29.07,0.08994708994708994
2024-07-28,2024,7,North America,Furniture,Chairs,Home Office,3,0.1,2420.7,62.8,0.02594290907588714
2021-09-12,2021,9,Asia Pacific,Office Supplies,Paper,Consumer,4,0.3,253.53,-18.89,-0.07450794777738334
2023-11-04,2023,11,Latin America,Furniture,Tables,Corporate,4,0.1,1865.36,115.73,0.06204164343611957
2023-02-13,2023,2,Europe,Office Supplies,Art,Home Office,5,0.2,233.42,2.07,0.008868134692828378
2024-12-08,2024,12,North America,Office Supplies,Art,Corporate,4,0.1,610.06,41.39,0.06784578566042684
2022-10-25,2022,10,North America,Office Supplies,Binders,Consumer,2,0.0,164.75,31.45,0.19089529590288315
2022-10-07,2022,10,Asia Pacific,Technology,Phones,Consumer,6,0.0,4741.47,1055.67,0.22264614138653202
2024-09-14,2024,9,North America,Furniture,Furnishings,Corporate,4,0.3,1181.06,-158.57,-0.13426074881885763
2022-01-03,2022,1,North America,Office Supplies,Paper,Corporate,1,0.1,79.25,1.83,0.023091482649842274
2022-12-24,2022,12,North America,Furniture,Bookcases,Consumer,2,0.0,576.42,32.81,0.05692030116928629
2022-11-07,2022,11,Middle East & Africa,Office Supplies,Paper,Home Office,2,0.2,281.98,17.92,0.06355060642598766
2022-12-02,2022,12,Europe,Technology,Phones,Corporate,8,0.2,7894.4,1193.77,0.15121731860559384
2024-03-31,2024,3,North America,Office Supplies,Binders,Corporate,2,0.4,156.36,-32.69,-0.20906881555385007
2021-05-08,2021,5,North America,Office Supplies,Paper,Consumer,3,0.1,244.76,16.61,0.06786239581630986
2021-05-14,2021,5,Asia Pacific,Office Supplies,Paper,Consumer,2,0.0,85.07,17.02,0.20007053015163984
2021-08-27,2021,8,Europe,Technology,Phones,Home Office,2,0.1,774.74,187.55,0.24208121434287633
2021-06-04,2021,6,Latin America,Technology,Copiers,Consumer,5,0.3,1782.49,-47.65,-0.026732267782708458
2023-10-10,2023,10,Europe,Technology,Phones,Corporate,3,0.0,1164.19,272.22,0.23382781161150673
2023-07-10,2023,7,Europe,Office Supplies,Storage,Consumer,3,0.2,180.04,7.57,0.04204621195289936
2021-11-09,2021,11,Latin America,Technology,Accessories,Home Office,3,0.3,2157.28,-147.11,-0.06819235333382778
2022-08-06,2022,8,Latin America,Technology,Accessories,Home Office,1,0.1,366.77,73.77,0.20113422580909016
2024-12-29,2024,12,North America,Technology,Copiers,Consumer,3,0.1,2989.0,378.99,0.12679491468718634
2022-08-11,2022,8,Europe,Office Supplies,Art,Home Office,3,0.15,138.95,0.95,0.006836991723641598
2024-03-30,2024,3,North America,Technology,Accessories,Consumer,1,0.15,484.39,62.01,0.1280166807737567
2021-05-07,2021,5,North America,Furniture,Furnishings,Consumer,7,0.1,1250.51,-56.22,-0.04495765727583146
2022-11-10,2022,11,North America,Office Supplies,Storage,Consumer,2,0.3,277.16,-24.28,-0.0876028286910088
2021-08-10,2021,8,North America,Office Supplies,Art,Consumer,6,0.0,467.62,82.76,0.1769813096103674
2021-12-31,2021,12,North America,Office Supplies,Art,Home Office,1,0.0,76.48,17.66,0.23091004184100417
2021-01-24,2021,1,Asia Pacific,Furniture,Tables,Corporate,2,0.1,338.47,24.78,0.07321180606848465
2021-03-17,2021,3,North America,Office Supplies,Paper,Consumer,4,0.0,304.19,56.55,0.18590354712515203
2024-05-11,2024,5,Europe,Office Supplies,Binders,Consumer,4,0.1,512.11,45.35,0.0885551932202066
2022-02-11,2022,2,Asia Pacific,Office Supplies,Art,Corporate,5,0.1,182.89,15.94,0.08715621411777572
2021-02-24,2021,2,North America,Furniture,Bookcases,Consumer,1,0.0,206.29,27.47,0.1331620534199428
2023-09-16,2023,9,Asia Pacific,Office Supplies,Paper,Consumer,5,0.15,365.25,18.83,0.051553730321697466
2024-08-25,2024,8,North America,Office Supplies,Binders,Corporate,4,0.3,263.21,-15.69,-0.059610197180958176
2023-06-02,2023,6,Latin America,Furniture,Bookcases,Corporate,4,0.3,1842.43,-228.11,-0.12380931704325267
2021-02-16,2021,2,Asia Pacific,Office Supplies,Binders,Corporate,3,0.0,185.75,38.59,0.20775235531628536
2022-09-25,2022,9,Europe,Furniture,Chairs,Consumer,2,0.2,451.66,-58.95,-0.1305185316388434
2022-07-07,2022,7,North America,Technology,Phones,Consumer,4,0.2,2036.45,298.02,0.14634290063591052
2022-07-16,2022,7,Asia Pacific,Technology,Copiers,Consumer,4,0.1,1464.56,413.68,0.2824602611023106
2021-04-24,2021,4,North America,Technology,Copiers,Home Office,1,0.15,270.27,44.02,0.1628741628741629
2023-03-28,2023,3,North America,Office Supplies,Art,Consumer,5,0.4,332.5,-53.18,-0.15993984962406016
2024-02-29,2024,2,Europe,Office Supplies,Binders,Home Office,1,0.1,55.27,12.42,0.2247150352813461
2021-03-10,2021,3,North America,Technology,Phones,Consumer,2,0.3,347.11,-27.22,-0.07841894500302497
2022-10-21,2022,10,North America,Technology,Phones,Corporate,5,0.0,2557.75,585.77,0.22901769133027075
2024-07-20,2024,7,Middle East & Africa,Office Supplies,Paper,Home Office,2,0.3,150.63,-7.55,-0.05012281749983403
2023-01-26,2023,1,Europe,Office Supplies,Paper,Corporate,3,0.0,279.22,30.58,0.10951937540290808
2022-04-12,2022,4,Middle East & Africa,Office Supplies,Paper,Home Office,6,0.0,404.41,110.45,0.27311391904255583
2021-09-14,2021,9,Asia Pacific,Office Supplies,Art,Home Office,3,0.3,198.17,-22.84,-0.11525457940152395
2024-05-07,2024,5,Asia Pacific,Furniture,Chairs,Corporate,1,0.1,395.22,18.74,0.0474166287131218
2024-05-26,2024,5,Europe,Furniture,Tables,Consumer,5,0.15,1270.81,-100.63,-0.0791857161967564
2021-07-17,2021,7,Asia Pacific,Technology,Phones,Consumer,2,0.0,553.64,165.66,0.2992197095585579
2024-10-18,2024,10,Europe,Technology,Accessories,Home Office,2,0.2,799.55,83.1,0.10393346257269714
2023-07-11,2023,7,Europe,Office Supplies,Art,Corporate,4,0.0,289.94,59.63,0.20566324067048355
2023-05-01,2023,5,Middle East & Africa,Office Supplies,Paper,Home Office,3,0.1,124.57,12.25,0.09833828369591395
2024-03-11,2024,3,Europe,Furniture,Chairs,Corporate,3,0.1,707.77,28.15,0.039772807550475436
2023-06-07,2023,6,Latin America,Office Supplies,Storage,Consumer,5,0.3,226.79,-19.97,-0.08805502888134398
2023-06-22,2023,6,North America,Furniture,Chairs,Corporate,6,0.2,1988.06,-6.1,-0.003068317857609931
2023-11-06,2023,11,Middle East & Africa,Office Supplies,Binders,Consumer,1,0.15,122.35,10.76,0.08794442174090723
2024-08-28,2024,8,North America,Technology,Copiers,Consumer,2,0.1,1398.64,286.75,0.20502059143167647
2023-05-20,2023,5,North America,Office Supplies,Art,Consumer,1,0.1,67.95,5.94,0.08741721854304636
2022-04-05,2022,4,North America,Office Supplies,Paper,Corporate,4,0.2,231.14,-6.98,-0.03019814830838453
2021-07-02,2021,7,North America,Office Supplies,Storage,Home Office,2,0.15,195.39,2.95,0.01509800910998516
2022-02-17,2022,2,Asia Pacific,Office Supplies,Storage,Consumer,3,0.15,323.32,49.07,0.15176914511938638
2021-03-27,2021,3,North America,Technology,Copiers,Consumer,2,0.2,1034.67,90.28,0.08725487353455691
2021-07-16,2021,7,Europe,Technology,Laptops,Corporate,4,0.4,3894.59,-213.18,-0.05473746915593169
2024-06-23,2024,6,Europe,Office Supplies,Binders,Home Office,2,0.15,234.05,-3.49,-0.014911343729972229
2022-05-02,2022,5,North America,Office Supplies,Paper,Home Office,4,0.1,169.38,21.62,0.1276419884283859
2024-05-30,2024,5,Latin America,Technology,Copiers,Consumer,3,0.0,1278.18,297.45,0.23271370229545132
2022-09-29,2022,9,Europe,Office Supplies,Storage,Consumer,5,0.1,338.26,34.73,0.10267250044344586
2022-05-04,2022,5,Latin America,Technology,Copiers,Consumer,2,0.0,1864.87,422.24,0.22641792725498294
2023-02-13,2023,2,Latin America,Office Supplies,Binders,Corporate,2,0.15,131.63,3.09,0.0234748917420041
2021-05-25,2021,5,North America,Technology,Phones,Consumer,3,0.2,583.48,31.36,0.05374648659765544
2023-06-19,2023,6,Asia Pacific,Furniture,Bookcases,Consumer,1,0.2,310.99,-52.85,-0.16994115566416926
2022-09-05,2022,9,North America,Furniture,Bookcases,Home Office,4,0.15,1214.39,-108.87,-0.0896499477103731
2024-09-19,2024,9,Europe,Office Supplies,Binders,Corporate,3,0.3,306.24,-21.59,-0.07050026123301985
2021-02-02,2021,2,Europe,Office Supplies,Paper,Corporate,3,0.4,157.15,-19.51,-0.1241489023226217
2022-09-19,2022,9,Europe,Technology,Phones,Consumer,3,0.15,1956.03,316.96,0.16204250446056553
2022-02-04,2022,2,Asia Pacific,Furniture,Bookcases,Consumer,5,0.0,1611.65,171.89,0.10665467067911766
2021-03-25,2021,3,Europe,Office Supplies,Binders,Consumer,2,0.2,86.33,0.7,0.008108421174562725
2024-05-15,2024,5,Europe,Furniture,Furnishings,Home Office,5,0.4,1419.77,-299.75,-0.2111257457193771
2022-12-02,2022,12,Asia Pacific,Office Supplies,Binders,Consumer,2,0.15,196.59,10.63,0.05407192634416807
2022-06-07,2022,6,Latin America,Office Supplies,Storage,Corporate,2,0.0,91.81,19.7,0.21457357586319573
2022-11-30,2022,11,North America,Furniture,Chairs,Consumer,1,0.1,599.34,5.81,0.009693996729736042
2022-07-18,2022,7,Europe,Office Supplies,Storage,Corporate,5,0.0,235.44,36.22,0.1538396194359497
2023-05-17,2023,5,Latin America,Furniture,Tables,Home Office,4,0.1,1148.81,18.44,0.016051392310303707
2022-03-26,2022,3,Europe,Office Supplies,Storage,Home Office,2,0.3,107.23,-3.13,-0.029189592464795296
2023-12-22,2023,12,North America,Office Supplies,Paper,Corporate,3,0.15,245.04,-11.73,-0.04786973555337904
2021-09-29,2021,9,Asia Pacific,Furniture,Tables,Corporate,4,0.1,671.3,17.59,0.026202889915090125
2022-08-02,2022,8,North America,Furniture,Chairs,Home Office,4,0.15,660.9,-46.37,-0.07016190043879558
2022-03-22,2022,3,North America,Office Supplies,Binders,Consumer,2,0.2,197.69,35.35,0.17881531691031413
2021-10-24,2021,10,Asia Pacific,Office Supplies,Storage,Consumer,6,0.2,394.45,15.93,0.04038534668525796
2023-12-28,2023,12,North America,Furniture,Furnishings,Consumer,1,0.1,607.23,-38.07,-0.06269453090262339
2021-01-19,2021,1,Asia Pacific,Furniture,Bookcases,Home Office,3,0.3,538.46,-115.59,-0.2146677561935891
2023-10-27,2023,10,Europe,Office Supplies,Binders,Consumer,1,0.0,132.27,26.89,0.20329628789597035
2022-07-07,2022,7,North America,Technology,Accessories,Corporate,3,0.1,2282.23,474.0,0.207691599882571
2021-04-04,2021,4,Europe,Office Supplies,Storage,Consumer,1,0.0,47.3,6.01,0.127061310782241
2021-11-07,2021,11,Europe,Technology,Copiers,Consumer,3,0.1,2138.68,302.33,0.14136289674004526
2023-05-05,2023,5,Europe,Office Supplies,Paper,Home Office,7,0.1,276.32,25.97,0.09398523451071221
2021-11-30,2021,11,Europe,Furniture,Bookcases,Consumer,1,0.5,260.4,-88.47,-0.33974654377880187
2021-02-25,2021,2,North America,Technology,Accessories,Consumer,1,0.0,1399.06,334.16,0.23884608236959104
2021-06-22,2021,6,Europe,Office Supplies,Paper,Consumer,5,0.0,439.79,76.01,0.1728324882330203
2024-09-07,2024,9,North America,Office Supplies,Art,Consumer,1,0.15,83.67,5.83,0.06967849886458707
2023-08-21,2023,8,Europe,Office Supplies,Binders,Consumer,4,0.15,124.67,-2.92,-0.023421833640811743
2024-10-20,2024,10,Asia Pacific,Furniture,Tables,Consumer,5,0.3,860.49,-131.42,-0.15272693465351136
2021-03-31,2021,3,Europe,Technology,Laptops,Home Office,2,0.4,562.56,-62.62,-0.11131257110352674
2023-02-15,2023,2,Asia Pacific,Office Supplies,Paper,Consumer,1,0.3,86.36,-0.25,-0.0028948587308939323
2021-11-16,2021,11,Europe,Office Supplies,Paper,Home Office,3,0.2,320.24,-17.16,-0.053584811391456405
2023-02-17,2023,2,North America,Office Supplies,Binders,Home Office,3,0.3,147.5,-17.72,-0.12013559322033898
2024-03-01,2024,3,North America,Office Supplies,Storage,Consumer,2,0.1,118.4,4.78,0.04037162162162162
2024-03-13,2024,3,Asia Pacific,Furniture,Furnishings,Consumer,3,0.2,868.31,-95.07,-0.10948854671718626
2023-08-28,2023,8,North America,Office Supplies,Paper,Home Office,2,0.5,116.63,-28.26,-0.24230472434193606
2024-02-12,2024,2,Europe,Furniture,Bookcases,Corporate,6,0.3,1219.97,-253.54,-0.20782478257662074
2023-11-09,2023,11,Asia Pacific,Technology,Phones,Consumer,4,0.0,3225.55,1196.09,0.3708173799817085
2023-09-24,2023,9,Middle East & Africa,Technology,Copiers,Corporate,3,0.0,1696.94,386.25,0.2276155904156894
2021-10-24,2021,10,North America,Technology,Phones,Corporate,2,0.0,437.94,104.85,0.239416358405261
2022-08-13,2022,8,Europe,Technology,Phones,Consumer,6,0.2,1790.44,47.67,0.02662474028730368
2022-12-06,2022,12,Asia Pacific,Office Supplies,Paper,Consumer,3,0.0,164.11,36.3,0.22119310218755708
2021-12-05,2021,12,North America,Office Supplies,Storage,Home Office,1,0.15,92.09,11.9,0.12922141383429253
2021-03-13,2021,3,Asia Pacific,Furniture,Chairs,Home Office,2,0.1,400.47,9.12,0.02277324144130646
2021-01-23,2021,1,North America,Office Supplies,Storage,Corporate,3,0.1,230.41,21.0,0.09114187752267697
2021-03-13,2021,3,Europe,Technology,Laptops,Corporate,1,0.3,414.09,-28.37,-0.06851167620565578
2023-10-31,2023,10,Europe,Office Supplies,Binders,Corporate,1,0.3,48.1,-3.63,-0.07546777546777546
2022-05-12,2022,5,Asia Pacific,Technology,Copiers,Corporate,5,0.15,1076.33,170.39,0.15830646734737489
2024-02-17,2024,2,Asia Pacific,Technology,Accessories,Home Office,1,0.15,559.55,94.79,0.16940398534536683
2024-08-21,2024,8,North America,Technology,Copiers,Consumer,4,0.15,1989.58,458.5,0.23045064787543101
2021-03-17,2021,3,Middle East & Africa,Office Supplies,Art,Corporate,5,0.3,184.03,-11.33,-0.06156604901374776
2022-12-27,2022,12,Europe,Technology,Copiers,Consumer,3,0.0,1425.08,469.62,0.3295393942796194
2021-07-10,2021,7,North America,Technology,Copiers,Consumer,6,0.0,1205.34,285.46,0.23682944231503145
2023-09-19,2023,9,Europe,Technology,Copiers,Corporate,5,0.15,2924.36,585.19,0.20010874174178284
2021-02-04,2021,2,Middle East & Africa,Technology,Laptops,Consumer,3,0.15,1320.2,235.96,0.17873049537948796
2021-06-22,2021,6,North America,Office Supplies,Paper,Consumer,1,0.15,97.61,7.01,0.07181641225284295
2022-10-29,2022,10,Europe,Technology,Copiers,Home Office,2,0.1,696.68,168.15,0.24135901705230525
2024-12-09,2024,12,North America,Office Supplies,Storage,Home Office,1,0.15,142.97,-4.57,-0.031964747849199136
2024-03-18,2024,3,Middle East & Africa,Office Supplies,Binders,Consumer,2,0.3,79.98,-4.04,-0.05051262815703926
2023-07-13,2023,7,Asia Pacific,Furniture,Bookcases,Home Office,7,0.0,4730.41,858.0,0.1813796267131179
2024-04-07,2024,4,Latin America,Office Supplies,Art,Consumer,1,0.4,91.89,-23.39,-0.25454347589509196
2024-07-07,2024,7,Asia Pacific,Office Supplies,Art,Consumer,2,0.15,196.16,18.43,0.09395391517128875
2022-07-12,2022,7,Europe,Technology,Copiers,Consumer,2,0.2,1499.96,159.12,0.10608282887543669
2022-12-29,2022,12,Europe,Office Supplies,Art,Corporate,2,0.0,100.49,24.27,0.24151656881281722
2023-05-01,2023,5,Europe,Office Supplies,Binders,Consumer,6,0.2,367.8,-13.33,-0.03624252311038608
2023-09-02,2023,9,North America,Technology,Phones,Corporate,6,0.0,2788.8,628.35,0.22531196213425128
2022-04-01,2022,4,Latin America,Technology,Accessories,Consumer,7,0.15,4442.49,508.36,0.11443132117348605
2022-01-10,2022,1,North America,Office Supplies,Binders,Corporate,7,0.2,467.16,-1.4,-0.0029968319205411417
2022-05-28,2022,5,Asia Pacific,Furniture,Bookcases,Consumer,6,0.4,3624.45,-979.37,-0.2702120321703983
2023-09-17,2023,9,North America,Office Supplies,Paper,Corporate,1,0.2,100.88,0.04,0.0003965107057890563
2024-06-10,2024,6,Europe,Office Supplies,Binders,Home Office,3,0.4,260.45,-36.37,-0.13964292570550968
2024-02-19,2024,2,Asia Pacific,Office Supplies,Art,Consumer,5,0.2,260.29,14.18,0.054477697952283986
2021-12-07,2021,12,Asia Pacific,Office Supplies,Storage,Home Office,2,0.0,200.5,34.52,0.1721695760598504
2022-04-05,2022,4,Latin America,Office Supplies,Paper,Consumer,1,0.5,46.36,-10.41,-0.22454702329594478
2024-10-14,2024,10,North America,Office Supplies,Binders,Home Office,4,0.15,315.27,21.85,0.06930567450122119
2021-11-03,2021,11,Asia Pacific,Technology,Copiers,Home Office,4,0.15,2401.03,355.75,0.14816557893903864
2022-03-13,2022,3,Latin America,Office Supplies,Paper,Consumer,4,0.2,404.27,-12.81,-0.031686744007717614
2021-01-24,2021,1,North America,Furniture,Bookcases,Consumer,3,0.1,1056.63,56.79,0.053746344510377325
2024-02-16,2024,2,Europe,Office Supplies,Binders,Consumer,2,0.0,96.17,25.49,0.2650514713528127
2023-07-02,2023,7,North America,Furniture,Bookcases,Corporate,4,0.3,779.12,-189.94,-0.24378786323031112
2024-01-09,2024,1,North America,Technology,Copiers,Corporate,4,0.1,2513.0,462.38,0.18399522483087943
2021-02-27,2021,2,Europe,Furniture,Chairs,Consumer,1,0.1,311.52,9.46,0.030367231638418084
2022-08-07,2022,8,Europe,Technology,Copiers,Corporate,3,0.15,1230.82,349.75,0.2841601533936725
2021-03-22,2021,3,Europe,Furniture,Tables,Consumer,4,0.15,2282.76,6.48,0.0028386689796562055
2021-06-04,2021,6,Europe,Office Supplies,Paper,Consumer,1,0.4,51.23,-5.98,-0.11672847940659771
2023-07-29,2023,7,Latin America,Office Supplies,Art,Consumer,1,0.1,93.77,8.68,0.09256691905726779
2022-10-21,2022,10,North America,Technology,Phones,Consumer,3,0.15,1152.18,123.44,0.10713603777187591
2024-03-11,2024,3,Latin America,Office Supplies,Storage,Consumer,3,0.0,284.61,58.12,0.20420926882400475
2022-05-20,2022,5,Middle East & Africa,Furniture,Bookcases,Corporate,5,0.1,2036.91,125.49,0.061608023918582555
2022-01-09,2022,1,Latin America,Technology,Copiers,Consumer,3,0.5,1398.49,-228.39,-0.1633118577894729
2021-06-08,2021,6,Europe,Office Supplies,Storage,Home Office,5,0.4,251.89,-39.99,-0.15875977609273892
2021-11-13,2021,11,North America,Office Supplies,Paper,Consumer,7,0.3,1397.03,-175.34,-0.12550911576702004
2022-03-09,2022,3,Europe,Technology,Accessories,Consumer,3,0.5,1057.98,-183.66,-0.17359496398797708
2022-07-03,2022,7,Europe,Office Supplies,Paper,Corporate,4,0.2,269.34,-4.23,-0.015705056805524618
2023-10-07,2023,10,North America,Furniture,Bookcases,Consumer,2,0.1,849.15,-13.25,-0.015603839133250898
2023-02-09,2023,2,Asia Pacific,Technology,Phones,Consumer,4,0.3,1160.56,-25.81,-0.02223926380368098
2022-12-28,2022,12,Latin America,Technology,Copiers,Corporate,5,0.1,4979.53,1133.4,0.22761184288477027
2021-11-18,2021,11,Europe,Technology,Accessories,Home Office,3,0.15,2226.27,378.85,0.17017253073526573
2023-08-19,2023,8,North America,Technology,Accessories,Consumer,4,0.1,1849.89,474.15,0.2563125375022298
2023-09-11,2023,9,Europe,Office Supplies,Paper,Consumer,3,0.15,233.7,30.99,0.13260590500641847
2021-01-11,2021,1,Europe,Office Supplies,Binders,Home Office,1,0.3,33.96,-5.35,-0.15753828032979975
2022-09-17,2022,9,North America,Technology,Copiers,Consumer,2,0.2,478.1,57.46,0.12018406191173395
2022-01-12,2022,1,North America,Furniture,Chairs,Home Office,1,0.2,413.26,-26.45,-0.06400329090645114
2022-05-13,2022,5,North America,Office Supplies,Binders,Consumer,1,0.15,55.25,-0.67,-0.012126696832579185
2022-06-29,2022,6,North America,Furniture,Chairs,Consumer,8,0.1,2781.97,-30.03,-0.01079450892712718
2022-11-12,2022,11,North America,Office Supplies,Storage,Corporate,2,0.1,166.39,15.45,0.09285413786886232
2024-02-29,2024,2,Asia Pacific,Technology,Phones,Consumer,2,0.0,1248.81,306.11,0.24512135553046502
2022-09-25,2022,9,Asia Pacific,Furniture,Chairs,Corporate,3,0.15,773.78,-58.2,-0.0752151774406162
2024-08-14,2024,8,Europe,Office Supplies,Art,Corporate,2,0.5,152.52,-36.86,-0.2416732231838447
2022-08-24,2022,8,Europe,Office Supplies,Paper,Corporate,1,0.15,64.42,2.08,0.03228810928283142
2022-06-22,2022,6,Europe,Office Supplies,Paper,Consumer,4,0.15,139.78,11.1,0.07941050221777078
2024-04-14,2024,4,Asia Pacific,Technology,Copiers,Consumer,5,0.5,2781.76,-644.45,-0.23166987806280914
2022-04-20,2022,4,Middle East & Africa,Technology,Phones,Consumer,5,0.2,3834.89,285.56,0.07446367431660361
2023-03-06,2023,3,Asia Pacific,Office Supplies,Storage,Home Office,3,0.0,115.9,16.59,0.1431406384814495
2022-05-06,2022,5,Europe,Furniture,Tables,Consumer,1,0.15,73.49,2.11,0.028711389304667302
2022-12-04,2022,12,Europe,Technology,Laptops,Consumer,6,0.2,4066.57,336.87,0.08283885436621034
2021-07-16,2021,7,North America,Office Supplies,Storage,Consumer,1,0.0,61.67,13.35,0.2164747851467488
2021-10-20,2021,10,Europe,Office Supplies,Paper,Consumer,3,0.3,171.96,-18.99,-0.11043265875785065
2021-07-01,2021,7,Europe,Office Supplies,Art,Consumer,3,0.4,112.2,-30.95,-0.2758467023172905
2021-08-01,2021,8,North America,Office Supplies,Storage,Corporate,2,0.0,107.5,23.7,0.22046511627906976
2023-04-21,2023,4,Asia Pacific,Furniture,Tables,Corporate,1,0.4,203.63,-49.21,-0.24166380199381232
2024-10-27,2024,10,Europe,Office Supplies,Storage,Home Office,2,0.1,144.13,25.08,0.1740095746895164
2022-07-06,2022,7,North America,Furniture,Furnishings,Corporate,3,0.1,746.32,10.11,0.013546468003001392
2023-11-04,2023,11,North America,Office Supplies,Paper,Consumer,2,0.4,135.93,-27.21,-0.20017656146546017
2024-05-10,2024,5,Europe,Office Supplies,Storage,Corporate,4,0.15,169.03,7.48,0.044252499556291784
2021-02-24,2021,2,Asia Pacific,Office Supplies,Storage,Corporate,7,0.15,707.26,-12.94,-0.018295959053247744
2021-06-25,2021,6,Asia Pacific,Technology,Accessories,Consumer,1,0.1,637.19,110.5,0.17341766192187572
2021-01-25,2021,1,North America,Furniture,Bookcases,Home Office,3,0.15,986.19,-26.2,-0.02656688873340837
2022-01-20,2022,1,Asia Pacific,Office Supplies,Storage,Consumer,3,0.3,294.99,0.65,0.00220346452422116
2024-07-14,2024,7,Europe,Office Supplies,Storage,Home Office,1,0.3,156.58,6.2,0.0395963724613616
2021-05-04,2021,5,Europe,Office Supplies,Art,Corporate,1,0.0,36.53,8.55,0.2340542020257323
2024-12-19,2024,12,Latin America,Office Supplies,Storage,Corporate,2,0.0,142.21,21.06,0.14809085155755572
2021-05-15,2021,5,Asia Pacific,Office Supplies,Storage,Consumer,3,0.5,161.04,-27.51,-0.17082712369597616
2023-07-30,2023,7,Europe,Office Supplies,Storage,Consumer,2,0.4,141.93,-36.62,-0.2580145141971394
2023-01-16,2023,1,Europe,Technology,Copiers,Consumer,5,0.5,2120.06,-466.58,-0.22007867701857495
2021-09-17,2021,9,Asia Pacific,Office Supplies,Art,Corporate,1,0.1,113.93,10.41,0.09137189502325989
2024-05-28,2024,5,Asia Pacific,Furniture,Tables,Consumer,4,0.2,858.1,-77.6,-0.09043235054189487
2022-11-21,2022,11,Europe,Technology,Copiers,Consumer,5,0.5,6079.69,-1281.53,-0.21078870797688698
2024-02-23,2024,2,Europe,Technology,Copiers,Corporate,1,0.15,383.26,42.19,0.11008192871679799
2024-03-15,2024,3,Europe,Office Supplies,Storage,Consumer,4,0.1,192.49,15.66,0.0813548755779521
2022-10-19,2022,10,North America,Technology,Accessories,Consumer,3,0.5,1180.77,-74.18,-0.06282341184142552
2022-03-23,2022,3,North America,Technology,Phones,Consumer,3,0.1,1956.67,444.82,0.22733521748685265
2022-01-23,2022,1,North America,Technology,Copiers,Corporate,2,0.1,761.94,166.55,0.218586765362102
2021-11-26,2021,11,North America,Office Supplies,Storage,Home Office,2,0.1,238.59,27.44,0.11500901127457144
2024-10-31,2024,10,North America,Office Supplies,Paper,Corporate,3,0.15,177.75,7.24,0.04073136427566808
2022-10-29,2022,10,North America,Technology,Laptops,Consumer,2,0.2,759.28,72.52,0.09551153724581182
2022-07-22,2022,7,Asia Pacific,Office Supplies,Binders,Consumer,6,0.1,338.21,45.71,0.13515271576830964
2023-07-15,2023,7,Asia Pacific,Technology,Laptops,Consumer,5,0.1,2899.61,417.67,0.1440435092995265
2024-08-20,2024,8,Europe,Technology,Accessories,Corporate,7,0.0,6801.63,1353.55,0.1990037682143839
2023-11-08,2023,11,Europe,Office Supplies,Art,Corporate,1,0.0,90.96,21.89,0.2406552330694811
2024-03-01,2024,3,Europe,Furniture,Bookcases,Consumer,3,0.1,1189.57,19.54,0.01642610355002228
2022-09-07,2022,9,Middle East & Africa,Furniture,Chairs,Home Office,3,0.1,1245.07,89.0,0.07148192471106042
2023-03-20,2023,3,Europe,Technology,Accessories,Corporate,1,0.1,767.68,132.86,0.17306690287619844
2024-07-22,2024,7,Europe,Office Supplies,Art,Home Office,5,0.1,598.91,14.31,0.023893406354878032
2022-04-03,2022,4,North America,Office Supplies,Binders,Corporate,2,0.1,159.62,3.05,0.019107881217892492
2021-09-05,2021,9,North America,Office Supplies,Storage,Home Office,3,0.15,121.75,16.89,0.13872689938398358
2024-03-03,2024,3,North America,Technology,Laptops,Home Office,3,0.2,873.3,10.87,0.01244703996335738
2022-05-15,2022,5,Asia Pacific,Furniture,Chairs,Corporate,4,0.0,1803.84,168.97,0.09367238779492638
2021-06-08,2021,6,Asia Pacific,Office Supplies,Art,Consumer,1,0.4,43.25,-5.88,-0.1359537572254335
2024-06-10,2024,6,Europe,Furniture,Chairs,Consumer,3,0.0,674.53,85.99,0.1274813573895898
2022-08-16,2022,8,North America,Technology,Accessories,Consumer,3,0.15,703.94,74.25,0.10547773958007783
2024-06-29,2024,6,North America,Office Supplies,Binders,Home Office,4,0.3,266.63,-38.67,-0.14503244196076961
2024-06-08,2024,6,Asia Pacific,Furniture,Tables,Consumer,3,0.2,1183.36,-135.47,-0.11447911032990807
2021-06-12,2021,6,Europe,Technology,Accessories,Corporate,4,0.4,1482.13,-179.55,-0.12114321955563952
2024-07-05,2024,7,Europe,Technology,Accessories,Consumer,3,0.15,3385.18,356.79,0.10539764502921559
2021-09-22,2021,9,Asia Pacific,Technology,Accessories,Home Office,4,0.3,1047.56,81.79,0.07807667341250144
2022-08-20,2022,8,North America,Technology,Copiers,Corporate,6,0.0,3753.47,642.85,0.17126818650475428
2024-05-22,2024,5,Latin America,Office Supplies,Storage,Consumer,1,0.0,59.73,11.81,0.19772308722584966
2021-02-13,2021,2,Asia Pacific,Office Supplies,Storage,Consumer,2,0.15,83.52,6.6,0.07902298850574713
2023-05-24,2023,5,Asia Pacific,Office Supplies,Paper,Consumer,3,0.2,378.07,14.37,0.03800883434284656
2022-03-03,2022,3,North America,Office Supplies,Storage,Consumer,4,0.15,208.18,-5.69,-0.027332116437698145
2022-08-18,2022,8,Asia Pacific,Technology,Phones,Consumer,4,0.3,2064.86,99.95,0.048405218755750996
2024-08-10,2024,8,North America,Office Supplies,Storage,Consumer,1,0.5,57.0,-12.25,-0.2149122807017544
2021-03-03,2021,3,Asia Pacific,Technology,Phones,Consumer,2,0.2,800.91,159.39,0.19901112484548825
2021-01-20,2021,1,North America,Technology,Phones,Consumer,4,0.0,1164.43,303.61,0.2607370129591302
2022-04-28,2022,4,Middle East & Africa,Furniture,Tables,Consumer,4,0.2,1509.76,1.71,0.0011326303518440018
2022-11-09,2022,11,North America,Technology,Copiers,Consumer,2,0.3,1233.59,-53.55,-0.04340988496988465
2024-12-23,2024,12,Asia Pacific,Office Supplies,Paper,Corporate,1,0.0,74.01,14.85,0.20064856100526954
2023-06-18,2023,6,North America,Technology,Accessories,Consumer,3,0.0,2404.45,514.13,0.2138243673189295
2021-04-13,2021,4,Asia Pacific,Office Supplies,Binders,Home Office,1,0.0,81.21,23.84,0.2935599064154661
2022-12-08,2022,12,North America,Technology,Laptops,Home Office,4,0.1,3200.82,729.07,0.22777600739810425
2021-02-11,2021,2,Asia Pacific,Office Supplies,Storage,Home Office,1,0.1,62.38,5.22,0.08368066688041038
2023-12-10,2023,12,Europe,Furniture,Chairs,Consumer,4,0.15,1880.57,147.94,0.07866763800337132
2022-09-28,2022,9,Asia Pacific,Office Supplies,Paper,Home Office,1,0.1,52.2,6.23,0.11934865900383142
2024-01-06,2024,1,North America,Furniture,Chairs,Consumer,3,0.0,723.13,119.47,0.1652123407962607
2024-11-12,2024,11,Europe,Furniture,Chairs,Corporate,4,0.2,2839.57,-166.88,-0.05876946157340723
2021-04-07,2021,4,Asia Pacific,Technology,Accessories,Home Office,2,0.0,934.2,335.67,0.3593127809890816
2024-05-02,2024,5,Asia Pacific,Technology,Laptops,Consumer,3,0.0,1911.93,555.31,0.29044473385531894
2022-12-15,2022,12,Latin America,Office Supplies,Paper,Corporate,4,0.15,646.76,38.31,0.05923371884470283
2024-07-16,2024,7,Latin America,Technology,Accessories,Consumer,4,0.4,1058.11,-43.89,-0.0414796193212426
2022-07-29,2022,7,Europe,Technology,Phones,Consumer,3,0.0,3302.77,1196.3,0.3622111137015293
2024-09-14,2024,9,Asia Pacific,Technology,Laptops,Corporate,4,0.1,1769.72,353.96,0.20000904097823383
2022-05-01,2022,5,Europe,Office Supplies,Binders,Consumer,4,0.0,336.94,58.99,0.17507568113017155
2024-05-15,2024,5,Middle East & Africa,Office Supplies,Paper,Home Office,1,0.3,50.83,-3.18,-0.06256147944127484
2023-09-17,2023,9,Latin America,Furniture,Furnishings,Corporate,1,0.15,330.94,6.76,0.020426663443524506
2023-07-21,2023,7,Europe,Furniture,Tables,Consumer,3,0.1,869.73,57.97,0.06665286928127119
2023-06-15,2023,6,North America,Furniture,Tables,Consumer,5,0.3,1569.61,-172.99,-0.11021209090156155
2023-12-08,2023,12,North America,Office Supplies,Storage,Consumer,3,0.0,192.72,25.81,0.13392486508924864
2023-04-16,2023,4,Europe,Office Supplies,Storage,Corporate,4,0.4,202.63,-20.26,-0.09998519468982876
2022-02-22,2022,2,Latin America,Office Supplies,Binders,Consumer,7,0.5,229.0,-68.88,-0.30078602620087336
2023-03-16,2023,3,Europe,Office Supplies,Storage,Consumer,2,0.2,133.92,2.7,0.020161290322580648
2022-03-16,2022,3,North America,Technology,Phones,Consumer,5,0.2,2212.28,179.88,0.081309779955521
2022-06-18,2022,6,Europe,Office Supplies,Binders,Consumer,7,0.0,341.41,43.2,0.12653407925954133
2023-05-18,2023,5,Europe,Office Supplies,Storage,Consumer,1,0.2,97.56,-0.95,-0.00973759737597376
2023-01-14,2023,1,North America,Furniture,Bookcases,Consumer,2,0.1,733.84,-29.53,-0.04024037937425052
2021-01-28,2021,1,Europe,Technology,Phones,Home Office,3,0.1,1559.29,367.49,0.23567777642388524
2021-04-11,2021,4,Middle East & Africa,Furniture,Bookcases,Consumer,1,0.0,121.34,17.19,0.14166804021757046
2022-10-01,2022,10,Asia Pacific,Office Supplies,Paper,Corporate,4,0.3,137.61,-17.03,-0.12375554102172807
2024-10-25,2024,10,Europe,Technology,Phones,Corporate,2,0.15,1079.5,96.89,0.0897545159796202
2022-05-13,2022,5,Europe,Office Supplies,Binders,Consumer,1,0.0,107.08,11.17,0.10431453119163242
2022-05-06,2022,5,Latin America,Furniture,Bookcases,Consumer,4,0.1,1584.81,43.81,0.02764369230380929
2021-08-30,2021,8,North America,Technology,Copiers,Consumer,4,0.4,1981.09,-309.85,-0.1564037979092318
2021-11-07,2021,11,North America,Office Supplies,Storage,Corporate,1,0.1,73.05,6.7,0.0917180013689254
2023-01-17,2023,1,Asia Pacific,Office Supplies,Binders,Consumer,6,0.15,331.59,13.93,0.0420097107874182
2021-05-16,2021,5,Middle East & Africa,Furniture,Bookcases,Corporate,5,0.4,993.24,-256.14,-0.257883291047481
2022-02-28,2022,2,North America,Office Supplies,Storage,Corporate,1,0.15,51.27,2.71,0.0528574214940511
2023-03-17,2023,3,Middle East & Africa,Office Supplies,Paper,Consumer,5,0.15,235.01,23.95,0.10191055699757458
2023-04-09,2023,4,Latin America,Office Supplies,Art,Corporate,5,0.0,417.57,83.25,0.19936777067318054
2024-08-16,2024,8,Asia Pacific,Office Supplies,Paper,Consumer,4,0.1,396.15,53.05,0.13391392149438344
2022-12-04,2022,12,North America,Office Supplies,Paper,Corporate,5,0.2,871.07,42.3,0.0485609652496355
2024-12-05,2024,12,Latin America,Office Supplies,Binders,Corporate,3,0.0,336.49,81.49,0.24217658771434514
2023-06-11,2023,6,Latin America,Technology,Copiers,Corporate,3,0.0,1550.02,471.66,0.3042928478342215
2024-09-20,2024,9,North America,Furniture,Chairs,Consumer,1,0.2,728.18,-67.04,-0.09206514872696313
2023-11-30,2023,11,Europe,Office Supplies,Paper,Consumer,7,0.15,945.2,109.22,0.11555226407109606
2024-01-27,2024,1,Europe,Furniture,Chairs,Home Office,3,0.2,1734.73,-213.69,-0.1231834348861206
2024-03-08,2024,3,Latin America,Furniture,Furnishings,Corporate,2,0.1,393.67,-2.19,-0.005563035029339294
2021-05-17,2021,5,North America,Office Supplies,Storage,Consumer,1,0.1,71.33,3.68,0.05159119585027338
2021-11-27,2021,11,North America,Technology,Phones,Corporate,2,0.1,1726.59,329.22,0.19067641999548246
2023-04-25,2023,4,Middle East & Africa,Office Supplies,Paper,Corporate,4,0.2,317.49,10.92,0.0343947840876878
2022-11-24,2022,11,Asia Pacific,Office Supplies,Binders,Corporate,2,0.3,297.66,-22.5,-0.07558959887119532
2023-06-05,2023,6,North America,Technology,Laptops,Consumer,3,0.4,1403.6,-148.32,-0.10567113137646053
2023-09-17,2023,9,North America,Office Supplies,Storage,Consumer,3,0.4,223.56,-19.07,-0.08530148505993916
2024-06-24,2024,6,Europe,Furniture,Chairs,Corporate,3,0.15,802.68,-5.95,-0.007412667563661734
2024-01-29,2024,1,North America,Technology,Laptops,Consumer,3,0.0,1245.28,437.7,0.3514872157265836
2024-12-27,2024,12,North America,Technology,Accessories,Corporate,1,0.0,730.04,206.96,0.28349131554435375
2021-10-24,2021,10,Asia Pacific,Office Supplies,Paper,Corporate,5,0.15,246.99,4.51,0.01825984857686546
2022-03-21,2022,3,Asia Pacific,Office Supplies,Storage,Home Office,6,0.1,217.52,15.85,0.0728668628172122
2023-04-01,2023,4,North America,Technology,Accessories,Consumer,2,0.0,403.07,105.29,0.2612201354603419
2021-01-22,2021,1,North America,Office Supplies,Storage,Corporate,1,0.15,69.54,-0.03,-0.0004314063848144952
2024-10-07,2024,10,Europe,Office Supplies,Storage,Consumer,3,0.1,497.19,65.17,0.13107665077736882
2022-04-24,2022,4,North America,Office Supplies,Art,Home Office,4,0.1,102.5,12.43,0.12126829268292683
2024-11-30,2024,11,North America,Office Supplies,Art,Consumer,6,0.15,812.4,53.51,0.06586656819300837
2021-12-04,2021,12,North America,Furniture,Chairs,Consumer,4,0.1,1745.14,199.38,0.11424871357025797
2022-07-28,2022,7,Europe,Office Supplies,Binders,Corporate,1,0.1,112.58,7.2,0.06395452122934803
2021-08-21,2021,8,Europe,Furniture,Tables,Corporate,2,0.1,533.75,0.65,0.0012177985948477752
2023-08-04,2023,8,Latin America,Furniture,Tables,Corporate,3,0.0,1351.24,260.56,0.1928302892158314
2023-05-28,2023,5,North America,Furniture,Chairs,Home Office,2,0.2,1085.35,-86.71,-0.07989127931082139
2021-04-05,2021,4,North America,Furniture,Tables,Consumer,7,0.15,3409.18,-25.37,-0.007441672190966743
2021-06-29,2021,6,Asia Pacific,Furniture,Furnishings,Home Office,3,0.15,969.3,-15.07,-0.015547302176828641
2021-05-17,2021,5,Europe,Office Supplies,Storage,Home Office,3,0.0,193.9,18.65,0.09618359979370808
2022-10-26,2022,10,Asia Pacific,Technology,Laptops,Consumer,4,0.15,3247.83,460.14,0.14167613452674555
2022-03-08,2022,3,Latin America,Technology,Copiers,Corporate,4,0.1,1590.82,425.79,0.26765441721879285
2024-07-19,2024,7,North America,Furniture,Chairs,Home Office,4,0.1,1014.13,33.47,0.033003658308106455
2023-06-19,2023,6,North America,Technology,Laptops,Corporate,1,0.0,1058.09,296.58,0.2802975172244327
2021-06-14,2021,6,Asia Pacific,Office Supplies,Paper,Consumer,2,0.2,137.06,-0.3,-0.0021888224135415144
2023-10-28,2023,10,North America,Technology,Accessories,Consumer,5,0.15,2665.55,88.41,0.03316763894880981
2021-01-06,2021,1,Europe,Office Supplies,Paper,Consumer,4,0.0,197.21,57.49,0.2915166573703159
2022-01-22,2022,1,Asia Pacific,Technology,Copiers,Consumer,5,0.5,4008.1,-770.61,-0.19226316708664953
2021-11-01,2021,11,North America,Furniture,Chairs,Consumer,4,0.2,1469.88,-95.23,-0.06478760170898304
2023-04-13,2023,4,Asia Pacific,Technology,Laptops,Consumer,6,0.3,2499.61,35.5,0.014202215545625117
2024-03-18,2024,3,North America,Office Supplies,Art,Consumer,1,0.0,67.82,10.67,0.15732822176349162
2021-06-23,2021,6,North America,Furniture,Bookcases,Consumer,2,0.15,1146.8,-64.64,-0.05636553889082665
2021-04-26,2021,4,Asia Pacific,Office Supplies,Art,Consumer,3,0.4,205.59,-32.5,-0.15808161875577606
2024-03-26,2024,3,Europe,Technology,Accessories,Corporate,6,0.15,3739.39,769.89,0.20588652159844253
2023-10-18,2023,10,Asia Pacific,Furniture,Tables,Corporate,4,0.2,639.69,-22.09,-0.03453235160781003
2024-06-14,2024,6,North America,Furniture,Bookcases,Corporate,3,0.2,1888.25,-128.81,-0.068216602674434
2024-03-22,2024,3,Europe,Furniture,Chairs,Corporate,3,0.0,1172.92,122.31,0.10427821164273778
2023-05-15,2023,5,Asia Pacific,Technology,Laptops,Consumer,1,0.0,560.77,148.01,0.2639406530306543
2021-11-07,2021,11,Asia Pacific,Technology,Copiers,Corporate,1,0.1,591.41,119.58,0.2021947549077628
2024-11-02,2024,11,Asia Pacific,Office Supplies,Art,Corporate,3,0.2,309.48,-17.87,-0.05774201887036319
2022-02-18,2022,2,Europe,Office Supplies,Storage,Home Office,3,0.0,216.66,61.12,0.28210098772269915
2023-01-20,2023,1,Europe,Technology,Copiers,Consumer,2,0.15,706.99,137.0,0.19377926137569132
2023-04-27,2023,4,North America,Office Supplies,Art,Consumer,1,0.15,58.2,6.31,0.10841924398625429
2022-11-12,2022,11,Europe,Office Supplies,Binders,Home Office,4,0.4,410.91,-55.47,-0.13499306417463677
2022-06-28,2022,6,Latin America,Office Supplies,Art,Home Office,1,0.1,34.62,3.15,0.09098786828422878
2024-03-23,2024,3,Asia Pacific,Office Supplies,Paper,Corporate,5,0.0,423.62,99.56,0.23502195363769415
2021-06-27,2021,6,Asia Pacific,Technology,Accessories,Consumer,2,0.15,1709.56,346.66,0.2027773228199069
2023-06-27,2023,6,North America,Technology,Accessories,Consumer,1,0.0,915.94,309.86,0.3382972683800249
2023-08-06,2023,8,Europe,Furniture,Bookcases,Consumer,3,0.0,735.15,124.72,0.1696524518805686
2022-03-05,2022,3,Asia Pacific,Furniture,Furnishings,Consumer,3,0.15,914.12,-14.35,-0.015698157791099638
2022-07-03,2022,7,Latin America,Furniture,Bookcases,Corporate,4,0.15,915.91,-70.68,-0.0771691541745368
2024-05-05,2024,5,North America,Furniture,Bookcases,Consumer,2,0.0,553.54,62.87,0.11357806120605557
2023-03-30,2023,3,North America,Office Supplies,Art,Consumer,2,0.0,144.53,24.74,0.1711755344911091
2024-12-17,2024,12,Asia Pacific,Office Supplies,Art,Consumer,1,0.0,132.01,36.92,0.2796757821377169
2023-06-06,2023,6,Asia Pacific,Furniture,Tables,Consumer,1,0.3,243.09,-43.84,-0.18034472828993378
2024-01-29,2024,1,Europe,Furniture,Tables,Corporate,5,0.0,2275.41,352.12,0.15475013294307402
2022-01-16,2022,1,Europe,Office Supplies,Storage,Consumer,7,0.4,441.75,-91.9,-0.2080362195812111
2023-06-20,2023,6,Asia Pacific,Furniture,Chairs,Corporate,5,0.1,860.1,36.93,0.04293686780606906
2023-04-30,2023,4,Latin America,Office Supplies,Paper,Consumer,3,0.1,306.58,40.68,0.13268967316850414
2024-07-28,2024,7,North America,Office Supplies,Storage,Consumer,3,0.0,339.74,69.88,0.20568670159533758
2022-10-05,2022,10,Europe,Technology,Phones,Consumer,2,0.2,977.09,25.9,0.026507281826648514
2023-08-17,2023,8,Middle East & Africa,Furniture,Chairs,Consumer,3,0.2,718.81,-56.48,-0.07857431031844299
2024-06-22,2024,6,Asia Pacific,Office Supplies,Binders,Consumer,3,0.1,122.89,15.05,0.1224672471315811
2024-05-26,2024,5,Europe,Office Supplies,Paper,Corporate,1,0.15,80.34,-2.45,-0.030495394573064476
2023-12-12,2023,12,North America,Office Supplies,Storage,Home Office,2,0.0,263.43,40.48,0.15366511027597463
2022-01-28,2022,1,Asia Pacific,Office Supplies,Storage,Corporate,3,0.3,94.07,-10.1,-0.10736685447007548
2023-07-24,2023,7,North America,Technology,Phones,Consumer,6,0.3,3160.14,138.92,0.04396007771807578
2024-11-24,2024,11,Asia Pacific,Office Supplies,Art,Consumer,2,0.15,207.04,-4.91,-0.023715224111282844
2022-01-25,2022,1,North America,Technology,Copiers,Corporate,3,0.2,1479.17,182.46,0.12335296145811503
2021-11-05,2021,11,North America,Technology,Laptops,Consumer,5,0.15,3426.06,667.63,0.19486815759210288
2022-09-20,2022,9,North America,Office Supplies,Paper,Consumer,1,0.0,88.83,20.59,0.23179106157829563
2021-12-07,2021,12,Asia Pacific,Technology,Accessories,Corporate,2,0.5,835.82,-139.0,-0.1663037496111603
2024-11-20,2024,11,Europe,Technology,Copiers,Corporate,3,0.2,1974.37,208.88,0.1057957728288011
2022-09-02,2022,9,Europe,Technology,Copiers,Corporate,1,0.4,683.76,-82.21,-0.12023224523224522
2023-06-10,2023,6,North America,Office Supplies,Paper,Corporate,3,0.2,187.42,0.23,0.0012271902678476151
2024-10-01,2024,10,North America,Office Supplies,Binders,Home Office,3,0.15,355.1,-14.87,-0.04187552802027597
2023-12-24,2023,12,Latin America,Furniture,Chairs,Corporate,4,0.3,1580.59,-270.1,-0.17088555539387193
2024-09-05,2024,9,North America,Office Supplies,Art,Consumer,1,0.1,86.61,8.02,0.09259900704306662
2024-10-22,2024,10,Latin America,Office Supplies,Paper,Home Office,2,0.2,129.05,-5.66,-0.043858969391708635
2024-07-04,2024,7,Asia Pacific,Office Supplies,Binders,Consumer,2,0.1,161.84,12.09,0.07470341077607513
2024-06-20,2024,6,North America,Technology,Copiers,Corporate,2,0.0,933.67,310.28,0.3323229834952392
2023-03-02,2023,3,Asia Pacific,Office Supplies,Storage,Consumer,5,0.0,480.78,90.84,0.18894296767752405
2021-10-29,2021,10,Asia Pacific,Technology,Accessories,Corporate,7,0.1,3418.95,672.44,0.1966802673335381
2023-03-02,2023,3,North America,Office Supplies,Storage,Home Office,2,0.1,140.91,18.33,0.13008303172237598
2024-01-13,2024,1,Europe,Office Supplies,Storage,Home Office,3,0.5,183.06,-44.34,-0.24221566699442806
2023-07-30,2023,7,Asia Pacific,Office Supplies,Art,Home Office,1,0.15,120.45,6.19,0.05139061851390619
2023-03-20,2023,3,Europe,Technology,Laptops,Corporate,2,0.1,1072.87,114.47,0.10669512615694353
2024-01-08,2024,1,Europe,Furniture,Furnishings,Consumer,2,0.1,700.94,-3.97,-0.0056638228664365
2022-08-16,2022,8,Latin America,Technology,Copiers,Home Office,5,0.1,1570.19,319.44,0.20344034798336505
2021-01-27,2021,1,Latin America,Office Supplies,Binders,Consumer,5,0.1,385.72,67.62,0.1753085139479415
2024-03-29,2024,3,Asia Pacific,Technology,Laptops,Home Office,3,0.1,1510.99,319.24,0.2112786980721249
2022-06-16,2022,6,Europe,Office Supplies,Art,Consumer,4,0.0,358.05,34.86,0.0973607038123167
2021-08-12,2021,8,Europe,Office Supplies,Storage,Home Office,4,0.1,158.3,17.65,0.11149715729627288
2023-11-07,2023,11,North America,Office Supplies,Paper,Home Office,1,0.3,122.94,-2.65,-0.021555230193590368
2022-01-30,2022,1,Europe,Office Supplies,Binders,Corporate,5,0.0,359.02,55.17,0.15366831931368727
2023-12-13,2023,12,North America,Technology,Phones,Home Office,2,0.3,1194.83,49.84,0.04171304704434941
2023-02-22,2023,2,Europe,Office Supplies,Art,Consumer,5,0.1,173.09,20.17,0.11652897336645676
2023-03-13,2023,3,Middle East & Africa,Technology,Accessories,Home Office,2,0.3,519.97,11.45,0.02202050118276054
2021-05-27,2021,5,North America,Furniture,Furnishings,Consumer,3,0.1,1561.54,53.29,0.03412656736298782
2023-09-22,2023,9,North America,Office Supplies,Art,Consumer,2,0.1,116.08,10.96,0.09441764300482426
2021-12-07,2021,12,Middle East & Africa,Office Supplies,Paper,Consumer,4,0.3,190.7,-18.95,-0.09937073938122706
2022-02-06,2022,2,Europe,Furniture,Bookcases,Home Office,2,0.15,459.56,0.92,0.00200191487509792
2023-06-30,2023,6,Europe,Technology,Laptops,Consumer,2,0.2,1596.2,268.88,0.16845006891366995
2022-10-12,2022,10,Europe,Office Supplies,Paper,Corporate,4,0.4,129.4,-16.94,-0.13091190108191655
2024-09-03,2024,9,North America,Office Supplies,Art,Corporate,2,0.0,263.68,42.22,0.16011832524271843
2022-05-18,2022,5,Europe,Furniture,Furnishings,Consumer,3,0.0,870.03,141.75,0.16292541636495295
2021-05-01,2021,5,North America,Office Supplies,Storage,Consumer,3,0.0,179.14,36.84,0.205649212906107
2022-02-16,2022,2,Europe,Furniture,Furnishings,Corporate,5,0.15,1776.32,25.97,0.014620113493064312
2021-02-21,2021,2,North America,Technology,Copiers,Consumer,1,0.4,430.49,-56.51,-0.13126901902483215
2021-08-18,2021,8,North America,Technology,Accessories,Consumer,5,0.1,1704.24,277.15,0.16262380885321315
2021-11-15,2021,11,Europe,Furniture,Tables,Corporate,1,0.1,213.47,11.7,0.05480863821614278
2023-11-14,2023,11,North America,Office Supplies,Binders,Consumer,2,0.0,367.89,73.57,0.1999782543695126
2021-07-27,2021,7,Middle East & Africa,Furniture,Furnishings,Consumer,3,0.0,691.77,26.46,0.038249707272648426
2022-06-27,2022,6,North America,Technology,Phones,Consumer,2,0.0,967.77,243.74,0.2518573628031454
2023-03-31,2023,3,Middle East & Africa,Office Supplies,Storage,Corporate,1,0.0,82.47,10.47,0.12695525645689343
2023-01-19,2023,1,Europe,Technology,Accessories,Corporate,4,0.1,1781.28,232.69,0.13063078235875325
2021-12-11,2021,12,North America,Technology,Copiers,Corporate,4,0.1,2893.38,481.28,0.16633833094857917
2021-12-30,2021,12,North America,Technology,Phones,Consumer,2,0.2,944.52,114.49,0.12121500868165841
2023-01-08,2023,1,Asia Pacific,Furniture,Bookcases,Home Office,4,0.1,1665.23,74.45,0.044708538760411476
2023-07-27,2023,7,North America,Technology,Laptops,Corporate,5,0.15,2487.52,256.49,0.10311072875795974
2024-10-25,2024,10,Asia Pacific,Technology,Phones,Home Office,2,0.2,1130.11,196.43,0.17381493836883138
2021-03-17,2021,3,Latin America,Office Supplies,Paper,Consumer,5,0.0,167.08,28.31,0.16943978932248022
2022-06-02,2022,6,North America,Furniture,Furnishings,Corporate,1,0.5,204.72,-72.91,-0.35614497850722937
2021-09-19,2021,9,Asia Pacific,Office Supplies,Art,Corporate,5,0.4,204.91,-30.66,-0.14962666536528232
2024-06-28,2024,6,Asia Pacific,Office Supplies,Storage,Corporate,4,0.0,429.01,64.56,0.15048600265728074
2021-08-22,2021,8,Latin America,Technology,Copiers,Consumer,6,0.4,2705.36,-543.97,-0.2010712067894846
2022-02-10,2022,2,North America,Technology,Phones,Consumer,3,0.15,1240.21,213.27,0.17196281274945371
2021-03-10,2021,3,Europe,Technology,Phones,Corporate,5,0.1,1952.22,338.63,0.17345893393162656
2024-11-02,2024,11,North America,Technology,Accessories,Consumer,2,0.0,2651.79,615.68,0.23217524766289938
2021-07-22,2021,7,North America,Office Supplies,Paper,Corporate,9,0.15,657.39,53.05,0.08069791143765496
2023-07-23,2023,7,Europe,Technology,Phones,Consumer,2,0.5,500.57,-76.96,-0.1537447310066524
2022-04-24,2022,4,Europe,Office Supplies,Paper,Home Office,4,0.0,280.95,57.19,0.20355935219789997
2022-09-05,2022,9,Europe,Technology,Phones,Corporate,1,0.0,293.55,68.11,0.23202180207801054
2023-05-20,2023,5,Asia Pacific,Office Supplies,Art,Home Office,2,0.1,127.98,12.6,0.09845288326300984
2024-10-31,2024,10,North America,Office Supplies,Art,Consumer,7,0.3,608.77,-78.98,-0.12973701069369384
2022-03-18,2022,3,Asia Pacific,Office Supplies,Storage,Consumer,3,0.3,185.78,-27.53,-0.1481860264829368
2022-02-25,2022,2,Asia Pacific,Technology,Laptops,Corporate,1,0.1,621.94,142.42,0.228993150464675
2022-03-10,2022,3,Middle East & Africa,Office Supplies,Paper,Consumer,1,0.15,66.46,-3.33,-0.05010532651218779
2022-11-18,2022,11,Europe,Office Supplies,Paper,Corporate,2,0.0,128.04,36.51,0.28514526710403
2022-07-30,2022,7,Europe,Office Supplies,Binders,Corporate,7,0.4,269.15,-58.1,-0.21586475942782837
2023-05-28,2023,5,Europe,Office Supplies,Binders,Consumer,3,0.1,310.7,28.24,0.09089153524299967
2024-03-08,2024,3,Latin America,Office Supplies,Paper,Home Office,2,0.15,103.51,10.27,0.09921746691140952
2023-03-05,2023,3,North America,Technology,Phones,Consumer,3,0.4,2283.76,-62.43,-0.027336497705538233
2022-01-02,2022,1,Asia Pacific,Technology,Phones,Corporate,4,0.3,2524.34,19.67,0.0077921357661804675
2024-08-08,2024,8,Asia Pacific,Office Supplies,Paper,Home Office,3,0.15,154.53,20.5,0.132660324856015
2023-07-27,2023,7,Europe,Technology,Accessories,Consumer,4,0.0,1636.75,409.06,0.24992210172598137
2022-12-02,2022,12,Europe,Office Supplies,Binders,Consumer,5,0.0,328.09,81.76,0.2491999146575635
2022-08-20,2022,8,North America,Office Supplies,Storage,Corporate,2,0.15,60.88,3.67,0.06028252299605782
2022-05-01,2022,5,Europe,Technology,Accessories,Consumer,7,0.0,4241.9,1215.66,0.28658384214620813
2024-10-01,2024,10,North America,Office Supplies,Storage,Consumer,2,0.0,148.76,35.26,0.23702608228018285
2024-09-02,2024,9,Europe,Furniture,Furnishings,Consumer,3,0.4,1507.17,-463.41,-0.3074702920042198
2024-01-02,2024,1,North America,Office Supplies,Binders,Home Office,5,0.0,216.59,62.24,0.28736322083198673
2021-07-27,2021,7,North America,Furniture,Bookcases,Consumer,4,0.0,721.64,100.64,0.13946011861870186
2023-11-10,2023,11,Asia Pacific,Furniture,Bookcases,Consumer,4,0.2,1028.0,-92.92,-0.09038910505836575
2022-05-14,2022,5,Asia Pacific,Office Supplies,Art,Corporate,1,0.0,98.43,18.69,0.18988113380067054
2021-07-21,2021,7,Latin America,Technology,Laptops,Corporate,2,0.4,700.7,-70.91,-0.10119880119880119
2022-11-02,2022,11,Middle East & Africa,Technology,Phones,Home Office,1,0.3,702.41,1.36,0.0019361911134522574
2024-03-15,2024,3,Latin America,Furniture,Bookcases,Consumer,4,0.0,1438.79,157.47,0.109446131819098
2022-02-22,2022,2,Europe,Technology,Copiers,Corporate,4,0.3,1125.45,57.39,0.05099293615886978
2024-09-15,2024,9,North America,Furniture,Furnishings,Home Office,1,0.0,291.41,21.6,0.07412237054322089
2022-10-03,2022,10,North America,Technology,Phones,Consumer,2,0.0,522.27,124.76,0.23888027265590597
2021-01-14,2021,1,North America,Technology,Laptops,Consumer,2,0.2,416.82,32.11,0.07703565088047598
2022-04-15,2022,4,Europe,Office Supplies,Paper,Corporate,2,0.5,71.05,-22.52,-0.31695988740323716
2021-03-18,2021,3,Latin America,Technology,Laptops,Corporate,1,0.0,416.32,121.99,0.29301979246733284
2023-01-04,2023,1,Middle East & Africa,Office Supplies,Paper,Consumer,2,0.1,161.65,10.22,0.06322301268171977
2022-08-20,2022,8,North America,Office Supplies,Storage,Home Office,2,0.0,144.18,19.11,0.1325426550145651
2024-08-19,2024,8,North America,Office Supplies,Paper,Consumer,4,0.3,164.29,-15.46,-0.09410189299409581
2024-01-26,2024,1,Asia Pacific,Technology,Copiers,Corporate,7,0.2,3252.47,529.7,0.16286084114534494
2023-11-01,2023,11,Latin America,Furniture,Bookcases,Consumer,3,0.2,2362.35,-83.36,-0.03528689652253053
2024-05-19,2024,5,Asia Pacific,Office Supplies,Storage,Consumer,3,0.1,290.93,32.24,0.11081703502560754
2024-01-09,2024,1,Asia Pacific,Furniture,Chairs,Consumer,4,0.1,1348.8,9.41,0.006976571767497035
2022-05-15,2022,5,Europe,Office Supplies,Art,Consumer,1,0.15,69.26,3.25,0.04692463182211955
2022-05-02,2022,5,Europe,Office Supplies,Binders,Consumer,1,0.15,62.5,5.09,0.08144
2024-01-31,2024,1,Asia Pacific,Technology,Copiers,Corporate,2,0.0,571.1,148.97,0.26084748730520047
2021-04-08,2021,4,Europe,Furniture,Tables,Consumer,2,0.0,658.86,70.2,0.10654767325380203
2024-11-11,2024,11,Middle East & Africa,Office Supplies,Paper,Corporate,1,0.0,97.92,15.19,0.1551266339869281
2023-08-02,2023,8,Europe,Furniture,Tables,Consumer,1,0.15,292.16,-20.55,-0.0703381708652793
2022-12-18,2022,12,Latin America,Office Supplies,Art,Consumer,1,0.3,118.21,-12.95,-0.10955079942475256
2023-10-13,2023,10,Asia Pacific,Technology,Copiers,Consumer,4,0.3,939.78,5.4,0.005746025665581307
2022-08-07,2022,8,Asia Pacific,Furniture,Chairs,Consumer,4,0.2,1589.39,-143.48,-0.0902736269889706
2024-02-10,2024,2,Europe,Furniture,Bookcases,Consumer,3,0.1,727.88,28.89,0.0396906083420344
2022-03-01,2022,3,Europe,Office Supplies,Art,Corporate,4,0.2,281.55,5.89,0.020919907654057893
2023-05-28,2023,5,North America,Technology,Laptops,Consumer,1,0.1,382.88,59.76,0.15608023401587964
2022-09-08,2022,9,Europe,Office Supplies,Binders,Home Office,4,0.0,257.9,46.13,0.17886777820860802
2024-05-13,2024,5,North America,Technology,Copiers,Consumer,3,0.15,966.61,221.38,0.2290272188369663
2024-11-28,2024,11,North America,Furniture,Furnishings,Corporate,5,0.0,2440.16,190.92,0.07824077109697725
2023-05-04,2023,5,Middle East & Africa,Office Supplies,Storage,Corporate,4,0.15,188.12,2.85,0.015149904316393792
2024-02-03,2024,2,Europe,Technology,Copiers,Corporate,2,0.0,510.36,147.93,0.2898542205501999
2021-07-02,2021,7,North America,Furniture,Tables,Home Office,1,0.2,788.86,-39.31,-0.049831402276703095
2024-02-06,2024,2,North America,Furniture,Bookcases,Consumer,2,0.15,557.54,-19.81,-0.035531082971625355
2022-01-15,2022,1,Middle East & Africa,Office Supplies,Paper,Corporate,1,0.15,30.77,3.32,0.10789730256743581
2021-02-22,2021,2,Asia Pacific,Technology,Laptops,Corporate,5,0.1,1343.2,298.02,0.22187313877307918
2021-11-01,2021,11,North America,Technology,Copiers,Consumer,4,0.15,1770.0,473.63,0.26758757062146893
2022-02-10,2022,2,Europe,Office Supplies,Paper,Home Office,4,0.3,202.23,-20.95,-0.10359491667902883
2024-04-25,2024,4,North America,Office Supplies,Art,Consumer,5,0.3,354.83,-37.15,-0.10469802440605361
2023-06-26,2023,6,Asia Pacific,Furniture,Furnishings,Consumer,3,0.3,567.14,-12.96,-0.02285150051133759
2022-12-24,2022,12,Asia Pacific,Technology,Copiers,Home Office,7,0.3,3240.53,155.63,0.04802609449688785
2023-01-02,2023,1,North America,Office Supplies,Binders,Consumer,1,0.15,36.73,3.21,0.08739450040838552
2023-08-29,2023,8,Asia Pacific,Technology,Accessories,Consumer,1,0.1,965.17,303.45,0.31440057191997267
2021-08-29,2021,8,Asia Pacific,Furniture,Furnishings,Consumer,4,0.2,1035.95,-74.38,-0.0717988319899609
2024-06-03,2024,6,Europe,Furniture,Bookcases,Corporate,2,0.2,615.52,-73.08,-0.11872887964647777
2021-11-13,2021,11,North America,Furniture,Furnishings,Consumer,4,0.1,1661.18,-23.93,-0.014405422651368304
2022-02-07,2022,2,North America,Office Supplies,Art,Consumer,1,0.0,50.42,5.99,0.11880206267354225
2021-01-07,2021,1,Asia Pacific,Office Supplies,Binders,Consumer,3,0.1,154.51,7.59,0.04912303410782474
2022-03-06,2022,3,Asia Pacific,Office Supplies,Storage,Corporate,4,0.1,210.34,16.14,0.07673290862413236
2022-10-28,2022,10,Asia Pacific,Office Supplies,Paper,Consumer,3,0.1,191.16,18.79,0.09829462230592174
2023-07-13,2023,7,Europe,Technology,Accessories,Corporate,4,0.0,2029.48,498.48,0.24561956757395983
2022-08-04,2022,8,Europe,Furniture,Chairs,Home Office,2,0.15,409.33,-35.3,-0.0862384872840984
2021-07-28,2021,7,North America,Office Supplies,Art,Consumer,1,0.0,70.24,17.21,0.24501708428246016
2021-10-28,2021,10,North America,Furniture,Chairs,Home Office,3,0.15,1094.29,-19.56,-0.01787460362426779
2023-01-30,2023,1,Asia Pacific,Furniture,Tables,Corporate,3,0.1,387.26,-12.88,-0.03325930899137531
2021-01-06,2021,1,North America,Technology,Phones,Consumer,6,0.2,2851.03,333.05,0.11681743089339641
2021-07-31,2021,7,North America,Furniture,Chairs,Consumer,3,0.15,1426.48,-120.85,-0.08471902865795525
2024-08-15,2024,8,North America,Technology,Phones,Corporate,2,0.1,932.65,183.19,0.19641880662627995
2021-07-13,2021,7,North America,Office Supplies,Paper,Consumer,4,0.0,230.03,52.39,0.227752901795418
2024-05-10,2024,5,Middle East & Africa,Office Supplies,Art,Consumer,4,0.1,156.29,5.81,0.03717448333226694
2022-03-28,2022,3,North America,Furniture,Furnishings,Home Office,4,0.0,2065.18,173.89,0.08420089290037672
2021-02-15,2021,2,Latin America,Office Supplies,Paper,Corporate,5,0.3,197.14,-11.42,-0.05792837577356194
2021-05-04,2021,5,North America,Office Supplies,Storage,Corporate,3,0.2,110.11,4.25,0.03859776587049314
2023-02-03,2023,2,Middle East & Africa,Office Supplies,Binders,Corporate,6,0.1,429.63,34.35,0.07995251728231269
2021-08-03,2021,8,Asia Pacific,Technology,Laptops,Corporate,6,0.0,3071.58,830.76,0.2704666653644053
2021-06-23,2021,6,North America,Office Supplies,Storage,Consumer,4,0.15,351.98,1.35,0.0038354451957497587
2023-08-29,2023,8,Europe,Office Supplies,Binders,Corporate,1,0.0,43.58,9.87,0.22648003671408903
2023-10-25,2023,10,Europe,Technology,Laptops,Corporate,2,0.15,997.94,143.24,0.14353568350802653
2023-07-15,2023,7,Europe,Office Supplies,Storage,Corporate,5,0.0,371.43,49.83,0.13415717631855262
2023-01-24,2023,1,Asia Pacific,Office Supplies,Paper,Corporate,2,0.1,189.27,17.38,0.09182649125587784
2024-01-21,2024,1,Europe,Technology,Accessories,Consumer,1,0.15,812.99,118.36,0.14558604656883847
2021-05-12,2021,5,Asia Pacific,Technology,Copiers,Consumer,4,0.0,2031.18,601.35,0.2960594334327829
2022-04-09,2022,4,North America,Office Supplies,Storage,Home Office,5,0.0,423.44,76.43,0.18049782731910072
2023-06-27,2023,6,North America,Office Supplies,Art,Consumer,3,0.1,258.57,27.1,0.10480720887960708
2023-01-10,2023,1,Asia Pacific,Office Supplies,Storage,Consumer,5,0.0,671.23,101.0,0.15047003262667044
2021-01-02,2021,1,Europe,Technology,Phones,Corporate,1,0.0,615.64,113.9,0.18501072055097137
2021-02-23,2021,2,Europe,Technology,Phones,Consumer,4,0.2,1144.72,60.29,0.05266790132084702
2024-01-16,2024,1,Europe,Office Supplies,Storage,Corporate,1,0.0,40.27,10.15,0.25204867146759374
2024-04-29,2024,4,Asia Pacific,Office Supplies,Binders,Corporate,1,0.4,49.68,-10.13,-0.20390499194847023
2021-10-27,2021,10,North America,Furniture,Chairs,Corporate,2,0.15,390.1,-31.23,-0.08005639579594975
2024-10-18,2024,10,Europe,Office Supplies,Art,Corporate,5,0.3,308.82,-25.87,-0.08377048118645165
2023-07-28,2023,7,North America,Technology,Accessories,Corporate,3,0.1,2115.48,500.81,0.2367358708189158
2022-04-17,2022,4,Europe,Office Supplies,Storage,Home Office,3,0.0,106.23,33.32,0.3136590417019674
2023-07-23,2023,7,Asia Pacific,Office Supplies,Storage,Corporate,5,0.1,355.41,38.37,0.10795982105174304
2022-07-10,2022,7,Europe,Office Supplies,Art,Corporate,1,0.1,47.42,1.12,0.023618726275832985
2024-01-19,2024,1,Latin America,Technology,Phones,Home Office,1,0.15,242.46,29.22,0.12051472407819845
2023-10-31,2023,10,Asia Pacific,Office Supplies,Storage,Corporate,4,0.0,183.36,32.35,0.17642888307155322
2021-03-20,2021,3,North America,Furniture,Chairs,Home Office,2,0.2,505.94,-61.69,-0.12193145432264695
2021-11-29,2021,11,Europe,Office Supplies,Paper,Consumer,2,0.1,153.74,18.32,0.11916222193313386
2024-11-20,2024,11,Asia Pacific,Office Supplies,Binders,Home Office,2,0.1,206.94,5.53,0.026722721561805357
2022-03-13,2022,3,Europe,Office Supplies,Storage,Consumer,3,0.1,110.0,-1.41,-0.012818181818181817
2021-06-01,2021,6,Asia Pacific,Office Supplies,Storage,Consumer,3,0.4,385.2,-91.79,-0.23829179646936657
2022-02-13,2022,2,North America,Technology,Copiers,Consumer,2,0.0,874.38,310.53,0.35514307280587387
2022-03-26,2022,3,Asia Pacific,Technology,Phones,Consumer,4,0.15,3035.92,425.87,0.14027708240006323
2023-01-23,2023,1,Latin America,Furniture,Chairs,Consumer,1,0.15,245.83,5.45,0.02216979213277468
2022-01-16,2022,1,North America,Office Supplies,Art,Consumer,3,0.15,268.16,32.98,0.12298627684964199
2021-12-09,2021,12,North America,Office Supplies,Paper,Consumer,3,0.0,406.46,66.85,0.16446882842100083
2023-05-29,2023,5,Asia Pacific,Office Supplies,Paper,Consumer,1,0.1,67.02,10.56,0.15756490599820952
2023-12-10,2023,12,Europe,Furniture,Chairs,Consumer,4,0.15,950.35,21.56,0.022686378702583256
2024-04-06,2024,4,Asia Pacific,Technology,Accessories,Consumer,3,0.15,1010.53,110.35,0.10920012270788595
2022-12-11,2022,12,North America,Office Supplies,Paper,Consumer,3,0.3,234.75,-32.43,-0.13814696485623004
2024-12-22,2024,12,Latin America,Office Supplies,Paper,Consumer,1,0.15,118.36,2.66,0.02247380871916188
2022-01-29,2022,1,North America,Office Supplies,Art,Consumer,4,0.1,373.15,52.38,0.1403725043548171
2022-01-04,2022,1,Europe,Furniture,Furnishings,Consumer,1,0.2,208.26,-16.23,-0.07793143186401615
2021-01-18,2021,1,North America,Office Supplies,Storage,Consumer,4,0.15,247.21,33.96,0.13737308361312245
2023-06-01,2023,6,Asia Pacific,Office Supplies,Art,Consumer,3,0.0,98.49,11.86,0.12041831658036349
2023-11-18,2023,11,Europe,Technology,Laptops,Consumer,4,0.15,2559.62,266.98,0.10430454520592902
2021-07-30,2021,7,Europe,Technology,Laptops,Corporate,4,0.0,2734.35,678.11,0.24799678168486114
2022-06-06,2022,6,Europe,Office Supplies,Storage,Corporate,2,0.0,192.51,43.24,0.22461170848267625
2024-04-25,2024,4,Latin America,Technology,Laptops,Corporate,2,0.3,815.75,4.86,0.005957707631014404
2024-10-31,2024,10,Asia Pacific,Office Supplies,Storage,Corporate,2,0.15,134.7,7.86,0.05835189309576838
2021-05-09,2021,5,North America,Furniture,Furnishings,Consumer,4,0.0,666.45,69.25,0.10390877035036386
2024-06-25,2024,6,Europe,Technology,Copiers,Corporate,1,0.3,581.97,-56.92,-0.09780572881763665
2022-06-23,2022,6,Asia Pacific,Technology,Copiers,Consumer,1,0.0,507.54,118.97,0.23440517003585923
2021-03-19,2021,3,Latin America,Office Supplies,Storage,Consumer,2,0.0,58.77,8.67,0.14752424706482897
2023-07-12,2023,7,Europe,Technology,Laptops,Consumer,2,0.0,770.8,206.97,0.2685132330046705
2023-07-21,2023,7,Asia Pacific,Office Supplies,Binders,Corporate,2,0.2,141.05,6.21,0.04402694080113435
2023-01-17,2023,1,Asia Pacific,Office Supplies,Binders,Home Office,1,0.3,66.88,1.52,0.022727272727272728
2021-09-08,2021,9,Asia Pacific,Furniture,Bookcases,Consumer,5,0.1,1276.98,146.8,0.11495873075537598
2024-12-24,2024,12,Asia Pacific,Furniture,Tables,Consumer,2,0.0,1139.61,105.95,0.09297040215512326
2022-09-02,2022,9,North America,Furniture,Furnishings,Consumer,4,0.2,756.0,-19.57,-0.025886243386243388
2022-04-03,2022,4,Middle East & Africa,Furniture,Tables,Consumer,1,0.5,261.2,-99.43,-0.380666156202144
2022-03-01,2022,3,Middle East & Africa,Furniture,Furnishings,Corporate,2,0.1,616.64,12.23,0.019833290088220032
2022-04-13,2022,4,Europe,Technology,Laptops,Home Office,2,0.3,763.54,47.49,0.062197134400293376
2022-12-17,2022,12,North America,Office Supplies,Storage,Consumer,2,0.0,152.35,20.09,0.13186741056777157
2022-03-06,2022,3,Europe,Office Supplies,Storage,Corporate,6,0.15,236.05,2.52,0.010675704299936454
2022-04-21,2022,4,Europe,Technology,Phones,Home Office,1,0.1,235.56,59.3,0.25174053319748685
2021-06-28,2021,6,Europe,Office Supplies,Storage,Home Office,5,0.15,260.55,4.2,0.016119746689694875
2024-08-12,2024,8,Latin America,Furniture,Bookcases,Consumer,4,0.0,3267.92,196.51,0.060133050992680355
2021-05-04,2021,5,North America,Furniture,Chairs,Home Office,1,0.1,307.32,-1.81,-0.005889626448002083
2023-03-30,2023,3,Asia Pacific,Office Supplies,Binders,Corporate,1,0.4,77.88,-8.48,-0.10888546481766823
2023-03-20,2023,3,North America,Furniture,Chairs,Consumer,2,0.0,635.33,108.54,0.17084035068389655
2023-03-22,2023,3,Europe,Technology,Accessories,Corporate,3,0.15,1742.01,273.43,0.15696235957313678
2024-01-15,2024,1,Asia Pacific,Furniture,Bookcases,Corporate,5,0.15,2458.74,-102.08,-0.04151719986659834
2023-04-11,2023,4,Europe,Furniture,Tables,Home Office,2,0.4,687.27,-132.71,-0.1930973271057954
2024-06-14,2024,6,Asia Pacific,Office Supplies,Art,Corporate,2,0.3,126.65,-9.59,-0.07572048953809711
2024-02-04,2024,2,Asia Pacific,Technology,Laptops,Consumer,4,0.0,2481.56,863.19,0.3478416802334016
2024-06-21,2024,6,North America,Office Supplies,Art,Corporate,6,0.4,390.09,-54.86,-0.14063421261760106
2023-12-11,2023,12,Asia Pacific,Technology,Accessories,Corporate,3,0.2,4574.52,344.78,0.07536965626994743
2024-08-18,2024,8,Asia Pacific,Office Supplies,Storage,Consumer,4,0.15,345.22,45.6,0.13208968194195006
2024-01-05,2024,1,Europe,Furniture,Tables,Corporate,3,0.3,1418.4,-334.77,-0.23601945854483922
2024-12-24,2024,12,Europe,Technology,Copiers,Consumer,5,0.2,6290.54,895.09,0.14229144079840522
2024-02-17,2024,2,Europe,Office Supplies,Binders,Consumer,4,0.3,134.43,-13.54,-0.1007215651268318
2021-08-06,2021,8,Europe,Office Supplies,Art,Consumer,3,0.1,118.66,7.07,0.05958199898870724
2022-05-28,2022,5,Europe,Furniture,Tables,Corporate,3,0.0,1028.71,124.02,0.1205587580562063
2023-04-03,2023,4,North America,Technology,Phones,Consumer,2,0.2,913.91,50.44,0.05519143022835946
2024-08-10,2024,8,Europe,Technology,Accessories,Consumer,1,0.1,497.85,91.89,0.18457366676709852
2024-06-07,2024,6,Europe,Furniture,Chairs,Consumer,1,0.0,225.5,32.43,0.14381374722838136
2022-12-28,2022,12,North America,Furniture,Chairs,Consumer,2,0.5,800.48,-232.96,-0.29102538476913853
2021-03-06,2021,3,Middle East & Africa,Technology,Laptops,Consumer,5,0.2,3233.31,43.81,0.01354958231657342
2022-01-25,2022,1,North America,Technology,Phones,Consumer,2,0.0,1058.1,291.29,0.27529534070503736
2022-08-30,2022,8,North America,Furniture,Bookcases,Corporate,6,0.15,3054.51,-119.85,-0.03923706257304772
2022-05-27,2022,5,Europe,Furniture,Furnishings,Consumer,2,0.0,916.17,124.8,0.13621926061757098
2024-04-16,2024,4,Europe,Office Supplies,Binders,Corporate,4,0.0,351.31,86.36,0.24582277760382568
2022-08-10,2022,8,North America,Furniture,Tables,Consumer,1,0.0,279.25,41.04,0.14696508504923902
2021-05-27,2021,5,Middle East & Africa,Technology,Accessories,Corporate,1,0.15,415.17,61.19,0.14738540838692582
2022-06-04,2022,6,North America,Technology,Copiers,Corporate,4,0.1,3374.99,583.13,0.17277977119932209
2021-03-04,2021,3,Europe,Office Supplies,Storage,Corporate,2,0.2,157.67,-0.97,-0.006152089807826474
2024-07-03,2024,7,Europe,Furniture,Furnishings,Consumer,3,0.15,658.95,-36.49,-0.05537597693299947
2021-06-15,2021,6,Asia Pacific,Office Supplies,Binders,Corporate,4,0.4,340.95,-60.54,-0.17756269247690276
2022-05-27,2022,5,North America,Technology,Laptops,Consumer,2,0.1,888.69,195.59,0.2200879946888116
2023-05-30,2023,5,Asia Pacific,Furniture,Furnishings,Corporate,1,0.2,194.95,-9.24,-0.047396768402154406
2022-01-30,2022,1,North America,Office Supplies,Paper,Home Office,1,0.0,59.15,9.73,0.16449704142011837
2024-10-20,2024,10,Europe,Furniture,Bookcases,Consumer,5,0.15,1806.48,-46.98,-0.02600637704264647
2023-08-04,2023,8,Asia Pacific,Office Supplies,Storage,Corporate,1,0.3,57.04,-4.1,-0.07187938288920055
2022-04-05,2022,4,North America,Technology,Accessories,Corporate,2,0.1,1328.71,224.89,0.16925438959592384
2022-10-28,2022,10,North America,Technology,Phones,Consumer,5,0.15,2597.4,305.39,0.11757526757526757
2023-04-27,2023,4,North America,Office Supplies,Paper,Home Office,7,0.15,214.48,-15.62,-0.07282730324505782
2024-12-02,2024,12,North America,Furniture,Bookcases,Home Office,2,0.0,1029.84,193.57,0.18796123669696263
2021-07-07,2021,7,North America,Furniture,Furnishings,Corporate,4,0.15,1120.68,52.38,0.046739479601670415
2021-12-31,2021,12,Asia Pacific,Office Supplies,Paper,Consumer,7,0.2,448.07,-35.17,-0.07849219987948312
2022-01-26,2022,1,Latin America,Office Supplies,Paper,Corporate,1,0.0,76.55,12.64,0.1651208360548661
2022-01-12,2022,1,North America,Office Supplies,Binders,Consumer,2,0.0,149.0,28.63,0.1921476510067114
2021-06-24,2021,6,Middle East & Africa,Office Supplies,Binders,Consumer,3,0.1,108.42,18.6,0.17155506364139458
2022-06-16,2022,6,Asia Pacific,Office Supplies,Paper,Consumer,1,0.0,56.0,7.69,0.13732142857142857
2024-04-05,2024,4,Europe,Technology,Accessories,Corporate,4,0.2,4684.46,161.32,0.03443726704892346
2021-08-26,2021,8,Asia Pacific,Office Supplies,Storage,Home Office,1,0.0,42.06,12.44,0.2957679505468378
2022-04-21,2022,4,North America,Office Supplies,Art,Consumer,2,0.3,75.76,-2.35,-0.031019007391763463
2023-04-04,2023,4,North America,Technology,Accessories,Consumer,2,0.0,2090.11,664.71,0.3180263239733794
2021-09-30,2021,9,Middle East & Africa,Office Supplies,Paper,Corporate,3,0.0,107.93,25.37,0.23505976095617528
2023-06-01,2023,6,Europe,Furniture,Furnishings,Home Office,4,0.0,1285.07,285.91,0.22248593461834767
2021-09-19,2021,9,North America,Furniture,Bookcases,Corporate,4,0.1,2088.06,-30.0,-0.014367403235539209
2022-03-14,2022,3,Middle East & Africa,Furniture,Furnishings,Consumer,3,0.1,941.64,16.21,0.01721464678645767
2022-05-27,2022,5,North America,Technology,Phones,Corporate,1,0.0,683.11,151.55,0.2218529958571826
2021-11-23,2021,11,North America,Technology,Copiers,Home Office,2,0.3,1282.28,26.7,0.02082228530430171
2021-04-09,2021,4,North America,Technology,Laptops,Consumer,3,0.15,773.81,87.37,0.11290885359455165
2021-10-27,2021,10,North America,Technology,Phones,Consumer,2,0.2,1105.26,107.19,0.09698170566201618
2024-06-08,2024,6,Europe,Office Supplies,Art,Consumer,4,0.0,190.77,25.54,0.13387849242543376
2021-01-07,2021,1,Asia Pacific,Office Supplies,Binders,Consumer,5,0.1,276.97,38.99,0.14077336895692674
2021-09-27,2021,9,Europe,Furniture,Furnishings,Corporate,4,0.0,1323.0,84.15,0.06360544217687075
2023-07-26,2023,7,North America,Office Supplies,Paper,Consumer,5,0.1,373.47,57.93,0.15511286047072054
2022-07-11,2022,7,North America,Office Supplies,Binders,Consumer,3,0.0,183.41,30.21,0.16471293822583283
2024-09-22,2024,9,Asia Pacific,Technology,Copiers,Corporate,6,0.15,6293.09,596.67,0.09481351768368161
2022-12-28,2022,12,Asia Pacific,Technology,Laptops,Consumer,2,0.0,1137.39,328.2,0.2885553767836889
2024-04-19,2024,4,Asia Pacific,Technology,Phones,Consumer,4,0.0,1961.2,581.49,0.2964970426269631
2024-10-22,2024,10,Asia Pacific,Office Supplies,Binders,Home Office,2,0.0,150.18,26.4,0.1757890531362365
2024-01-24,2024,1,Latin America,Office Supplies,Storage,Home Office,1,0.4,52.64,-3.21,-0.060980243161094225
2023-03-30,2023,3,Europe,Technology,Copiers,Home Office,6,0.15,3668.87,497.94,0.13572026264217593
2024-11-15,2024,11,Asia Pacific,Office Supplies,Paper,Consumer,1,0.1,118.14,22.8,0.1929913661757237
2024-07-23,2024,7,Europe,Office Supplies,Storage,Corporate,2,0.0,228.15,53.63,0.23506465044926583
2024-07-20,2024,7,North America,Office Supplies,Storage,Corporate,4,0.1,529.13,45.41,0.08582011981932605
2024-08-12,2024,8,North America,Office Supplies,Paper,Home Office,1,0.2,107.69,-0.08,-0.0007428730615656051
2024-11-05,2024,11,Europe,Office Supplies,Binders,Consumer,2,0.0,289.22,43.07,0.14891777885346794
2023-02-25,2023,2,Asia Pacific,Technology,Accessories,Consumer,2,0.1,1135.44,297.27,0.2618103994927076
2021-03-01,2021,3,North America,Technology,Copiers,Consumer,4,0.3,2370.81,23.83,0.010051417026248413
2023-09-06,2023,9,Latin America,Furniture,Chairs,Home Office,1,0.15,282.26,-26.62,-0.09431021044427125
2024-08-09,2024,8,Asia Pacific,Office Supplies,Paper,Consumer,4,0.5,273.23,-61.74,-0.22596347399626687
2021-01-29,2021,1,Europe,Furniture,Tables,Consumer,3,0.1,568.84,6.14,0.010793896350467617
2024-06-07,2024,6,North America,Office Supplies,Paper,Home Office,1,0.2,132.88,5.11,0.038455749548464785
2023-07-10,2023,7,Asia Pacific,Technology,Copiers,Consumer,2,0.2,706.47,20.43,0.02891842541084547
2021-05-02,2021,5,Asia Pacific,Office Supplies,Storage,Corporate,6,0.15,361.34,20.32,0.056235124813195335
2022-02-17,2022,2,Europe,Office Supplies,Storage,Home Office,2,0.3,92.22,-10.07,-0.10919540229885058
2024-01-26,2024,1,Latin America,Office Supplies,Art,Corporate,4,0.5,294.35,-102.13,-0.3469678953626635
2023-08-18,2023,8,Europe,Office Supplies,Paper,Consumer,4,0.15,488.4,14.59,0.029873054873054875
2021-09-09,2021,9,North America,Technology,Phones,Home Office,2,0.0,1477.94,502.14,0.339756688363533
2023-12-16,2023,12,Europe,Technology,Laptops,Consumer,2,0.1,1778.38,221.71,0.1246696431583801
2022-10-16,2022,10,North America,Office Supplies,Paper,Consumer,1,0.0,93.61,18.29,0.19538510842858667
2023-05-25,2023,5,North America,Technology,Accessories,Consumer,4,0.15,2285.55,311.05,0.13609415676751765
2024-04-05,2024,4,North America,Office Supplies,Binders,Consumer,7,0.3,548.68,-27.88,-0.050812859954800615
2024-06-29,2024,6,Latin America,Technology,Laptops,Corporate,1,0.0,880.97,214.11,0.24303892300532368
2024-11-21,2024,11,Europe,Office Supplies,Storage,Corporate,3,0.2,392.11,1.43,0.0036469358088291547
2024-03-16,2024,3,Asia Pacific,Technology,Accessories,Corporate,3,0.0,1623.78,421.41,0.25952407345822714
2023-12-04,2023,12,Europe,Office Supplies,Storage,Corporate,3,0.3,192.66,-11.26,-0.05844492889027302
2021-06-11,2021,6,North America,Office Supplies,Art,Home Office,1,0.1,59.29,4.95,0.08348794063079777
2023-12-28,2023,12,Europe,Office Supplies,Art,Corporate,2,0.0,123.56,19.8,0.1602460343153124
2024-08-07,2024,8,North America,Office Supplies,Art,Consumer,3,0.0,263.3,54.69,0.20770983668818835
2021-10-03,2021,10,Middle East & Africa,Technology,Phones,Consumer,2,0.0,842.5,292.38,0.3470385756676558
2023-12-22,2023,12,Latin America,Technology,Phones,Corporate,3,0.15,1311.94,101.9,0.07767123496501364
2023-01-01,2023,1,Asia Pacific,Technology,Laptops,Corporate,1,0.1,529.73,133.42,0.25186415721216465
2024-06-01,2024,6,North America,Technology,Copiers,Consumer,3,0.5,1152.98,-237.56,-0.2060400006938542
2021-12-27,2021,12,Asia Pacific,Technology,Copiers,Consumer,5,0.4,2785.83,-182.23,-0.06541318027302455
2023-11-18,2023,11,North America,Office Supplies,Storage,Consumer,2,0.15,189.89,25.03,0.1318131549844647
2023-01-13,2023,1,Europe,Technology,Laptops,Consumer,1,0.1,631.25,85.99,0.13622178217821782
2023-12-26,2023,12,North America,Office Supplies,Binders,Consumer,3,0.1,222.29,14.32,0.06442035179270322
2023-06-22,2023,6,Europe,Office Supplies,Storage,Home Office,2,0.0,148.39,40.9,0.27562504211874117
2024-11-06,2024,11,Asia Pacific,Office Supplies,Binders,Consumer,2,0.1,279.02,40.88,0.1465127947817361
2022-03-01,2022,3,Europe,Technology,Copiers,Home Office,4,0.2,2678.54,482.15,0.180004778722737
2021-07-02,2021,7,North America,Office Supplies,Art,Consumer,2,0.0,90.34,12.67,0.14024795218065086
2022-08-27,2022,8,Asia Pacific,Office Supplies,Binders,Corporate,4,0.0,225.51,19.2,0.08514034854330185
2022-02-17,2022,2,Asia Pacific,Technology,Phones,Home Office,5,0.0,1645.33,418.93,0.25461761470343336
2022-04-10,2022,4,North America,Office Supplies,Art,Consumer,2,0.3,191.62,-4.28,-0.02233587308214174
2023-07-11,2023,7,Latin America,Technology,Accessories,Consumer,2,0.0,794.32,206.94,0.26052472555141504
2021-06-07,2021,6,North America,Furniture,Furnishings,Consumer,2,0.1,637.51,25.71,0.04032877915640539
2021-04-08,2021,4,Middle East & Africa,Technology,Accessories,Corporate,5,0.0,2788.63,756.59,0.2713124365727974
2022-10-29,2022,10,Asia Pacific,Technology,Phones,Consumer,3,0.3,1589.56,135.11,0.08499836432723522
2023-10-10,2023,10,Europe,Furniture,Chairs,Home Office,2,0.0,910.23,32.46,0.035661316370587656
2022-12-10,2022,12,North America,Office Supplies,Paper,Consumer,5,0.4,543.73,-77.56,-0.1426443271476652
2021-05-25,2021,5,Latin America,Furniture,Tables,Consumer,4,0.5,653.89,-230.64,-0.35271987643181574
2023-12-10,2023,12,Asia Pacific,Technology,Accessories,Consumer,2,0.1,1084.17,208.94,0.19271885405425346
2021-08-09,2021,8,North America,Office Supplies,Storage,Consumer,3,0.15,160.67,13.03,0.08109790253314247
2023-08-07,2023,8,Asia Pacific,Technology,Accessories,Home Office,3,0.15,1622.96,140.09,0.08631759254695125
2021-01-08,2021,1,Europe,Office Supplies,Storage,Corporate,3,0.15,233.51,30.36,0.13001584514581818
2021-01-23,2021,1,Europe,Technology,Accessories,Consumer,3,0.0,1803.58,424.78,0.23552046485323633
2021-10-16,2021,10,Europe,Office Supplies,Paper,Corporate,3,0.2,111.67,1.63,0.014596579206590847
2024-05-31,2024,5,Latin America,Office Supplies,Binders,Home Office,1,0.3,90.28,-11.55,-0.12793531236154188
2024-08-22,2024,8,Middle East & Africa,Office Supplies,Binders,Consumer,4,0.2,326.53,28.36,0.08685266284874285
2021-11-11,2021,11,Europe,Office Supplies,Binders,Consumer,5,0.0,453.88,58.55,0.12899885432272848
2022-04-16,2022,4,North America,Office Supplies,Storage,Corporate,3,0.4,175.48,-24.27,-0.138306359699111
2024-12-17,2024,12,North America,Office Supplies,Paper,Consumer,2,0.3,224.2,-20.81,-0.09281891168599464
2021-05-20,2021,5,North America,Office Supplies,Paper,Corporate,5,0.1,241.7,30.58,0.12652047993380222
2022-05-21,2022,5,Asia Pacific,Office Supplies,Paper,Corporate,2,0.15,182.1,13.49,0.07408017572762218
2022-09-11,2022,9,Asia Pacific,Office Supplies,Paper,Consumer,7,0.15,270.03,10.33,0.03825500870273674
2023-03-12,2023,3,North America,Office Supplies,Art,Consumer,1,0.0,35.73,5.27,0.14749510215505177
2023-10-01,2023,10,Europe,Furniture,Chairs,Home Office,2,0.4,381.03,-116.45,-0.305618980132798
2023-05-16,2023,5,North America,Technology,Laptops,Consumer,2,0.0,690.54,150.06,0.2173081935876271
2022-11-27,2022,11,Europe,Office Supplies,Art,Consumer,2,0.2,390.44,11.57,0.02963323429976437
2024-01-20,2024,1,Europe,Technology,Copiers,Consumer,4,0.0,1891.65,586.81,0.3102106626490101
2024-05-31,2024,5,North America,Furniture,Bookcases,Consumer,3,0.3,1359.59,-249.44,-0.18346707463279371
2021-09-18,2021,9,Latin America,Technology,Copiers,Consumer,5,0.3,2268.97,-144.6,-0.06372935737361006
2022-12-30,2022,12,North America,Office Supplies,Paper,Consumer,1,0.0,53.96,7.22,0.13380281690140844
2024-07-16,2024,7,Europe,Technology,Copiers,Consumer,3,0.4,2777.09,-225.77,-0.08129732921871455
2023-05-26,2023,5,Asia Pacific,Technology,Laptops,Corporate,2,0.0,908.09,203.78,0.22440506998205023
2021-11-18,2021,11,Europe,Office Supplies,Storage,Consumer,3,0.2,169.8,2.94,0.017314487632508833
2024-09-25,2024,9,Europe,Office Supplies,Storage,Home Office,2,0.0,152.15,25.02,0.16444298389746959
2024-11-11,2024,11,Asia Pacific,Office Supplies,Paper,Consumer,7,0.0,1095.57,160.36,0.14637129530746554
2024-03-11,2024,3,Latin America,Technology,Accessories,Corporate,4,0.3,2219.04,-168.98,-0.0761500468671137
2021-06-17,2021,6,Europe,Technology,Laptops,Consumer,1,0.3,595.8,-23.98,-0.04024840550520309
2024-01-12,2024,1,Europe,Office Supplies,Art,Consumer,6,0.2,459.82,6.83,0.014853638380235745
2023-10-29,2023,10,Europe,Office Supplies,Storage,Consumer,2,0.3,129.66,-6.41,-0.04943698904828012
2021-07-09,2021,7,Asia Pacific,Furniture,Bookcases,Home Office,1,0.1,247.27,12.41,0.05018805354470821
2023-10-08,2023,10,Latin America,Furniture,Chairs,Consumer,1,0.3,336.71,-21.03,-0.06245730747527547
2022-07-27,2022,7,Europe,Technology,Laptops,Consumer,2,0.0,816.16,228.13,0.27951627131934914
2024-09-14,2024,9,North America,Technology,Copiers,Consumer,4,0.2,814.64,125.44,0.15398212707453598
2021-04-07,2021,4,Latin America,Office Supplies,Storage,Home Office,4,0.1,413.99,47.53,0.1148095364622334
2022-07-10,2022,7,Asia Pacific,Furniture,Chairs,Corporate,6,0.3,1891.64,-108.8,-0.057516229303673
2023-07-06,2023,7,North America,Technology,Accessories,Consumer,6,0.5,1857.07,-303.35,-0.16334871598808878
2024-05-25,2024,5,North America,Office Supplies,Paper,Home Office,5,0.15,369.83,22.38,0.060514290349620095
2021-06-29,2021,6,Europe,Furniture,Chairs,Consumer,4,0.1,2105.66,-83.9,-0.039844989219532126
2024-03-14,2024,3,Europe,Furniture,Bookcases,Consumer,4,0.3,1897.18,-257.4,-0.13567505455465478
2021-03-27,2021,3,North America,Office Supplies,Art,Consumer,4,0.0,361.2,74.11,0.20517718715393135
2021-03-20,2021,3,North America,Technology,Phones,Corporate,6,0.1,2769.09,427.49,0.15437923650007765
2024-12-03,2024,12,Asia Pacific,Office Supplies,Binders,Consumer,2,0.4,282.33,-65.62,-0.23242305103956365
2021-12-16,2021,12,North America,Office Supplies,Art,Home Office,4,0.2,555.35,9.37,0.016872242729810027
2022-11-21,2022,11,Latin America,Furniture,Chairs,Home Office,1,0.15,631.35,-7.93,-0.012560386473429951
2024-10-14,2024,10,Europe,Office Supplies,Storage,Corporate,4,0.1,517.89,64.15,0.12386800285774972
2022-05-26,2022,5,North America,Technology,Accessories,Home Office,4,0.0,1211.27,423.05,0.3492615189016487
2022-10-19,2022,10,Europe,Technology,Copiers,Consumer,2,0.4,1885.89,-88.28,-0.046810789600665995
2023-04-16,2023,4,Europe,Office Supplies,Paper,Corporate,1,0.0,75.59,11.5,0.15213652599550204
2023-05-20,2023,5,Asia Pacific,Technology,Copiers,Home Office,1,0.2,440.76,15.13,0.03432707142208912
2024-11-06,2024,11,Europe,Office Supplies,Paper,Consumer,4,0.1,326.41,27.24,0.0834533255721332
2023-05-14,2023,5,North America,Office Supplies,Art,Consumer,4,0.0,258.8,63.86,0.24675425038639875
2022-08-14,2022,8,North America,Furniture,Tables,Home Office,2,0.1,746.49,-11.7,-0.015673351284009162
2023-08-07,2023,8,North America,Technology,Copiers,Corporate,2,0.15,573.4,59.4,0.10359260551098709
2022-10-13,2022,10,Asia Pacific,Office Supplies,Art,Home Office,2,0.5,122.03,-37.55,-0.30771121855281486
2024-10-29,2024,10,North America,Furniture,Tables,Consumer,2,0.1,510.64,31.09,0.060884380385398715
2022-04-15,2022,4,Asia Pacific,Office Supplies,Binders,Consumer,2,0.3,88.36,-2.64,-0.029877772747849706
2022-02-06,2022,2,North America,Office Supplies,Binders,Home Office,3,0.15,99.83,5.29,0.05299008314134028
2024-10-28,2024,10,North America,Office Supplies,Art,Consumer,5,0.0,345.23,64.15,0.1858181502186948
2021-01-28,2021,1,North America,Furniture,Furnishings,Corporate,4,0.15,2576.0,26.89,0.010438664596273291
2021-05-05,2021,5,Latin America,Office Supplies,Binders,Consumer,4,0.3,278.46,-8.11,-0.02912447030094089
2021-02-06,2021,2,Europe,Office Supplies,Paper,Corporate,4,0.15,209.91,12.12,0.057739031013291406
2022-03-07,2022,3,Asia Pacific,Office Supplies,Binders,Corporate,2,0.3,132.46,-12.29,-0.09278272686093914
2021-10-17,2021,10,Latin America,Furniture,Bookcases,Corporate,1,0.1,155.99,11.07,0.07096608756971601
2023-10-23,2023,10,North America,Office Supplies,Paper,Home Office,2,0.0,145.37,31.77,0.21854577973447065
2024-12-30,2024,12,Europe,Office Supplies,Art,Corporate,2,0.5,202.03,-57.62,-0.28520516754937386
2023-09-09,2023,9,Asia Pacific,Furniture,Tables,Consumer,2,0.5,418.0,-142.45,-0.3407894736842105
2023-04-17,2023,4,Middle East & Africa,Technology,Phones,Consumer,2,0.15,973.69,141.05,0.1448613008246978
2021-01-13,2021,1,Europe,Technology,Phones,Corporate,1,0.0,385.26,124.83,0.3240149509422208
2022-09-27,2022,9,North America,Office Supplies,Binders,Home Office,3,0.0,181.48,30.21,0.1664646242010139
2022-07-10,2022,7,North America,Furniture,Furnishings,Consumer,3,0.4,540.96,-82.51,-0.152525140490979
2024-11-17,2024,11,Asia Pacific,Furniture,Bookcases,Consumer,3,0.1,1964.07,50.44,0.02568136573543713
2024-03-01,2024,3,Asia Pacific,Furniture,Furnishings,Consumer,4,0.0,837.59,83.02,0.09911770675390107
2021-04-08,2021,4,Europe,Furniture,Bookcases,Consumer,2,0.2,536.61,-59.25,-0.11041538547548499
2023-09-17,2023,9,Europe,Office Supplies,Binders,Corporate,6,0.5,298.65,-58.07,-0.19444165411016243
2022-02-11,2022,2,North America,Technology,Phones,Consumer,4,0.3,1349.04,-55.83,-0.041384984878135564
2021-08-03,2021,8,Europe,Furniture,Chairs,Corporate,2,0.1,404.68,23.0,0.05683503014727686
2023-07-03,2023,7,Europe,Office Supplies,Storage,Corporate,3,0.5,223.24,-57.41,-0.2571671743415158
2024-11-18,2024,11,Asia Pacific,Furniture,Bookcases,Consumer,5,0.0,1525.57,91.84,0.06020044966799295
2023-09-27,2023,9,Europe,Office Supplies,Paper,Consumer,3,0.15,307.51,1.88,0.006113622321225326
2021-11-20,2021,11,Europe,Office Supplies,Storage,Consumer,2,0.5,153.66,-39.25,-0.25543407523102957
2022-01-17,2022,1,North America,Technology,Accessories,Home Office,1,0.0,407.93,100.98,0.24754247052190329
2023-03-07,2023,3,North America,Office Supplies,Paper,Consumer,4,0.1,179.08,5.64,0.031494304221576945
2024-08-17,2024,8,North America,Office Supplies,Art,Corporate,4,0.2,468.95,-12.2,-0.02601556669154494
2021-03-07,2021,3,Asia Pacific,Furniture,Bookcases,Consumer,3,0.4,1330.41,-299.38,-0.22502837471155507
2023-12-18,2023,12,Europe,Office Supplies,Paper,Consumer,2,0.0,299.83,55.74,0.185905346362939
2023-01-17,2023,1,North America,Office Supplies,Binders,Corporate,4,0.0,498.7,69.22,0.1388008822939643
2022-06-10,2022,6,Europe,Furniture,Bookcases,Corporate,7,0.2,1609.08,-173.69,-0.10794366967459666
2024-10-25,2024,10,Europe,Technology,Phones,Consumer,3,0.1,2081.35,351.61,0.16893362481081992
2023-08-06,2023,8,North America,Technology,Copiers,Consumer,2,0.0,928.13,218.44,0.23535496105071488
2022-12-12,2022,12,North America,Furniture,Furnishings,Consumer,3,0.0,1436.73,98.27,0.06839837686969716
2022-07-10,2022,7,North America,Office Supplies,Storage,Consumer,2,0.2,130.65,2.81,0.021507845388442404
2021-09-05,2021,9,Asia Pacific,Office Supplies,Binders,Home Office,2,0.0,139.14,21.72,0.15610176800344977
2021-05-28,2021,5,Europe,Technology,Phones,Consumer,3,0.15,1027.17,255.79,0.24902401744599237
2023-01-23,2023,1,North America,Technology,Laptops,Consumer,4,0.0,1569.82,417.9,0.2662088647106038
2024-08-10,2024,8,Europe,Office Supplies,Binders,Consumer,4,0.1,195.31,35.22,0.18032870820746505
2024-12-23,2024,12,Europe,Office Supplies,Binders,Consumer,1,0.1,77.26,10.73,0.1388816981620502
2022-08-30,2022,8,Asia Pacific,Office Supplies,Paper,Corporate,1,0.3,59.59,-4.16,-0.06981037086759523
2024-06-11,2024,6,Europe,Furniture,Chairs,Consumer,3,0.2,1140.67,-74.73,-0.06551412766181279
2024-12-11,2024,12,North America,Office Supplies,Binders,Consumer,3,0.15,264.93,12.93,0.048805344808062506
2021-03-03,2021,3,North America,Technology,Copiers,Consumer,4,0.1,2413.95,598.3,0.24785103254002774
2022-05-06,2022,5,North America,Office Supplies,Art,Corporate,2,0.0,146.64,33.48,0.22831423895253683
2021-06-03,2021,6,Asia Pacific,Furniture,Furnishings,Corporate,4,0.15,931.63,-33.2,-0.035636465120273075
2024-10-20,2024,10,North America,Technology,Accessories,Consumer,1,0.15,648.21,55.69,0.08591351568164637
2022-04-17,2022,4,Middle East & Africa,Office Supplies,Paper,Corporate,5,0.2,159.36,-0.26,-0.0016315261044176706
2022-05-12,2022,5,Europe,Office Supplies,Binders,Consumer,5,0.15,437.42,-5.16,-0.011796442778107997
2021-10-10,2021,10,Europe,Office Supplies,Storage,Consumer,4,0.15,140.92,3.94,0.02795912574510361
2023-05-21,2023,5,Latin America,Technology,Laptops,Home Office,2,0.1,1115.73,128.66,0.11531463705376749
2023-09-17,2023,9,North America,Office Supplies,Binders,Home Office,5,0.2,234.81,-12.55,-0.053447468165751036
2023-11-29,2023,11,Europe,Furniture,Furnishings,Corporate,4,0.2,2036.51,-230.03,-0.11295304221437656
2023-01-09,2023,1,Asia Pacific,Office Supplies,Art,Home Office,1,0.0,48.25,7.31,0.15150259067357513
2021-01-06,2021,1,Europe,Office Supplies,Paper,Home Office,6,0.0,593.42,208.2,0.35084762899801153
2022-06-24,2022,6,Asia Pacific,Office Supplies,Storage,Consumer,5,0.3,284.16,4.44,0.015625
2023-02-25,2023,2,Asia Pacific,Office Supplies,Art,Consumer,1,0.2,48.7,-3.18,-0.06529774127310062
2024-01-09,2024,1,Latin America,Furniture,Chairs,Home Office,6,0.2,2137.67,-259.76,-0.12151548180963384
2022-04-07,2022,4,Europe,Office Supplies,Paper,Consumer,3,0.1,99.05,12.68,0.12801615345784959
2023-05-10,2023,5,Asia Pacific,Office Supplies,Paper,Corporate,2,0.0,193.38,24.73,0.12788292481125246
2022-03-02,2022,3,North America,Technology,Phones,Consumer,2,0.1,1346.05,143.25,0.10642249544964898
2021-08-12,2021,8,Asia Pacific,Office Supplies,Paper,Consumer,2,0.1,112.89,8.78,0.07777482505093453
2021-03-23,2021,3,Europe,Office Supplies,Paper,Corporate,1,0.1,100.84,7.61,0.07546608488694963
2021-07-05,2021,7,North America,Office Supplies,Paper,Consumer,3,0.0,222.54,78.06,0.3507684011863036
2024-03-14,2024,3,Latin America,Technology,Laptops,Corporate,1,0.0,356.46,116.69,0.3273579083207092
2022-08-07,2022,8,North America,Technology,Phones,Consumer,1,0.0,397.45,126.85,0.31915964272235503
2022-09-04,2022,9,Europe,Technology,Accessories,Corporate,1,0.0,227.65,63.11,0.27722380847792666
2024-01-13,2024,1,North America,Technology,Accessories,Consumer,3,0.1,1751.12,424.59,0.24246767782904655
2023-03-16,2023,3,Latin America,Furniture,Tables,Consumer,5,0.0,1222.79,152.52,0.12473114762142315
2022-06-12,2022,6,North America,Office Supplies,Paper,Corporate,1,0.3,51.42,-2.58,-0.050175029171528586
2022-05-20,2022,5,Latin America,Technology,Accessories,Home Office,2,0.5,629.18,-76.05,-0.1208716106678534
2022-08-11,2022,8,Latin America,Office Supplies,Storage,Consumer,2,0.1,138.17,17.54,0.12694506767026129
2024-01-16,2024,1,North America,Technology,Laptops,Consumer,3,0.1,1892.09,143.11,0.07563593697974198
2023-02-13,2023,2,Latin America,Technology,Laptops,Consumer,8,0.0,3936.05,1069.92,0.27182581522084326
2021-09-23,2021,9,Latin America,Furniture,Bookcases,Consumer,2,0.4,423.81,-104.96,-0.2476581486987093
2022-06-12,2022,6,Asia Pacific,Office Supplies,Storage,Consumer,2,0.0,111.89,21.22,0.1896505496469747
2023-07-13,2023,7,Latin America,Office Supplies,Paper,Consumer,3,0.2,274.55,39.7,0.14460025496266618
2024-07-29,2024,7,Asia Pacific,Office Supplies,Storage,Consumer,4,0.0,363.46,52.47,0.1443625158201728
2023-03-01,2023,3,Europe,Furniture,Furnishings,Consumer,5,0.1,1545.13,-13.4,-0.008672409441276785
2024-08-09,2024,8,Asia Pacific,Office Supplies,Binders,Home Office,2,0.0,124.62,25.78,0.20686888139945434
2024-11-23,2024,11,Europe,Office Supplies,Binders,Consumer,4,0.2,637.72,70.82,0.1110518722950511
2024-12-26,2024,12,North America,Furniture,Chairs,Corporate,4,0.0,1210.08,114.08,0.09427475869364009
2022-02-17,2022,2,Europe,Furniture,Tables,Consumer,1,0.2,296.82,-28.19,-0.09497338454282057
2021-04-07,2021,4,Asia Pacific,Technology,Laptops,Consumer,1,0.1,740.12,137.89,0.18630762579041235
2021-01-27,2021,1,North America,Office Supplies,Storage,Home Office,2,0.0,93.71,18.77,0.2002987941521716
2022-05-11,2022,5,North America,Technology,Accessories,Consumer,5,0.3,1350.76,-67.41,-0.04990523853238177
2023-12-28,2023,12,North America,Technology,Laptops,Home Office,3,0.2,2179.82,276.03,0.126629721720142
2021-08-09,2021,8,North America,Technology,Accessories,Corporate,4,0.15,1178.33,207.79,0.1763427902200572
2021-06-10,2021,6,Asia Pacific,Furniture,Bookcases,Consumer,6,0.15,1867.47,-36.39,-0.01948625680733827
2021-02-22,2021,2,North America,Technology,Laptops,Corporate,5,0.0,2104.06,615.64,0.2925962187390093
2023-12-21,2023,12,Asia Pacific,Technology,Phones,Corporate,4,0.1,2450.2,186.72,0.07620602399804098
2023-01-10,2023,1,Europe,Office Supplies,Binders,Consumer,3,0.3,405.28,-10.64,-0.02625345440189499
2021-06-15,2021,6,North America,Technology,Accessories,Consumer,4,0.3,2397.03,27.62,0.011522592541603567
2023-11-07,2023,11,North America,Office Supplies,Art,Consumer,3,0.0,236.06,48.41,0.2050749809370499
2022-03-06,2022,3,North America,Office Supplies,Binders,Corporate,3,0.1,138.67,8.56,0.06172928535371747
2021-12-24,2021,12,Asia Pacific,Office Supplies,Binders,Consumer,2,0.0,155.98,26.57,0.17034235158353636
2023-07-20,2023,7,Europe,Furniture,Furnishings,Corporate,3,0.2,1216.5,-143.25,-0.11775585696670776
2023-12-16,2023,12,Asia Pacific,Office Supplies,Binders,Consumer,3,0.1,262.65,36.14,0.13759756329716355
2021-10-18,2021,10,Asia Pacific,Technology,Accessories,Home Office,2,0.1,1221.11,215.81,0.17673264488866688
2021-12-16,2021,12,North America,Furniture,Chairs,Consumer,3,0.15,776.71,28.06,0.0361267397098016
2023-08-24,2023,8,North America,Technology,Laptops,Consumer,2,0.0,812.88,198.78,0.24453793917921465
2024-02-18,2024,2,North America,Office Supplies,Storage,Corporate,3,0.0,232.27,42.87,0.18456968183579453
2024-10-30,2024,10,Middle East & Africa,Office Supplies,Storage,Consumer,7,0.5,596.47,-146.63,-0.2458296309956913
2024-01-15,2024,1,North America,Office Supplies,Art,Consumer,8,0.3,361.51,-56.84,-0.157229398910127
2024-11-06,2024,11,Asia Pacific,Office Supplies,Storage,Corporate,4,0.1,600.87,77.65,0.12922928420457006
2022-05-03,2022,5,Europe,Technology,Phones,Consumer,1,0.15,594.36,114.32,0.19234134194764113
2021-04-11,2021,4,North America,Office Supplies,Paper,Home Office,3,0.0,163.08,34.91,0.2140667157223448
2022-02-18,2022,2,North America,Office Supplies,Art,Consumer,3,0.15,224.78,-2.34,-0.010410178841533944
2024-03-12,2024,3,Middle East & Africa,Technology,Accessories,Home Office,1,0.1,481.13,126.28,0.2624654459293746
2022-09-30,2022,9,Asia Pacific,Furniture,Tables,Corporate,3,0.0,1002.63,192.47,0.19196513170361948
2021-06-29,2021,6,Asia Pacific,Furniture,Furnishings,Home Office,1,0.15,353.21,-8.52,-0.024121627360493756
2021-02-16,2021,2,Asia Pacific,Technology,Accessories,Consumer,2,0.0,1079.49,218.1,0.2020398521524053
2021-08-20,2021,8,Europe,Office Supplies,Storage,Consumer,1,0.3,52.17,-4.32,-0.08280621046578494
2021-06-14,2021,6,Asia Pacific,Office Supplies,Art,Consumer,2,0.4,41.2,-7.45,-0.1808252427184466
2021-11-25,2021,11,Middle East & Africa,Technology,Copiers,Corporate,5,0.2,3490.33,353.9,0.10139442402294338
2022-10-15,2022,10,Asia Pacific,Office Supplies,Paper,Corporate,6,0.1,349.59,16.87,0.04825652907691868
2021-01-24,2021,1,North America,Technology,Accessories,Home Office,1,0.0,727.89,197.53,0.27137342180824026
2022-10-31,2022,10,Asia Pacific,Office Supplies,Binders,Corporate,2,0.0,175.43,32.63,0.18600011400558628
2023-05-04,2023,5,Europe,Office Supplies,Storage,Consumer,2,0.0,75.5,18.54,0.24556291390728477
2022-05-05,2022,5,North America,Office Supplies,Binders,Corporate,3,0.0,218.15,48.36,0.22168232867293147
2022-08-27,2022,8,Latin America,Furniture,Chairs,Corporate,3,0.3,387.11,-59.09,-0.15264395133166284
2023-07-13,2023,7,Europe,Technology,Copiers,Consumer,1,0.4,608.39,-91.96,-0.15115304327816037
2022-06-22,2022,6,Asia Pacific,Office Supplies,Paper,Consumer,5,0.4,282.91,-52.89,-0.1869499134000212
2023-05-24,2023,5,Middle East & Africa,Furniture,Chairs,Corporate,1,0.2,244.99,-9.82,-0.0400832687048451
2021-09-28,2021,9,North America,Office Supplies,Storage,Consumer,1,0.5,29.09,-7.8,-0.268133379168099
2024-12-17,2024,12,Asia Pacific,Office Supplies,Paper,Consumer,2,0.5,170.36,-32.83,-0.1927095562338577
2021-04-10,2021,4,Europe,Office Supplies,Paper,Home Office,2,0.3,126.8,-12.87,-0.10149842271293374
2022-09-19,2022,9,Latin America,Furniture,Furnishings,Corporate,5,0.0,2324.53,123.95,0.05332260715069283
2023-04-06,2023,4,North America,Technology,Laptops,Consumer,4,0.1,2173.3,357.43,0.16446417889844936
2022-11-16,2022,11,North America,Furniture,Chairs,Consumer,2,0.1,718.27,35.12,0.04889526222729614
2022-12-22,2022,12,North America,Furniture,Chairs,Consumer,1,0.1,365.3,-18.63,-0.05099917875718587
2024-07-13,2024,7,Europe,Furniture,Chairs,Corporate,2,0.3,578.43,-119.36,-0.20635167608872293
2022-05-25,2022,5,Asia Pacific,Furniture,Furnishings,Home Office,3,0.1,1191.61,-34.86,-0.029254537978029727
2024-08-30,2024,8,Latin America,Office Supplies,Storage,Consumer,2,0.4,150.26,-32.72,-0.2177558897910289
2022-10-19,2022,10,Asia Pacific,Technology,Laptops,Corporate,2,0.2,808.48,40.84,0.050514545814367706
2024-03-31,2024,3,North America,Technology,Accessories,Corporate,5,0.15,1907.06,374.4,0.1963231361362516
2021-02-08,2021,2,Europe,Office Supplies,Binders,Consumer,1,0.3,34.58,-3.28,-0.09485251590514748
2021-07-23,2021,7,Europe,Office Supplies,Art,Consumer,1,0.1,127.59,20.53,0.16090602711811272
2022-10-24,2022,10,Europe,Office Supplies,Storage,Home Office,2,0.0,72.13,17.68,0.24511299043393872
2021-07-09,2021,7,North America,Technology,Accessories,Consumer,4,0.5,1209.33,-135.75,-0.11225223884299572
2022-03-18,2022,3,Asia Pacific,Office Supplies,Art,Consumer,3,0.3,327.58,-22.69,-0.06926552292569754
2022-07-11,2022,7,Europe,Office Supplies,Binders,Home Office,8,0.1,431.96,61.33,0.14198073895731086
2023-09-15,2023,9,Asia Pacific,Technology,Accessories,Consumer,4,0.1,1468.66,138.25,0.0941334277504664
2022-05-19,2022,5,Asia Pacific,Office Supplies,Storage,Home Office,1,0.0,117.92,12.22,0.10362957937584803
2023-08-03,2023,8,Latin America,Furniture,Furnishings,Home Office,5,0.5,1284.44,-460.92,-0.35884899255706765
2022-06-18,2022,6,Latin America,Technology,Accessories,Consumer,5,0.0,2609.35,828.73,0.31760016862437007
2024-10-17,2024,10,Europe,Office Supplies,Storage,Corporate,5,0.5,309.78,-65.29,-0.21076247659629418
2024-02-22,2024,2,Europe,Office Supplies,Paper,Corporate,1,0.2,60.13,-2.15,-0.03575586229835356
2022-12-03,2022,12,Asia Pacific,Office Supplies,Art,Consumer,2,0.0,399.4,64.5,0.16149223835753632
2024-08-10,2024,8,North America,Technology,Accessories,Corporate,7,0.1,2843.95,576.9,0.2028516675750277
2023-03-27,2023,3,Asia Pacific,Technology,Copiers,Consumer,3,0.0,1683.44,552.91,0.3284405740626336
2022-03-21,2022,3,Latin America,Technology,Phones,Consumer,1,0.1,711.81,112.41,0.15792135541787838
2024-01-28,2024,1,Latin America,Technology,Accessories,Consumer,1,0.2,669.41,108.6,0.1622324136179621
2021-11-16,2021,11,North America,Technology,Copiers,Corporate,3,0.15,1858.06,189.39,0.10192889357717189
2022-09-06,2022,9,Asia Pacific,Office Supplies,Art,Consumer,3,0.15,326.95,3.25,0.009940357852882704
2022-11-13,2022,11,North America,Furniture,Bookcases,Consumer,5,0.1,2127.49,-117.62,-0.055285806278760424
2024-02-08,2024,2,Latin America,Office Supplies,Binders,Consumer,4,0.0,200.26,39.6,0.1977429341855588
2021-06-01,2021,6,Europe,Technology,Copiers,Consumer,4,0.15,2085.76,388.85,0.18643084535133475
2024-11-13,2024,11,North America,Office Supplies,Storage,Consumer,3,0.2,262.26,23.86,0.09097841836345612
2023-02-04,2023,2,Europe,Technology,Laptops,Consumer,2,0.1,1776.65,365.86,0.20592688486758787
2021-11-29,2021,11,North America,Technology,Phones,Consumer,2,0.15,1331.93,162.66,0.12212353502060919
2024-05-20,2024,5,Middle East & Africa,Office Supplies,Paper,Home Office,3,0.3,436.79,-56.03,-0.12827674626250601
2021-12-15,2021,12,Europe,Office Supplies,Binders,Corporate,6,0.0,620.23,121.32,0.1956048562629992
2024-03-26,2024,3,Europe,Furniture,Furnishings,Consumer,3,0.1,718.97,-22.96,-0.031934573069808195
2023-04-09,2023,4,Europe,Office Supplies,Art,Consumer,3,0.2,211.24,-2.1,-0.009941298996402196
2023-09-29,2023,9,Europe,Office Supplies,Storage,Corporate,4,0.0,410.65,91.69,0.223280165591136
2021-05-10,2021,5,Asia Pacific,Furniture,Tables,Corporate,4,0.3,1283.85,-274.47,-0.2137866573197804
2024-07-17,2024,7,North America,Office Supplies,Storage,Consumer,3,0.15,134.12,5.79,0.04317029525797793
2021-12-10,2021,12,North America,Technology,Laptops,Corporate,6,0.0,3151.49,970.82,0.3080511123309927
2023-04-09,2023,4,North America,Office Supplies,Paper,Corporate,2,0.0,193.4,36.68,0.18965873836608066
2022-05-11,2022,5,Asia Pacific,Office Supplies,Storage,Home Office,4,0.2,601.25,3.22,0.005355509355509356
2021-10-29,2021,10,North America,Furniture,Furnishings,Corporate,5,0.15,2010.58,-36.09,-0.017950044265833742
2022-12-08,2022,12,North America,Office Supplies,Paper,Consumer,3,0.2,243.47,-20.65,-0.08481537766459933
2024-09-07,2024,9,North America,Office Supplies,Art,Consumer,5,0.0,312.7,68.68,0.21963543332267352
2021-05-16,2021,5,Europe,Office Supplies,Art,Consumer,1,0.4,88.21,-20.19,-0.2288856138759778
2022-05-09,2022,5,North America,Furniture,Tables,Consumer,4,0.15,1139.99,-40.34,-0.03538627531820455
2021-09-09,2021,9,Asia Pacific,Office Supplies,Art,Home Office,3,0.5,182.2,-50.66,-0.278046103183315
2022-03-26,2022,3,Europe,Technology,Accessories,Consumer,2,0.15,1106.53,62.79,0.056744959467886096
2022-01-20,2022,1,North America,Office Supplies,Art,Corporate,2,0.15,110.99,0.58,0.005225696008649428
2024-03-14,2024,3,Asia Pacific,Office Supplies,Storage,Home Office,2,0.3,132.07,-17.51,-0.13258120693571593
2021-04-20,2021,4,North America,Office Supplies,Binders,Corporate,1,0.1,53.24,1.9,0.03568745304282494
2022-05-26,2022,5,North America,Technology,Phones,Corporate,5,0.0,1562.54,341.78,0.21873360041982923
2022-08-01,2022,8,Asia Pacific,Office Supplies,Storage,Consumer,1,0.0,66.27,10.5,0.15844273426889996
2021-03-11,2021,3,North America,Office Supplies,Storage,Consumer,1,0.1,69.35,0.65,0.009372746935832734
2021-04-18,2021,4,Asia Pacific,Technology,Laptops,Consumer,2,0.1,872.57,162.76,0.18652944749418382
2022-07-16,2022,7,Asia Pacific,Office Supplies,Paper,Home Office,4,0.0,489.36,118.04,0.24121301291482752
2021-12-18,2021,12,North America,Office Supplies,Paper,Home Office,4,0.15,279.65,38.21,0.1366350795637404
2021-11-08,2021,11,Asia Pacific,Office Supplies,Art,Corporate,3,0.15,239.8,17.29,0.07210175145954961
2021-11-26,2021,11,Europe,Office Supplies,Paper,Corporate,5,0.1,263.2,13.65,0.05186170212765958
2022-04-14,2022,4,Europe,Office Supplies,Binders,Consumer,2,0.3,113.05,-10.45,-0.09243697478991596
2022-03-04,2022,3,Asia Pacific,Furniture,Bookcases,Consumer,4,0.0,1915.65,142.5,0.07438728368960927
2021-01-19,2021,1,Asia Pacific,Furniture,Furnishings,Corporate,3,0.15,941.24,-139.0,-0.14767753176660575
2022-10-08,2022,10,Asia Pacific,Technology,Phones,Home Office,2,0.15,649.12,48.5,0.0747165393147646
2023-05-02,2023,5,North America,Technology,Phones,Consumer,5,0.1,3198.11,735.85,0.23008902132822198
2021-12-10,2021,12,Middle East & Africa,Technology,Copiers,Corporate,5,0.0,2411.93,746.83,0.3096399978440502
2021-02-15,2021,2,Asia Pacific,Office Supplies,Art,Home Office,6,0.2,178.3,-5.34,-0.029949523275378573
2021-09-27,2021,9,North America,Office Supplies,Storage,Consumer,2,0.1,79.29,11.62,0.14655063690250975
2024-05-30,2024,5,North America,Office Supplies,Art,Consumer,7,0.15,623.06,37.47,0.06013867043302411
2021-10-22,2021,10,North America,Office Supplies,Art,Consumer,3,0.0,193.44,50.95,0.26338916459884204
2023-08-31,2023,8,Europe,Office Supplies,Art,Corporate,1,0.15,30.89,1.69,0.05471026222078342
2021-03-25,2021,3,Europe,Office Supplies,Binders,Consumer,6,0.1,492.27,68.27,0.13868405549799906
2023-06-21,2023,6,Europe,Technology,Laptops,Consumer,6,0.15,2980.83,69.77,0.023406232492292414
2023-01-17,2023,1,Latin America,Technology,Accessories,Home Office,4,0.0,2338.56,710.41,0.30378095922276954
2022-02-08,2022,2,Middle East & Africa,Technology,Copiers,Consumer,2,0.15,479.85,95.0,0.1979785349588413
2024-07-31,2024,7,Europe,Office Supplies,Storage,Consumer,6,0.1,492.36,25.1,0.0509789584856609
2022-04-27,2022,4,North America,Technology,Accessories,Corporate,5,0.15,1272.27,230.48,0.1811565155195045
2023-06-19,2023,6,Asia Pacific,Technology,Laptops,Consumer,2,0.3,1450.03,4.25,0.002930973841920512
2021-04-16,2021,4,Europe,Technology,Laptops,Corporate,2,0.0,1822.18,447.5,0.24558495867587174
2024-04-17,2024,4,Asia Pacific,Technology,Phones,Corporate,4,0.0,2487.51,767.98,0.3087344372484935
2023-08-07,2023,8,Latin America,Furniture,Chairs,Home Office,5,0.4,919.41,-278.07,-0.3024439586256404
2021-05-02,2021,5,North America,Technology,Accessories,Consumer,2,0.1,717.16,150.32,0.20960455128562663
2022-08-16,2022,8,North America,Technology,Phones,Consumer,1,0.0,579.26,96.52,0.16662638538825397
2024-08-08,2024,8,North America,Office Supplies,Binders,Consumer,5,0.1,297.45,29.65,0.09968061859135989
2021-05-10,2021,5,Europe,Furniture,Chairs,Home Office,5,0.1,1319.3,17.1,0.012961418934283334
2024-08-06,2024,8,Middle East & Africa,Technology,Accessories,Consumer,2,0.15,1252.54,307.75,0.2457007361042362
2022-06-08,2022,6,North America,Furniture,Furnishings,Home Office,2,0.0,350.46,35.48,0.1012383724248131
2021-07-22,2021,7,North America,Technology,Accessories,Home Office,4,0.3,1621.83,-52.95,-0.03264830469284697
2023-11-07,2023,11,Europe,Technology,Accessories,Corporate,2,0.3,2329.99,-170.85,-0.0733264949634977
2022-08-28,2022,8,North America,Technology,Phones,Home Office,1,0.15,280.94,21.35,0.0759948743503951
2022-08-09,2022,8,Europe,Office Supplies,Paper,Corporate,2,0.15,120.37,5.96,0.04951399850461078
2022-03-26,2022,3,Europe,Office Supplies,Paper,Consumer,2,0.15,200.44,22.0,0.10975853123129116
2023-05-02,2023,5,North America,Technology,Phones,Corporate,2,0.4,806.55,-122.86,-0.1523278160064472
2022-08-27,2022,8,Asia Pacific,Office Supplies,Art,Corporate,4,0.4,158.27,-12.46,-0.07872622733303848
2023-03-16,2023,3,North America,Office Supplies,Art,Consumer,4,0.1,335.85,37.24,0.11088283459877922
2022-02-28,2022,2,Asia Pacific,Technology,Laptops,Corporate,4,0.0,2212.13,662.88,0.2996568917739916
2021-07-04,2021,7,Asia Pacific,Furniture,Chairs,Consumer,3,0.1,727.69,-8.04,-0.011048660830848298
2021-03-24,2021,3,Europe,Technology,Phones,Consumer,1,0.1,594.8,154.32,0.259448554135844
2024-08-08,2024,8,Asia Pacific,Office Supplies,Storage,Corporate,1,0.1,117.25,10.32,0.08801705756929638
2022-06-24,2022,6,North America,Technology,Phones,Consumer,5,0.0,3924.72,1334.88,0.3401210787011558
2023-09-10,2023,9,Europe,Furniture,Chairs,Home Office,5,0.15,1893.3,-97.65,-0.05157661226430043
2021-06-18,2021,6,Asia Pacific,Technology,Accessories,Consumer,1,0.3,397.1,-5.71,-0.01437924955930496
2022-05-13,2022,5,Asia Pacific,Furniture,Furnishings,Home Office,2,0.15,434.58,-15.24,-0.035068341847300843
2024-09-09,2024,9,Europe,Technology,Copiers,Consumer,2,0.0,1304.74,300.01,0.22993853181476767
2022-01-14,2022,1,Asia Pacific,Office Supplies,Art,Home Office,1,0.15,65.57,6.25,0.09531798078389508
2021-09-08,2021,9,Asia Pacific,Office Supplies,Storage,Corporate,5,0.5,258.9,-69.68,-0.2691386635766706
2024-05-05,2024,5,Asia Pacific,Technology,Laptops,Consumer,4,0.3,1854.31,248.97,0.13426557587458407
2023-11-03,2023,11,Europe,Technology,Laptops,Consumer,2,0.15,1286.48,112.78,0.08766556806168771
2024-11-01,2024,11,Europe,Technology,Copiers,Home Office,5,0.1,7700.35,1722.13,0.22364308115864864
2021-07-21,2021,7,North America,Office Supplies,Paper,Consumer,1,0.3,50.43,-0.05,-0.00099147332936744
2023-06-20,2023,6,Latin America,Office Supplies,Storage,Consumer,2,0.0,141.3,17.66,0.12498230714791224
2021-07-31,2021,7,Europe,Office Supplies,Binders,Consumer,4,0.2,262.73,3.01,0.011456628477905071
2023-01-24,2023,1,North America,Furniture,Tables,Consumer,4,0.2,831.27,-119.06,-0.14322662913373513
2022-05-28,2022,5,Europe,Technology,Copiers,Corporate,3,0.15,1483.29,221.45,0.14929649630213915
2023-09-26,2023,9,North America,Office Supplies,Art,Consumer,1,0.1,91.19,18.57,0.20364075008224586
2021-02-13,2021,2,Latin America,Technology,Laptops,Consumer,3,0.15,1052.26,163.42,0.155303822249254
2024-09-04,2024,9,Asia Pacific,Office Supplies,Art,Consumer,3,0.4,168.08,-15.59,-0.09275345073774392
2022-06-25,2022,6,Middle East & Africa,Technology,Laptops,Consumer,5,0.3,2072.38,210.35,0.10150165510186356
2023-02-15,2023,2,Europe,Office Supplies,Art,Corporate,5,0.15,229.55,3.08,0.013417556087998257
2024-01-27,2024,1,Middle East & Africa,Office Supplies,Binders,Corporate,6,0.2,435.22,28.93,0.06647212903818758
2022-07-19,2022,7,Asia Pacific,Furniture,Tables,Consumer,2,0.0,477.73,65.71,0.13754631277081195
2023-08-30,2023,8,North America,Office Supplies,Paper,Home Office,3,0.0,120.82,18.33,0.15171329250124152
2022-04-30,2022,4,Europe,Office Supplies,Storage,Home Office,2,0.3,76.07,-4.24,-0.05573813592743526
2023-02-19,2023,2,Europe,Furniture,Bookcases,Consumer,7,0.4,2666.46,-600.22,-0.22509994524575655
2022-01-23,2022,1,North America,Technology,Copiers,Home Office,5,0.0,862.9,283.19,0.3281840305945069
2022-04-23,2022,4,Europe,Technology,Laptops,Corporate,2,0.1,980.44,268.27,0.27362204724409445
2023-03-31,2023,3,Europe,Office Supplies,Binders,Corporate,1,0.1,65.71,7.83,0.1191599452138183
2023-09-16,2023,9,Europe,Office Supplies,Paper,Consumer,2,0.1,134.11,12.13,0.09044813958690627
2021-12-06,2021,12,Middle East & Africa,Furniture,Tables,Consumer,4,0.15,1553.65,29.15,0.018762269494416374
2021-08-18,2021,8,Europe,Technology,Accessories,Corporate,5,0.0,1627.09,479.52,0.2947101881272702
2024-06-27,2024,6,Asia Pacific,Furniture,Furnishings,Consumer,1,0.1,316.53,-15.34,-0.048463020882696745
2021-09-23,2021,9,North America,Furniture,Bookcases,Corporate,4,0.15,1043.28,-39.61,-0.03796679702476804
2023-10-21,2023,10,Asia Pacific,Office Supplies,Art,Consumer,3,0.4,194.54,-49.98,-0.2569137452451938
2021-06-30,2021,6,Europe,Technology,Copiers,Consumer,6,0.1,1327.84,196.56,0.14802988311844803
2023-01-05,2023,1,Europe,Office Supplies,Storage,Home Office,3,0.1,212.25,4.04,0.019034157832744404
2022-12-03,2022,12,Asia Pacific,Furniture,Chairs,Corporate,6,0.4,1964.0,-694.18,-0.35345213849287166
2021-09-18,2021,9,Europe,Office Supplies,Paper,Consumer,3,0.0,247.29,51.9,0.2098750454931457
2022-06-03,2022,6,Latin America,Technology,Copiers,Consumer,2,0.15,1298.61,313.22,0.24119635610383414
2023-04-10,2023,4,North America,Technology,Accessories,Consumer,2,0.0,691.94,167.74,0.2424198629939012
2021-11-14,2021,11,North America,Office Supplies,Binders,Home Office,3,0.0,229.25,37.27,0.16257360959651038
2024-11-28,2024,11,North America,Office Supplies,Binders,Corporate,4,0.1,479.88,19.79,0.041239476535800616
2021-08-07,2021,8,Asia Pacific,Furniture,Bookcases,Consumer,5,0.5,1611.78,-529.13,-0.32828922061323507
2021-04-23,2021,4,Europe,Office Supplies,Art,Consumer,2,0.15,184.0,19.9,0.10815217391304346
2024-03-29,2024,3,Europe,Technology,Copiers,Home Office,3,0.0,2384.32,601.98,0.2524745000671051
2024-12-17,2024,12,Asia Pacific,Office Supplies,Art,Corporate,8,0.1,585.8,22.78,0.03888699214749062
2021-08-17,2021,8,Asia Pacific,Technology,Copiers,Consumer,4,0.0,1313.17,340.4,0.25922005528606346
2024-06-11,2024,6,North America,Technology,Laptops,Home Office,1,0.0,271.68,61.81,0.2275103062426384
2021-03-14,2021,3,Latin America,Office Supplies,Storage,Consumer,4,0.2,205.1,6.53,0.03183812774256461
2023-07-03,2023,7,North America,Office Supplies,Paper,Consumer,4,0.2,479.43,-75.84,-0.15818784806958264
2024-12-06,2024,12,Europe,Technology,Accessories,Consumer,2,0.0,1630.94,442.43,0.2712730082038579
2021-12-13,2021,12,North America,Office Supplies,Art,Consumer,5,0.1,752.46,68.25,0.09070249581373095
2022-09-08,2022,9,North America,Furniture,Bookcases,Corporate,2,0.5,631.68,-219.24,-0.34707446808510645
2021-04-30,2021,4,Asia Pacific,Office Supplies,Storage,Consumer,1,0.0,54.04,6.45,0.1193560325684678
2023-02-03,2023,2,Asia Pacific,Office Supplies,Art,Corporate,4,0.0,166.88,21.86,0.13099232981783318
2024-09-27,2024,9,Europe,Technology,Accessories,Home Office,3,0.3,1837.45,-34.12,-0.018569212767694358
2023-07-04,2023,7,Latin America,Office Supplies,Storage,Corporate,2,0.15,82.43,3.23,0.039184762829067084
2024-12-04,2024,12,Europe,Technology,Copiers,Consumer,1,0.15,515.95,48.8,0.09458280841166779
2021-12-03,2021,12,Asia Pacific,Office Supplies,Paper,Consumer,2,0.2,134.82,-2.13,-0.01579884290164664
2024-12-11,2024,12,North America,Office Supplies,Paper,Consumer,3,0.5,303.04,-100.78,-0.3325633579725449
2021-08-16,2021,8,North America,Furniture,Tables,Corporate,1,0.15,339.23,-15.12,-0.044571529640656776
2024-08-16,2024,8,North America,Technology,Copiers,Corporate,3,0.0,3066.76,1036.01,0.3378190663762407
2023-01-21,2023,1,North America,Office Supplies,Art,Home Office,3,0.1,206.2,15.71,0.07618816682832202
2022-05-30,2022,5,Europe,Office Supplies,Paper,Consumer,5,0.15,349.78,30.14,0.08616844873920751
2022-09-15,2022,9,North America,Office Supplies,Paper,Corporate,5,0.0,387.34,77.72,0.20065059121185522
2022-03-31,2022,3,Europe,Furniture,Tables,Consumer,5,0.2,1146.99,-150.66,-0.13135249653440745
2021-01-13,2021,1,Europe,Office Supplies,Paper,Corporate,3,0.0,143.14,24.93,0.17416515299706584
2023-06-24,2023,6,Asia Pacific,Office Supplies,Paper,Corporate,5,0.15,408.7,5.61,0.013726449718620016
2024-08-11,2024,8,Asia Pacific,Furniture,Furnishings,Home Office,1,0.2,336.62,-68.64,-0.20390945279543699
2022-03-13,2022,3,Latin America,Office Supplies,Art,Home Office,5,0.0,340.72,91.17,0.2675804179384832
2023-01-01,2023,1,North America,Office Supplies,Storage,Consumer,2,0.0,148.48,36.38,0.24501616379310348
2021-07-24,2021,7,Europe,Furniture,Bookcases,Consumer,3,0.15,891.57,-29.99,-0.033637291519454444
2024-07-10,2024,7,Europe,Office Supplies,Art,Home Office,4,0.15,490.8,70.66,0.14396903015484921
2023-06-25,2023,6,Europe,Office Supplies,Storage,Consumer,1,0.4,107.7,-16.87,-0.15663881151346332
2022-05-18,2022,5,Asia Pacific,Technology,Copiers,Consumer,2,0.0,1665.36,363.74,0.21841523754623626
2024-07-11,2024,7,Europe,Office Supplies,Binders,Consumer,5,0.1,405.98,24.76,0.060988226020986254
2023-07-29,2023,7,North America,Office Supplies,Binders,Consumer,4,0.3,346.9,-51.13,-0.14739117901412513
2023-07-03,2023,7,North America,Furniture,Furnishings,Corporate,2,0.4,630.99,-147.32,-0.233474381527441
2024-05-02,2024,5,Europe,Office Supplies,Art,Home Office,3,0.0,251.12,33.09,0.1317696718700223
2023-01-28,2023,1,Asia Pacific,Office Supplies,Paper,Consumer,3,0.0,207.78,31.95,0.15376840889402252
2022-12-21,2022,12,North America,Technology,Accessories,Consumer,3,0.1,2837.82,539.88,0.1902446243947819
2021-01-12,2021,1,Latin America,Office Supplies,Paper,Consumer,1,0.15,57.08,2.91,0.05098107918710582
2022-09-15,2022,9,North America,Office Supplies,Storage,Consumer,7,0.2,970.03,8.74,0.009010030617609766
2022-10-27,2022,10,Latin America,Office Supplies,Storage,Consumer,2,0.1,106.02,21.82,0.20581022448594605
2022-04-24,2022,4,Asia Pacific,Office Supplies,Binders,Consumer,3,0.15,112.5,-6.28,-0.055822222222222224
2021-07-17,2021,7,Europe,Furniture,Furnishings,Corporate,4,0.2,1592.24,-111.85,-0.07024694769632718
2022-03-21,2022,3,Middle East & Africa,Technology,Phones,Consumer,4,0.4,2389.53,-170.79,-0.07147430666281653
2022-07-13,2022,7,Europe,Office Supplies,Paper,Consumer,5,0.15,425.08,4.31,0.010139267902512468
2022-11-28,2022,11,North America,Technology,Copiers,Consumer,5,0.1,4573.8,1168.86,0.25555555555555554
2023-09-06,2023,9,North America,Office Supplies,Paper,Consumer,7,0.2,407.67,-2.67,-0.006549414967988814
2022-05-18,2022,5,Asia Pacific,Technology,Phones,Home Office,1,0.0,515.15,160.77,0.3120838590701738
2024-04-24,2024,4,Asia Pacific,Furniture,Tables,Consumer,2,0.2,522.16,-47.8,-0.09154282212348705
2023-03-09,2023,3,North America,Office Supplies,Art,Consumer,1,0.2,91.24,8.93,0.09787373958790005
2024-05-18,2024,5,Asia Pacific,Office Supplies,Binders,Consumer,2,0.15,100.01,-2.86,-0.0285971402859714
2024-03-18,2024,3,Asia Pacific,Office Supplies,Binders,Consumer,1,0.15,82.41,9.31,0.1129717267321927
2022-09-30,2022,9,Asia Pacific,Technology,Copiers,Consumer,7,0.15,3347.45,499.77,0.149298719921134
2023-01-17,2023,1,Europe,Office Supplies,Art,Home Office,1,0.0,115.36,23.04,0.19972260748959778
2022-06-23,2022,6,Latin America,Technology,Accessories,Consumer,6,0.0,3124.18,758.69,0.24284452240267848
2022-03-25,2022,3,Middle East & Africa,Technology,Accessories,Corporate,2,0.1,1369.38,87.56,0.06394134571850034
2021-11-27,2021,11,North America,Furniture,Bookcases,Consumer,3,0.15,1574.99,-36.76,-0.023339830729083993
2023-12-05,2023,12,Asia Pacific,Office Supplies,Paper,Consumer,3,0.0,285.07,32.46,0.11386676956536991
2024-05-17,2024,5,North America,Technology,Phones,Consumer,1,0.1,199.2,37.06,0.18604417670682732
2024-09-21,2024,9,Latin America,Furniture,Furnishings,Corporate,3,0.2,1195.71,-77.18,-0.06454742370641711
2021-10-07,2021,10,North America,Office Supplies,Storage,Home Office,3,0.1,217.07,21.47,0.09890818629935044
2023-02-01,2023,2,Asia Pacific,Technology,Copiers,Consumer,2,0.0,832.81,218.63,0.2625208631020281
2022-10-14,2022,10,Asia Pacific,Technology,Laptops,Home Office,2,0.1,935.5,139.45,0.1490646712987707
2022-07-29,2022,7,Asia Pacific,Office Supplies,Art,Consumer,6,0.0,474.69,129.96,0.2737786766099981
2024-07-04,2024,7,Europe,Office Supplies,Paper,Consumer,2,0.0,180.15,23.51,0.13050235914515682
2023-09-29,2023,9,Asia Pacific,Office Supplies,Storage,Corporate,2,0.3,170.21,-13.34,-0.07837377357382057
2021-07-09,2021,7,Europe,Technology,Accessories,Consumer,6,0.5,2562.52,-595.43,-0.23236111327911585
2022-09-29,2022,9,North America,Office Supplies,Binders,Consumer,3,0.15,100.11,1.37,0.013684946558785337
2021-12-23,2021,12,North America,Office Supplies,Art,Corporate,3,0.2,284.6,-17.79,-0.06250878425860856
2021-10-05,2021,10,Latin America,Office Supplies,Binders,Consumer,3,0.1,226.05,15.86,0.07016146870161469
2022-09-15,2022,9,Asia Pacific,Office Supplies,Paper,Consumer,2,0.0,207.08,36.46,0.17606722039791384
2021-08-04,2021,8,North America,Furniture,Furnishings,Home Office,2,0.5,739.92,-217.96,-0.29457238620391396
2021-08-22,2021,8,Europe,Office Supplies,Art,Consumer,1,0.2,46.11,1.27,0.0275428323574062
2022-08-11,2022,8,Europe,Technology,Copiers,Consumer,2,0.15,624.86,93.84,0.15017763979131327
2021-11-18,2021,11,Asia Pacific,Furniture,Tables,Consumer,6,0.3,2693.56,-545.69,-0.20259062356138346
2024-01-17,2024,1,Asia Pacific,Technology,Laptops,Consumer,2,0.2,1574.91,168.52,0.10700293985053114
2021-04-27,2021,4,Asia Pacific,Office Supplies,Binders,Consumer,3,0.4,125.23,-20.5,-0.1636987942186377
2022-03-09,2022,3,Asia Pacific,Furniture,Furnishings,Consumer,3,0.4,790.03,-176.51,-0.22342189537106186
2021-01-18,2021,1,North America,Technology,Copiers,Consumer,1,0.15,420.19,51.13,0.12168304814488684
2024-08-12,2024,8,North America,Technology,Accessories,Consumer,10,0.0,6566.86,2251.6,0.3428731539883597
2021-04-16,2021,4,Middle East & Africa,Office Supplies,Binders,Corporate,3,0.15,119.47,-8.09,-0.06771574453837784
2021-02-18,2021,2,Latin America,Office Supplies,Binders,Consumer,5,0.15,216.87,8.12,0.037441785401392536
2021-07-30,2021,7,Europe,Furniture,Chairs,Consumer,2,0.0,602.06,116.33,0.19321994485599445
2022-02-21,2022,2,North America,Furniture,Bookcases,Consumer,1,0.3,247.46,-38.65,-0.15618685848217892
2022-01-25,2022,1,Europe,Furniture,Furnishings,Consumer,2,0.0,411.56,48.51,0.11786859753134415
2023-02-15,2023,2,Middle East & Africa,Technology,Accessories,Consumer,1,0.1,561.34,118.32,0.21078134463961234
2023-02-11,2023,2,North America,Office Supplies,Binders,Corporate,3,0.2,114.18,5.76,0.050446663163426164
2023-02-23,2023,2,North America,Technology,Phones,Consumer,1,0.0,336.56,87.18,0.2590325647729974
2023-09-22,2023,9,North America,Furniture,Furnishings,Home Office,1,0.5,323.88,-126.35,-0.3901136223292577
2023-06-26,2023,6,Europe,Office Supplies,Paper,Consumer,2,0.0,200.9,34.81,0.1732702837232454
2022-12-21,2022,12,Asia Pacific,Office Supplies,Paper,Home Office,5,0.5,1021.64,-278.13,-0.2722387533769234
2023-01-23,2023,1,North America,Office Supplies,Binders,Home Office,3,0.4,236.32,-56.52,-0.23916723087339203
2023-01-18,2023,1,Europe,Technology,Laptops,Home Office,5,0.2,1601.23,275.02,0.1717554629878281
2022-08-10,2022,8,Latin America,Technology,Laptops,Corporate,2,0.0,606.79,137.53,0.2266517246493845
2022-12-19,2022,12,Asia Pacific,Furniture,Furnishings,Corporate,3,0.15,1719.35,-134.85,-0.07843080233809288
2021-05-08,2021,5,Europe,Office Supplies,Paper,Home Office,2,0.1,113.09,4.41,0.038995490317446285
2022-08-10,2022,8,Europe,Technology,Laptops,Home Office,5,0.4,3637.83,-707.15,-0.19438786309420725
2021-03-28,2021,3,Asia Pacific,Furniture,Tables,Consumer,4,0.0,1153.3,41.93,0.036356542096592386
2021-02-21,2021,2,North America,Furniture,Chairs,Consumer,2,0.2,533.93,-56.08,-0.10503249489633473
2022-11-27,2022,11,Asia Pacific,Technology,Phones,Corporate,1,0.2,803.66,76.01,0.09457979742677253
2022-12-18,2022,12,North America,Technology,Phones,Consumer,1,0.0,414.9,102.62,0.2473367076403953
2022-11-06,2022,11,Asia Pacific,Office Supplies,Storage,Consumer,2,0.4,156.11,-14.83,-0.0949971174172058
2023-04-17,2023,4,Europe,Technology,Copiers,Consumer,2,0.0,775.71,264.87,0.3414549251653324
2022-10-21,2022,10,Europe,Office Supplies,Binders,Home Office,4,0.4,179.37,-21.6,-0.12042147516307075
2023-05-08,2023,5,Latin America,Office Supplies,Storage,Corporate,3,0.5,148.77,-37.2,-0.25005041338979633
2024-09-14,2024,9,North America,Furniture,Furnishings,Consumer,3,0.4,1659.16,-494.3,-0.29792183996721233
2024-05-26,2024,5,Latin America,Office Supplies,Paper,Consumer,1,0.5,121.45,-31.49,-0.25928365582544255
2024-12-05,2024,12,Europe,Office Supplies,Binders,Consumer,2,0.3,238.28,-18.15,-0.07617089138828269
2023-12-18,2023,12,Europe,Office Supplies,Paper,Corporate,6,0.0,915.38,168.03,0.18356311040223733
2024-08-21,2024,8,North America,Office Supplies,Storage,Consumer,4,0.0,243.84,54.46,0.22334317585301838
2024-01-12,2024,1,Asia Pacific,Office Supplies,Binders,Consumer,4,0.15,281.72,-4.29,-0.015227885844100524
2024-09-09,2024,9,North America,Office Supplies,Binders,Consumer,5,0.1,611.19,68.55,0.11215824866244538
2021-10-14,2021,10,North America,Office Supplies,Storage,Consumer,6,0.4,194.83,-42.85,-0.2199353282348714
2023-05-27,2023,5,Europe,Office Supplies,Paper,Home Office,3,0.1,209.35,33.3,0.1590637688082159
2023-10-24,2023,10,Middle East & Africa,Office Supplies,Paper,Corporate,5,0.4,298.39,-56.02,-0.18774087603471967
2022-06-05,2022,6,North America,Technology,Phones,Consumer,3,0.0,2259.29,573.84,0.2539912981511891
2022-11-27,2022,11,Europe,Furniture,Bookcases,Consumer,4,0.0,1817.25,194.78,0.10718393176502958
2023-02-20,2023,2,Europe,Office Supplies,Art,Consumer,1,0.2,56.76,-1.8,-0.031712473572938694
2024-12-04,2024,12,Latin America,Office Supplies,Binders,Consumer,2,0.4,337.27,-58.18,-0.17250274260977852
2022-01-12,2022,1,Asia Pacific,Office Supplies,Binders,Corporate,2,0.15,92.43,14.67,0.15871470301850046
2023-12-22,2023,12,North America,Technology,Phones,Consumer,5,0.1,2474.24,584.39,0.23618969865494052
2024-06-25,2024,6,North America,Office Supplies,Binders,Consumer,4,0.0,520.19,92.84,0.1784732501585959
2024-10-07,2024,10,Asia Pacific,Office Supplies,Paper,Corporate,3,0.0,152.86,30.64,0.20044485149810282
2021-02-06,2021,2,Europe,Technology,Copiers,Home Office,4,0.1,892.02,193.92,0.21739422882895001
2023-11-22,2023,11,North America,Technology,Phones,Consumer,1,0.4,1027.34,-100.93,-0.09824400879942377
2024-05-19,2024,5,North America,Office Supplies,Storage,Consumer,3,0.0,351.59,72.3,0.20563724793082852
2021-06-01,2021,6,North America,Office Supplies,Paper,Consumer,2,0.1,120.09,8.03,0.06686651677908234
2024-05-03,2024,5,Europe,Furniture,Chairs,Corporate,1,0.2,212.45,-17.63,-0.0829842315839021
2021-09-01,2021,9,Middle East & Africa,Technology,Phones,Corporate,7,0.1,3785.71,808.29,0.21351080774808423
2022-06-24,2022,6,North America,Technology,Copiers,Consumer,3,0.15,2732.57,542.8,0.1986408399418862
2023-09-19,2023,9,North America,Office Supplies,Paper,Corporate,3,0.2,254.27,-1.95,-0.007669013253628032
2021-12-25,2021,12,Asia Pacific,Technology,Laptops,Consumer,3,0.15,2623.38,317.75,0.12112236885239652
2023-06-17,2023,6,Europe,Technology,Accessories,Home Office,3,0.0,2795.57,753.52,0.2695407376670947
2021-08-11,2021,8,Asia Pacific,Furniture,Chairs,Consumer,3,0.1,848.24,-0.41,-0.00048335376780156555
2023-05-01,2023,5,Asia Pacific,Office Supplies,Storage,Consumer,4,0.1,369.4,60.53,0.1638603140227396
2023-02-18,2023,2,North America,Furniture,Furnishings,Consumer,4,0.4,1382.24,-360.51,-0.2608157772890381
2023-05-03,2023,5,Middle East & Africa,Furniture,Furnishings,Consumer,1,0.3,318.37,-26.02,-0.08172880610610296
2023-07-13,2023,7,Latin America,Technology,Accessories,Consumer,2,0.2,1304.19,92.78,0.07113994126622654
2023-03-17,2023,3,North America,Office Supplies,Storage,Corporate,4,0.1,260.82,23.41,0.08975538685683614
2023-02-22,2023,2,Asia Pacific,Furniture,Furnishings,Consumer,2,0.3,433.6,-68.47,-0.15791051660516603
2022-07-26,2022,7,Asia Pacific,Office Supplies,Paper,Consumer,4,0.4,180.4,-46.26,-0.256430155210643
2023-08-04,2023,8,North America,Office Supplies,Paper,Consumer,2,0.1,120.24,4.36,0.036260811709913514
2021-11-06,2021,11,North America,Furniture,Tables,Consumer,3,0.0,1186.33,150.57,0.12692083990120792
2023-05-27,2023,5,Middle East & Africa,Technology,Phones,Corporate,1,0.1,545.19,89.68,0.1644931124928924
2024-12-22,2024,12,Europe,Technology,Phones,Home Office,2,0.2,1783.0,264.3,0.14823331463825015
2024-06-04,2024,6,Asia Pacific,Furniture,Furnishings,Consumer,2,0.2,1024.88,-56.25,-0.05488447427991569
2023-01-12,2023,1,Asia Pacific,Office Supplies,Storage,Consumer,5,0.1,274.13,27.44,0.10009849341553279
2021-01-21,2021,1,Europe,Office Supplies,Paper,Consumer,3,0.15,233.24,21.48,0.09209398044932258
2024-07-25,2024,7,Asia Pacific,Office Supplies,Storage,Home Office,2,0.4,93.89,-13.89,-0.14793907764405156
2022-09-11,2022,9,North America,Office Supplies,Paper,Corporate,3,0.0,148.47,42.56,0.2866572371522867
2022-03-27,2022,3,Europe,Office Supplies,Binders,Consumer,3,0.1,255.57,1.24,0.004851899675235747
2023-10-13,2023,10,Asia Pacific,Office Supplies,Binders,Consumer,3,0.0,189.57,27.67,0.14596191380492696
2022-10-13,2022,10,Asia Pacific,Office Supplies,Binders,Consumer,3,0.5,448.06,-93.32,-0.20827567736463865
2022-05-14,2022,5,Europe,Office Supplies,Art,Consumer,5,0.15,270.99,11.41,0.0421048747186243
2023-08-28,2023,8,Asia Pacific,Technology,Accessories,Consumer,2,0.1,1044.67,187.27,0.1792623507902017
2021-01-12,2021,1,Asia Pacific,Technology,Copiers,Corporate,2,0.3,564.92,33.61,0.059495149755717625
2022-07-06,2022,7,North America,Office Supplies,Art,Corporate,2,0.5,158.35,-44.41,-0.28045468898010734
2023-05-26,2023,5,Middle East & Africa,Technology,Copiers,Consumer,5,0.1,1576.34,214.25,0.13591610946876945
2022-03-29,2022,3,Europe,Office Supplies,Art,Consumer,2,0.1,126.42,19.47,0.15401044138585665
2021-08-26,2021,8,North America,Technology,Phones,Home Office,3,0.2,912.03,17.3,0.01896867427606548
2022-02-15,2022,2,Latin America,Office Supplies,Binders,Corporate,2,0.0,132.36,17.67,0.13349954669084316
2022-12-27,2022,12,North America,Furniture,Tables,Consumer,2,0.0,772.34,89.63,0.11604992619830644
2024-01-14,2024,1,North America,Office Supplies,Art,Corporate,2,0.0,190.57,47.77,0.25066904549509367
2023-11-20,2023,11,Asia Pacific,Office Supplies,Art,Consumer,2,0.0,155.27,24.96,0.16075223803696786
2022-01-04,2022,1,North America,Technology,Phones,Home Office,3,0.1,1175.85,257.52,0.21900752647021304
2023-02-17,2023,2,Asia Pacific,Furniture,Bookcases,Corporate,2,0.15,416.4,15.68,0.03765609990393852
2022-09-08,2022,9,Asia Pacific,Technology,Phones,Consumer,2,0.15,1954.46,334.11,0.17094747398258342
2024-05-22,2024,5,Europe,Technology,Phones,Consumer,6,0.0,3109.58,725.53,0.23332089864226035
2021-05-18,2021,5,Europe,Technology,Phones,Consumer,5,0.0,2154.2,612.99,0.2845557515551017
2024-04-15,2024,4,North America,Technology,Laptops,Consumer,5,0.1,3403.83,496.01,0.14572114353537044
2022-04-10,2022,4,Latin America,Office Supplies,Art,Home Office,4,0.15,278.84,14.37,0.051534930426050785
2024-04-08,2024,4,North America,Technology,Accessories,Home Office,5,0.1,1565.57,376.47,0.24046832782948066
2021-04-12,2021,4,Europe,Technology,Phones,Consumer,2,0.2,1819.33,300.4,0.16511572941687325
2023-09-24,2023,9,North America,Furniture,Chairs,Consumer,3,0.15,1064.2,56.88,0.05344859988723924
2021-08-09,2021,8,Asia Pacific,Technology,Phones,Home Office,4,0.15,1732.28,340.03,0.1962904380354215
2021-01-16,2021,1,Middle East & Africa,Office Supplies,Art,Corporate,6,0.1,270.45,27.99,0.10349417637271215
2024-01-20,2024,1,North America,Technology,Laptops,Corporate,1,0.15,449.3,76.88,0.1711106165145782
2021-12-06,2021,12,North America,Office Supplies,Binders,Home Office,5,0.15,340.27,15.94,0.04684515237899315
2024-11-07,2024,11,Europe,Technology,Copiers,Consumer,3,0.0,1771.7,478.01,0.26980301405429813
2021-11-10,2021,11,North America,Furniture,Chairs,Home Office,2,0.15,871.95,-60.14,-0.06897184471586673
2023-12-21,2023,12,Asia Pacific,Office Supplies,Art,Corporate,3,0.0,339.67,92.69,0.2728825036064415
2022-07-17,2022,7,North America,Technology,Laptops,Consumer,3,0.1,2201.22,482.9,0.2193783447361009
2022-09-24,2022,9,Europe,Office Supplies,Binders,Consumer,2,0.5,85.22,-23.14,-0.2715325041070171
2024-05-12,2024,5,North America,Technology,Accessories,Consumer,3,0.2,1737.24,238.53,0.13730399944739932
2024-11-29,2024,11,Europe,Technology,Phones,Consumer,2,0.0,2172.63,284.38,0.1308920524893792
2023-06-06,2023,6,Europe,Office Supplies,Art,Corporate,4,0.0,349.17,61.97,0.17747801930291834
2021-09-18,2021,9,North America,Office Supplies,Paper,Home Office,1,0.15,49.72,1.1,0.022123893805309738
2021-12-23,2021,12,Europe,Furniture,Furnishings,Consumer,6,0.0,1667.16,218.11,0.13082727512656253
2024-04-03,2024,4,Europe,Office Supplies,Art,Corporate,4,0.1,357.64,42.74,0.1195056481377922
2021-12-15,2021,12,Latin America,Office Supplies,Binders,Corporate,5,0.15,381.75,1.55,0.004060248853962017
2021-03-19,2021,3,Asia Pacific,Technology,Accessories,Home Office,2,0.15,1016.56,106.99,0.10524710789328716
2023-05-25,2023,5,Latin America,Technology,Laptops,Home Office,2,0.1,769.68,65.94,0.08567196757093858
2022-01-28,2022,1,North America,Technology,Phones,Corporate,1,0.0,573.53,158.59,0.2765156138301397
2023-05-28,2023,5,Europe,Technology,Phones,Corporate,7,0.3,3316.21,-57.51,-0.017342086297309278
2021-08-08,2021,8,North America,Office Supplies,Paper,Home Office,6,0.15,255.36,29.07,0.11383928571428571
2024-01-21,2024,1,Latin America,Technology,Copiers,Consumer,2,0.15,528.03,112.87,0.21375679412154613
2024-08-03,2024,8,Europe,Office Supplies,Binders,Consumer,4,0.15,176.29,0.59,0.0033467581825401328
2024-10-30,2024,10,Latin America,Technology,Accessories,Corporate,5,0.15,1929.16,516.43,0.26769682141450163
2023-06-27,2023,6,North America,Furniture,Furnishings,Consumer,2,0.15,655.07,-21.88,-0.03340101057902208
2024-11-19,2024,11,Europe,Furniture,Bookcases,Home Office,3,0.2,2893.58,13.42,0.004637853454889791
2023-10-03,2023,10,Latin America,Technology,Phones,Corporate,4,0.3,2321.94,-106.4,-0.045823750829048125
2023-10-12,2023,10,Europe,Office Supplies,Storage,Corporate,4,0.1,174.09,19.06,0.10948360043655579
2022-05-08,2022,5,North America,Furniture,Tables,Home Office,4,0.0,926.24,119.88,0.12942649853169805
2023-11-04,2023,11,Asia Pacific,Technology,Laptops,Consumer,5,0.1,5464.67,1343.14,0.24578611334261724
2021-06-25,2021,6,Europe,Office Supplies,Binders,Corporate,5,0.15,236.41,20.96,0.08865953216868999
2022-06-12,2022,6,Asia Pacific,Office Supplies,Storage,Consumer,2,0.3,152.28,-11.18,-0.0734173890202259
2021-04-12,2021,4,Asia Pacific,Furniture,Tables,Corporate,3,0.0,760.51,110.34,0.14508684961407478
2022-03-26,2022,3,Latin America,Furniture,Bookcases,Consumer,2,0.1,639.2,72.82,0.11392365456821024
2023-09-04,2023,9,Europe,Office Supplies,Art,Home Office,3,0.3,90.48,-6.88,-0.07603890362511052
2023-06-12,2023,6,Europe,Furniture,Tables,Corporate,2,0.0,393.32,61.91,0.15740364080138308
2022-11-07,2022,11,Asia Pacific,Office Supplies,Storage,Consumer,4,0.0,536.08,76.24,0.14221757946575136
2024-11-29,2024,11,Asia Pacific,Furniture,Bookcases,Consumer,1,0.0,277.87,12.17,0.043797459243531144
2022-10-14,2022,10,North America,Office Supplies,Storage,Corporate,2,0.15,116.5,10.29,0.08832618025751073
2021-02-13,2021,2,North America,Technology,Laptops,Consumer,2,0.3,401.2,12.16,0.030309072781655035
2021-12-20,2021,12,Asia Pacific,Office Supplies,Art,Corporate,4,0.3,319.76,-17.67,-0.055260195146359777
2021-09-12,2021,9,Asia Pacific,Office Supplies,Storage,Consumer,8,0.15,178.26,8.03,0.045046561202737576
2023-10-10,2023,10,Asia Pacific,Office Supplies,Storage,Consumer,2,0.1,195.74,26.43,0.13502605497087974
2024-07-14,2024,7,Asia Pacific,Office Supplies,Storage,Corporate,1,0.1,85.79,8.53,0.09942883785989041
2021-08-30,2021,8,Asia Pacific,Furniture,Furnishings,Consumer,2,0.15,482.59,-0.64,-0.001326177500569842
2023-11-03,2023,11,Europe,Office Supplies,Storage,Home Office,3,0.2,321.42,40.61,0.1263455914379939
2022-07-18,2022,7,Europe,Office Supplies,Binders,Corporate,2,0.0,104.47,20.27,0.19402699339523308
2022-05-25,2022,5,North America,Technology,Accessories,Home Office,1,0.1,804.91,188.76,0.2345106906362202
2022-10-16,2022,10,Asia Pacific,Furniture,Bookcases,Corporate,6,0.3,1233.58,-151.32,-0.12266735842020786
2023-01-03,2023,1,North America,Furniture,Chairs,Corporate,3,0.1,1475.18,231.27,0.1567740885857997
2024-06-15,2024,6,North America,Office Supplies,Binders,Corporate,6,0.1,442.14,47.77,0.10804270140679424
2023-11-05,2023,11,Europe,Office Supplies,Binders,Consumer,2,0.3,350.62,-29.45,-0.08399406765158861
2022-03-16,2022,3,Asia Pacific,Office Supplies,Binders,Consumer,4,0.0,481.88,95.36,0.1978915912675355
2021-03-15,2021,3,Europe,Furniture,Tables,Consumer,3,0.1,793.47,56.34,0.07100457484214905
2024-08-10,2024,8,Latin America,Office Supplies,Paper,Corporate,4,0.3,188.89,-7.12,-0.03769389591825931
2022-09-11,2022,9,Middle East & Africa,Furniture,Furnishings,Consumer,2,0.0,687.86,87.49,0.127191579681912
2023-02-17,2023,2,Latin America,Office Supplies,Paper,Consumer,2,0.2,100.74,11.59,0.11504864006352988
2023-03-29,2023,3,North America,Technology,Copiers,Home Office,2,0.5,478.61,-73.44,-0.1534443492614028
2023-11-02,2023,11,Europe,Technology,Phones,Home Office,5,0.15,4104.94,493.39,0.12019420503101143
2021-12-16,2021,12,Asia Pacific,Technology,Copiers,Corporate,1,0.15,667.68,114.58,0.1716091540857896
2024-03-31,2024,3,Europe,Furniture,Bookcases,Corporate,1,0.15,278.01,-27.38,-0.09848566598323802
2021-04-22,2021,4,North America,Furniture,Bookcases,Home Office,6,0.2,2676.49,-170.65,-0.06375887823231173
2021-04-14,2021,4,North America,Office Supplies,Art,Corporate,4,0.0,213.37,25.58,0.11988564465482494
2023-02-05,2023,2,Europe,Furniture,Chairs,Corporate,7,0.15,1631.19,41.66,0.025539636706944008
2023-03-07,2023,3,Asia Pacific,Office Supplies,Paper,Consumer,2,0.0,126.37,20.73,0.16404209859935112
2022-10-23,2022,10,North America,Office Supplies,Paper,Consumer,5,0.1,334.14,17.71,0.05300173579936554
2023-11-23,2023,11,Europe,Technology,Accessories,Consumer,3,0.4,1944.59,-223.98,-0.11518109215824415
2022-02-12,2022,2,North America,Technology,Copiers,Consumer,7,0.1,1568.59,258.07,0.16452355299982788
2022-08-16,2022,8,North America,Technology,Phones,Consumer,7,0.1,3222.15,343.14,0.10649411107490339
2024-01-11,2024,1,Middle East & Africa,Furniture,Bookcases,Consumer,2,0.15,409.16,-13.4,-0.032750024440316744
2023-11-21,2023,11,Asia Pacific,Technology,Phones,Consumer,3,0.0,3922.67,1132.97,0.2888262331524191
2022-10-21,2022,10,North America,Office Supplies,Storage,Consumer,5,0.1,236.23,21.48,0.09092833255725354
2022-09-17,2022,9,Europe,Office Supplies,Paper,Home Office,4,0.2,290.92,3.69,0.012683899353774232
2022-06-19,2022,6,Latin America,Technology,Phones,Consumer,2,0.3,2331.68,58.44,0.025063473546970427
2022-03-12,2022,3,Europe,Technology,Copiers,Consumer,1,0.1,531.7,93.17,0.17523039307880384
2024-08-09,2024,8,Europe,Office Supplies,Art,Consumer,2,0.0,105.76,20.89,0.19752269288956126
2022-04-16,2022,4,Europe,Technology,Copiers,Corporate,4,0.1,777.47,163.68,0.21052902362792134
2023-05-10,2023,5,North America,Technology,Accessories,Home Office,3,0.0,1691.73,278.34,0.1645298008547463
2023-08-10,2023,8,Europe,Office Supplies,Paper,Home Office,1,0.2,40.38,-0.66,-0.01634472511144131
2022-02-01,2022,2,Asia Pacific,Office Supplies,Storage,Corporate,8,0.1,383.16,50.7,0.13232070153460695
2022-12-02,2022,12,Asia Pacific,Office Supplies,Binders,Consumer,4,0.0,537.99,108.42,0.20152790944069593
2021-10-05,2021,10,Europe,Office Supplies,Storage,Consumer,2,0.0,258.87,37.72,0.1457102020319079
2021-06-21,2021,6,Europe,Office Supplies,Storage,Consumer,2,0.15,115.25,0.22,0.0019088937093275488
2024-06-23,2024,6,Europe,Office Supplies,Binders,Consumer,5,0.2,414.33,21.94,0.05295296020080613
2022-02-07,2022,2,Asia Pacific,Furniture,Chairs,Corporate,1,0.1,140.69,4.0,0.028431302864453764
2022-11-26,2022,11,Europe,Office Supplies,Binders,Corporate,4,0.1,239.04,17.0,0.07111780455153949
2024-08-24,2024,8,Latin America,Technology,Laptops,Home Office,3,0.1,2290.08,514.6,0.22470830713337528
2022-11-16,2022,11,North America,Office Supplies,Art,Home Office,4,0.15,422.11,39.06,0.0925351211769444
2022-09-29,2022,9,Europe,Furniture,Furnishings,Corporate,3,0.15,815.49,-46.1,-0.05653042955768924
2024-04-04,2024,4,Europe,Office Supplies,Art,Consumer,3,0.15,183.9,19.76,0.10744970092441544
2021-12-05,2021,12,North America,Technology,Laptops,Consumer,5,0.0,5348.27,1759.84,0.329048458660464
2024-06-13,2024,6,Asia Pacific,Technology,Phones,Consumer,2,0.0,1188.15,429.85,0.3617809199175188
2022-08-08,2022,8,Asia Pacific,Office Supplies,Storage,Consumer,1,0.0,120.49,22.64,0.18789941073948047
2024-08-31,2024,8,Europe,Office Supplies,Art,Home Office,3,0.4,207.57,-20.03,-0.09649756708580239
2023-06-25,2023,6,North America,Technology,Copiers,Consumer,5,0.0,1324.82,403.68,0.3047055449042134
2023-03-04,2023,3,North America,Technology,Accessories,Corporate,3,0.2,998.67,73.63,0.07372805831756235
2023-02-13,2023,2,Europe,Furniture,Furnishings,Consumer,5,0.2,1051.64,-59.86,-0.05692061922330835
2022-04-10,2022,4,Asia Pacific,Technology,Laptops,Corporate,2,0.0,986.18,233.27,0.23653896854529602
2022-09-03,2022,9,Europe,Office Supplies,Storage,Consumer,4,0.0,391.64,82.81,0.21144418343376573
2021-02-25,2021,2,North America,Furniture,Furnishings,Consumer,2,0.4,791.91,-137.88,-0.1741106943970906
2021-08-15,2021,8,Middle East & Africa,Technology,Laptops,Corporate,4,0.0,1486.17,483.42,0.32527907305355375
2024-10-10,2024,10,Latin America,Technology,Copiers,Consumer,4,0.15,1344.28,264.91,0.19706459963698042
2021-02-22,2021,2,Europe,Furniture,Bookcases,Consumer,3,0.3,886.48,-127.6,-0.14394007761032396
2024-06-02,2024,6,North America,Office Supplies,Storage,Corporate,3,0.0,221.8,35.53,0.1601893597835888
2022-04-19,2022,4,Latin America,Technology,Phones,Corporate,4,0.2,2701.77,77.67,0.028747820872983266
2022-08-24,2022,8,Europe,Technology,Phones,Corporate,4,0.5,1650.66,-304.07,-0.1842111640192408
2022-06-16,2022,6,Asia Pacific,Technology,Phones,Home Office,5,0.2,1669.52,256.1,0.15339738367914132
2023-07-04,2023,7,Europe,Furniture,Chairs,Home Office,3,0.2,1557.84,-165.99,-0.10655137883222925
2024-08-16,2024,8,North America,Technology,Laptops,Consumer,2,0.0,1590.87,430.47,0.27058779158573615
2021-01-05,2021,1,Middle East & Africa,Technology,Phones,Consumer,2,0.4,1279.68,-89.51,-0.06994717429357339
2022-04-10,2022,4,Europe,Office Supplies,Storage,Consumer,5,0.3,337.99,-23.16,-0.06852273735909346
2021-10-22,2021,10,Latin America,Technology,Copiers,Home Office,3,0.2,1360.75,189.13,0.1389895278339151
2021-08-12,2021,8,Middle East & Africa,Furniture,Tables,Consumer,8,0.15,1847.22,-0.68,-0.0003681207436039021
2023-01-19,2023,1,Asia Pacific,Office Supplies,Binders,Consumer,4,0.1,291.65,66.62,0.22842448139893712
2021-01-29,2021,1,Europe,Office Supplies,Paper,Consumer,1,0.0,95.01,15.46,0.16271971371434585
2023-02-27,2023,2,Asia Pacific,Technology,Copiers,Corporate,1,0.4,224.6,-20.84,-0.09278717720391808
2022-07-14,2022,7,North America,Office Supplies,Paper,Consumer,5,0.0,253.06,39.89,0.15763060143839405
2023-06-29,2023,6,Europe,Technology,Phones,Corporate,2,0.3,760.56,67.01,0.08810613232355108
2022-03-26,2022,3,Europe,Office Supplies,Art,Corporate,3,0.3,103.11,-13.03,-0.12636989622733003
2023-05-15,2023,5,Asia Pacific,Furniture,Bookcases,Consumer,7,0.5,1930.46,-674.72,-0.34951255141261667
2021-11-29,2021,11,Middle East & Africa,Office Supplies,Storage,Home Office,2,0.1,204.75,15.78,0.07706959706959707
2022-11-11,2022,11,Europe,Technology,Laptops,Consumer,2,0.4,1412.59,-107.54,-0.07612966253477656
2021-05-10,2021,5,Europe,Technology,Laptops,Consumer,5,0.1,2968.13,757.4,0.2551775023331188
2022-07-08,2022,7,Asia Pacific,Office Supplies,Binders,Consumer,7,0.3,556.81,-38.35,-0.0688744814209515
2024-07-08,2024,7,Europe,Office Supplies,Binders,Corporate,1,0.3,103.7,-3.6,-0.03471552555448409
2024-06-20,2024,6,North America,Technology,Accessories,Corporate,3,0.2,1386.72,241.05,0.17382744894427138
2022-02-17,2022,2,North America,Furniture,Tables,Consumer,6,0.1,1811.64,-79.43,-0.04384425161731911
2023-08-22,2023,8,Europe,Office Supplies,Binders,Consumer,1,0.3,41.7,-2.88,-0.06906474820143885
2022-06-09,2022,6,Middle East & Africa,Office Supplies,Paper,Corporate,4,0.0,221.77,52.84,0.23826486900843216
2021-06-09,2021,6,Asia Pacific,Office Supplies,Paper,Consumer,3,0.3,143.8,-13.8,-0.09596662030598052
2023-04-05,2023,4,North America,Office Supplies,Storage,Consumer,1,0.15,52.86,2.23,0.04218690881573969
2024-08-11,2024,8,North America,Technology,Phones,Consumer,5,0.0,5117.1,1747.4,0.3414824803111137
2021-03-28,2021,3,Middle East & Africa,Office Supplies,Storage,Consumer,1,0.15,62.23,0.32,0.005142214366061385
2023-12-03,2023,12,Europe,Furniture,Tables,Corporate,3,0.4,689.06,-184.22,-0.26734972281078573
2022-05-21,2022,5,North America,Technology,Laptops,Consumer,6,0.4,4897.87,-650.91,-0.13289654482458702
2021-11-25,2021,11,North America,Furniture,Tables,Corporate,4,0.1,1216.23,17.09,0.014051618526101149
2022-01-11,2022,1,Europe,Technology,Phones,Consumer,1,0.1,469.5,125.36,0.2670074547390841
2021-09-19,2021,9,Europe,Technology,Phones,Consumer,3,0.5,1303.72,-176.69,-0.1355275672690455
2021-06-13,2021,6,North America,Technology,Laptops,Home Office,5,0.15,2822.81,305.72,0.10830342814429594
2022-07-15,2022,7,Middle East & Africa,Office Supplies,Art,Consumer,4,0.1,315.62,39.68,0.1257208034978772
2021-03-22,2021,3,Asia Pacific,Furniture,Chairs,Home Office,1,0.0,221.18,6.95,0.03142237091961299
2021-07-29,2021,7,North America,Technology,Phones,Consumer,4,0.15,2533.74,246.95,0.09746461752192412
2024-08-31,2024,8,Middle East & Africa,Technology,Accessories,Corporate,2,0.1,1648.51,427.89,0.2595616647760705
2023-10-11,2023,10,Europe,Technology,Copiers,Consumer,5,0.4,1838.27,-192.98,-0.10497913799387468
2024-02-03,2024,2,Asia Pacific,Office Supplies,Binders,Corporate,2,0.0,148.57,38.15,0.2567813152049539
2023-08-23,2023,8,Asia Pacific,Office Supplies,Storage,Consumer,3,0.0,125.74,20.56,0.16351200890726897
2024-11-08,2024,11,Asia Pacific,Technology,Accessories,Consumer,4,0.15,5302.14,607.03,0.11448773514090536
2021-08-03,2021,8,Middle East & Africa,Office Supplies,Binders,Consumer,4,0.15,190.21,21.0,0.11040428999526838
2024-03-15,2024,3,Asia Pacific,Office Supplies,Binders,Corporate,5,0.15,372.35,27.04,0.0726198469182221
2023-02-20,2023,2,North America,Furniture,Chairs,Corporate,2,0.1,396.65,-3.65,-0.00920206731375268
2021-07-14,2021,7,Europe,Technology,Laptops,Consumer,3,0.0,2965.41,798.55,0.2692882265858684
2023-03-20,2023,3,Asia Pacific,Technology,Copiers,Home Office,3,0.0,1325.96,426.45,0.32161603668285615
2023-03-19,2023,3,Europe,Office Supplies,Storage,Consumer,5,0.15,357.2,37.09,0.1038353863381859
2021-11-09,2021,11,North America,Furniture,Chairs,Corporate,1,0.15,728.9,33.35,0.04575387570311429
2023-06-16,2023,6,Europe,Office Supplies,Paper,Consumer,3,0.1,213.46,34.65,0.1623254942377963
2022-08-13,2022,8,Europe,Office Supplies,Paper,Consumer,2,0.0,104.94,15.06,0.14351057747284163
2024-01-26,2024,1,North America,Furniture,Tables,Consumer,5,0.15,1505.11,-71.0,-0.04717263190065843
2024-11-27,2024,11,Latin America,Technology,Copiers,Home Office,1,0.4,936.17,-55.67,-0.05946569533311258
2021-12-03,2021,12,Asia Pacific,Office Supplies,Storage,Consumer,2,0.5,172.27,-48.32,-0.28048992860045274
2023-06-15,2023,6,Europe,Technology,Accessories,Consumer,2,0.0,1007.08,364.49,0.36192755292528894
2024-11-23,2024,11,Europe,Technology,Phones,Corporate,6,0.2,4166.57,209.39,0.05025476591056913
2021-05-22,2021,5,Europe,Technology,Accessories,Consumer,3,0.1,1056.49,148.26,0.1403326108150574
2021-04-14,2021,4,Asia Pacific,Furniture,Chairs,Consumer,3,0.2,582.9,-78.12,-0.13401955738548638
2021-02-04,2021,2,Middle East & Africa,Office Supplies,Binders,Consumer,3,0.15,157.91,7.18,0.04546893800265974
2023-10-17,2023,10,North America,Technology,Accessories,Consumer,2,0.1,1157.84,208.8,0.18033579769225458
2023-02-17,2023,2,Europe,Furniture,Tables,Home Office,3,0.3,1785.95,-219.28,-0.12278059296172905
2023-03-17,2023,3,Middle East & Africa,Office Supplies,Art,Consumer,2,0.1,169.7,26.01,0.15327047731290513
2024-12-17,2024,12,Europe,Office Supplies,Storage,Corporate,6,0.4,1189.35,-258.75,-0.2175558077941733
2021-11-02,2021,11,Europe,Office Supplies,Paper,Consumer,6,0.15,517.38,20.45,0.03952607367892071
2021-09-14,2021,9,North America,Technology,Accessories,Consumer,4,0.0,1488.09,379.29,0.2548837771908957
2024-06-05,2024,6,Asia Pacific,Technology,Accessories,Consumer,2,0.0,1360.0,335.25,0.24650735294117648
2023-01-13,2023,1,Asia Pacific,Technology,Phones,Home Office,1,0.1,359.62,57.36,0.15950169623491464
2023-09-11,2023,9,North America,Office Supplies,Storage,Corporate,5,0.2,225.32,3.54,0.01571098881590627
2022-09-30,2022,9,Asia Pacific,Furniture,Bookcases,Corporate,5,0.0,1061.73,110.8,0.10435798178444614
2021-12-19,2021,12,Latin America,Office Supplies,Binders,Consumer,3,0.0,202.4,33.6,0.16600790513833993
2022-02-11,2022,2,North America,Office Supplies,Binders,Home Office,9,0.2,425.71,20.83,0.04893002278546428
2023-06-28,2023,6,Europe,Technology,Phones,Consumer,5,0.1,1564.22,407.46,0.2604876551891677
2021-09-04,2021,9,Europe,Technology,Phones,Consumer,5,0.1,1094.08,146.75,0.13413095934483768
2024-07-28,2024,7,Asia Pacific,Technology,Laptops,Consumer,2,0.2,1115.52,136.9,0.12272303499713139
2024-12-16,2024,12,Europe,Office Supplies,Binders,Consumer,1,0.0,108.66,18.67,0.17182035707712132
2023-09-02,2023,9,Asia Pacific,Technology,Phones,Consumer,2,0.1,853.72,111.12,0.1301597713536054
2022-10-05,2022,10,Asia Pacific,Technology,Phones,Consumer,2,0.0,538.59,104.28,0.1936166657383167
2021-03-22,2021,3,Europe,Office Supplies,Storage,Consumer,3,0.1,119.66,18.08,0.15109476851078055
2024-07-12,2024,7,North America,Office Supplies,Paper,Home Office,3,0.3,259.32,-35.99,-0.13878605583834647
2022-05-16,2022,5,Europe,Technology,Copiers,Home Office,3,0.15,1156.34,160.61,0.1388951346489787
2024-12-24,2024,12,Asia Pacific,Office Supplies,Binders,Corporate,2,0.15,245.0,21.2,0.08653061224489796
2024-06-20,2024,6,North America,Office Supplies,Storage,Consumer,5,0.15,314.01,28.63,0.09117544027260278
2022-04-22,2022,4,Europe,Technology,Laptops,Consumer,3,0.4,1089.6,-60.47,-0.0554974302496329
2023-10-28,2023,10,Europe,Furniture,Chairs,Consumer,4,0.1,2125.39,200.73,0.09444384324759221
2021-10-05,2021,10,Europe,Office Supplies,Storage,Consumer,6,0.3,314.55,-23.69,-0.07531394054999205
2023-07-25,2023,7,Asia Pacific,Office Supplies,Art,Corporate,3,0.0,211.08,45.87,0.2173109721432632
2021-08-03,2021,8,Asia Pacific,Office Supplies,Art,Corporate,3,0.15,165.59,4.48,0.027054773838999943
2023-11-14,2023,11,North America,Office Supplies,Storage,Consumer,5,0.1,417.43,32.19,0.07711472582229355
2024-11-20,2024,11,North America,Furniture,Bookcases,Home Office,2,0.1,571.78,-11.76,-0.020567351079086364
2023-12-29,2023,12,Asia Pacific,Office Supplies,Paper,Home Office,1,0.2,96.56,-8.47,-0.08771748135874069
2021-03-16,2021,3,North America,Office Supplies,Binders,Corporate,4,0.1,341.44,45.5,0.13325913776944706
2023-03-05,2023,3,Latin America,Office Supplies,Binders,Consumer,7,0.15,226.84,0.79,0.0034826309292893673
2024-08-16,2024,8,Asia Pacific,Office Supplies,Art,Consumer,3,0.3,250.61,-14.66,-0.05849726666932684
2023-11-29,2023,11,North America,Furniture,Tables,Corporate,7,0.4,5465.46,-1373.16,-0.2512432622322732
2024-02-23,2024,2,North America,Office Supplies,Paper,Home Office,3,0.1,206.88,20.94,0.10121809744779584
2021-07-26,2021,7,Asia Pacific,Office Supplies,Art,Consumer,4,0.2,338.05,6.16,0.018222156485726962
2024-05-29,2024,5,North America,Office Supplies,Storage,Consumer,2,0.1,277.78,33.41,0.1202750377996976
2024-09-19,2024,9,North America,Office Supplies,Storage,Consumer,3,0.1,188.33,15.13,0.08033770509212552
2024-05-23,2024,5,Europe,Technology,Accessories,Consumer,2,0.3,1053.41,98.38,0.09339193666283782
2022-08-11,2022,8,North America,Office Supplies,Storage,Home Office,3,0.0,387.48,79.5,0.20517187983895943
2023-07-21,2023,7,North America,Technology,Copiers,Consumer,3,0.15,2166.95,253.29,0.11688779159648355
2021-06-28,2021,6,Asia Pacific,Technology,Laptops,Consumer,1,0.3,347.14,-27.95,-0.08051506596762113
2021-11-28,2021,11,Asia Pacific,Office Supplies,Art,Consumer,5,0.0,323.44,61.27,0.18943235221370272
2024-04-24,2024,4,North America,Furniture,Chairs,Corporate,3,0.15,1346.87,-152.33,-0.11309925976523348
2022-04-30,2022,4,Asia Pacific,Office Supplies,Paper,Corporate,2,0.15,181.61,2.79,0.015362590165739771
2024-12-05,2024,12,Asia Pacific,Furniture,Tables,Corporate,2,0.3,936.62,-151.71,-0.16197604151096498
2023-12-17,2023,12,Latin America,Office Supplies,Storage,Home Office,3,0.15,340.57,23.03,0.06762192794432863
2021-10-24,2021,10,Asia Pacific,Office Supplies,Paper,Corporate,1,0.1,47.7,6.67,0.13983228511530396
2023-03-15,2023,3,Latin America,Technology,Phones,Consumer,2,0.0,990.13,381.44,0.3852423419146981
2024-06-23,2024,6,Europe,Furniture,Bookcases,Consumer,4,0.2,1416.0,-172.55,-0.12185734463276837
2024-04-05,2024,4,Latin America,Office Supplies,Art,Corporate,3,0.2,158.46,4.47,0.028209011737978035
2023-09-20,2023,9,North America,Office Supplies,Binders,Consumer,2,0.15,83.02,1.95,0.02348831606841725
2021-10-04,2021,10,Asia Pacific,Office Supplies,Art,Consumer,1,0.1,68.31,9.72,0.1422924901185771
2021-01-05,2021,1,North America,Office Supplies,Storage,Consumer,1,0.0,52.37,11.63,0.22207370632041248
2023-02-13,2023,2,Europe,Technology,Laptops,Corporate,4,0.15,2317.82,335.11,0.14457982069358277
2021-07-20,2021,7,Asia Pacific,Office Supplies,Binders,Consumer,1,0.4,49.67,-11.88,-0.23917857861888464
2021-09-30,2021,9,Europe,Technology,Copiers,Consumer,3,0.2,1016.83,-5.53,-0.0054384705407983635
2021-07-23,2021,7,Europe,Technology,Laptops,Consumer,3,0.15,878.07,125.65,0.14309793068889723
2021-03-22,2021,3,Asia Pacific,Technology,Phones,Consumer,4,0.0,2003.0,566.9,0.28302546180728905
2024-09-09,2024,9,Latin America,Technology,Copiers,Corporate,2,0.0,1030.53,380.32,0.3690528174822664
2022-09-06,2022,9,North America,Office Supplies,Art,Home Office,3,0.1,58.61,9.5,0.16208838082238525
2023-11-10,2023,11,North America,Office Supplies,Paper,Consumer,2,0.2,255.49,15.42,0.060354612704998235
2024-03-29,2024,3,North America,Technology,Phones,Home Office,1,0.15,395.21,45.97,0.11631790693555326
2022-12-23,2022,12,Asia Pacific,Furniture,Tables,Home Office,3,0.0,2178.48,251.89,0.11562649186588814
2023-05-13,2023,5,North America,Furniture,Tables,Consumer,3,0.3,1394.07,-344.7,-0.2472616152703953
2024-07-05,2024,7,Asia Pacific,Office Supplies,Storage,Consumer,4,0.3,220.91,-10.19,-0.04612738219184283
2022-03-07,2022,3,North America,Office Supplies,Storage,Corporate,3,0.1,221.85,34.74,0.15659229208924952
2022-07-22,2022,7,North America,Technology,Copiers,Consumer,1,0.3,421.15,21.96,0.0521429419446753
2024-07-25,2024,7,Europe,Technology,Accessories,Consumer,2,0.0,964.82,274.51,0.2845193922182376
2021-01-01,2021,1,Europe,Furniture,Chairs,Consumer,2,0.2,321.0,-11.04,-0.03439252336448598
2023-01-02,2023,1,North America,Office Supplies,Art,Corporate,4,0.0,293.76,51.39,0.1749387254901961
2023-06-14,2023,6,Asia Pacific,Office Supplies,Art,Corporate,2,0.1,114.43,19.51,0.17049724722537796
2022-06-15,2022,6,Middle East & Africa,Office Supplies,Paper,Consumer,3,0.1,215.75,34.87,0.16162224797219002
2022-02-16,2022,2,North America,Technology,Accessories,Home Office,5,0.3,1764.93,20.04,0.011354557971137665
2022-04-20,2022,4,Middle East & Africa,Technology,Laptops,Consumer,2,0.15,854.09,210.79,0.24680068845203665
2021-12-31,2021,12,North America,Furniture,Chairs,Corporate,5,0.1,1785.68,147.33,0.08250638412257516
2021-08-06,2021,8,North America,Office Supplies,Art,Consumer,6,0.3,367.84,-59.55,-0.16189103958242715
2021-09-17,2021,9,Asia Pacific,Office Supplies,Storage,Corporate,1,0.2,58.44,3.27,0.055954825462012324
2023-06-23,2023,6,North America,Technology,Copiers,Consumer,1,0.15,800.08,146.01,0.18249425057494248
2021-01-27,2021,1,Asia Pacific,Technology,Accessories,Consumer,5,0.15,2739.65,557.26,0.20340554450385998
2022-10-27,2022,10,Europe,Office Supplies,Binders,Consumer,1,0.1,64.33,8.98,0.13959272501165865
2024-09-07,2024,9,Europe,Furniture,Tables,Consumer,1,0.2,277.74,-23.68,-0.08525959530496147
2024-08-07,2024,8,Latin America,Office Supplies,Paper,Consumer,4,0.0,230.86,48.8,0.21138352248115738
2024-06-04,2024,6,Europe,Office Supplies,Storage,Consumer,1,0.2,97.74,0.13,0.001330059341109065
2022-11-25,2022,11,Asia Pacific,Office Supplies,Art,Consumer,1,0.0,102.96,8.36,0.0811965811965812
2021-11-11,2021,11,Asia Pacific,Technology,Laptops,Corporate,7,0.2,4669.06,607.28,0.1300647239487177
2024-06-09,2024,6,Europe,Office Supplies,Storage,Home Office,3,0.0,247.07,74.45,0.3013316064273283
2021-07-05,2021,7,North America,Office Supplies,Paper,Corporate,3,0.1,142.03,11.74,0.08265859325494614
2024-09-03,2024,9,Europe,Furniture,Furnishings,Consumer,1,0.15,464.15,-22.31,-0.04806635785845093
2021-08-18,2021,8,Europe,Furniture,Tables,Corporate,2,0.0,962.4,66.16,0.0687448046550291
2024-08-19,2024,8,Europe,Technology,Laptops,Corporate,6,0.2,2281.62,198.68,0.08707847932609288
2024-07-06,2024,7,Europe,Furniture,Tables,Consumer,4,0.0,1505.27,84.14,0.05589694872016316
2024-10-27,2024,10,North America,Office Supplies,Paper,Corporate,1,0.2,43.56,-2.5,-0.0573921028466483
2023-05-21,2023,5,North America,Office Supplies,Art,Corporate,1,0.15,30.37,1.07,0.03523213697728021
2024-12-16,2024,12,Asia Pacific,Furniture,Bookcases,Home Office,4,0.1,1995.23,60.41,0.030277211148589382
2024-01-26,2024,1,Europe,Furniture,Chairs,Consumer,1,0.1,609.75,3.31,0.005428454284542845
2024-04-24,2024,4,North America,Office Supplies,Binders,Consumer,1,0.4,90.64,-16.0,-0.176522506619594
2022-04-29,2022,4,Asia Pacific,Office Supplies,Art,Consumer,5,0.3,293.74,-20.13,-0.06852999251038333
2021-09-15,2021,9,Asia Pacific,Technology,Copiers,Consumer,3,0.1,1004.31,158.45,0.157770011251506
2023-06-26,2023,6,Middle East & Africa,Technology,Phones,Home Office,4,0.4,2078.53,-220.38,-0.10602685551808248
2024-11-23,2024,11,North America,Office Supplies,Binders,Consumer,5,0.15,702.65,72.81,0.10362200241941223
2024-07-07,2024,7,Asia Pacific,Technology,Laptops,Consumer,1,0.15,464.4,57.9,0.12467700258397933
2024-09-25,2024,9,Asia Pacific,Technology,Phones,Home Office,5,0.2,2633.75,141.73,0.05381300427147603
2022-04-16,2022,4,Latin America,Office Supplies,Paper,Consumer,2,0.0,117.93,20.93,0.17747816501314337
2023-10-30,2023,10,Latin America,Office Supplies,Binders,Consumer,3,0.1,163.71,19.58,0.11960173477490683
2021-01-19,2021,1,Europe,Office Supplies,Binders,Corporate,3,0.5,173.29,-46.27,-0.26700905995729707
2024-11-16,2024,11,Asia Pacific,Office Supplies,Binders,Corporate,4,0.3,243.72,-25.86,-0.10610536681437716
2021-06-18,2021,6,North America,Furniture,Bookcases,Consumer,1,0.0,311.14,44.99,0.14459728739474192
2023-08-13,2023,8,Europe,Technology,Copiers,Home Office,3,0.1,1396.58,336.9,0.2412321528304859
2024-06-20,2024,6,Asia Pacific,Office Supplies,Binders,Corporate,2,0.5,173.07,-57.06,-0.3296931877275091
2021-03-03,2021,3,Asia Pacific,Office Supplies,Binders,Corporate,2,0.0,102.96,24.57,0.23863636363636365
2021-12-18,2021,12,North America,Office Supplies,Paper,Home Office,3,0.0,237.96,33.2,0.13951924693225753
2024-12-15,2024,12,Asia Pacific,Technology,Phones,Corporate,4,0.0,6701.76,1248.52,0.18629733085040348
2022-06-03,2022,6,North America,Office Supplies,Paper,Corporate,4,0.4,341.32,-33.23,-0.09735731864525958
2023-12-28,2023,12,Latin America,Office Supplies,Art,Home Office,3,0.3,199.21,4.63,0.023241805130264543
2024-06-03,2024,6,Asia Pacific,Office Supplies,Storage,Home Office,7,0.15,505.38,64.32,0.1272705686809925
2024-07-20,2024,7,Asia Pacific,Technology,Phones,Consumer,5,0.2,2948.73,291.73,0.09893411739969411
2024-03-09,2024,3,Europe,Office Supplies,Art,Corporate,5,0.5,312.95,-91.3,-0.29173989455184535
2021-01-28,2021,1,Asia Pacific,Furniture,Tables,Corporate,1,0.2,204.06,-8.95,-0.043859649122807015
2022-08-24,2022,8,Asia Pacific,Office Supplies,Paper,Corporate,4,0.3,215.14,-7.64,-0.03551175978432648
2022-09-23,2022,9,Asia Pacific,Technology,Accessories,Consumer,1,0.3,606.98,-20.64,-0.03400441530198688
2024-05-05,2024,5,North America,Furniture,Chairs,Consumer,2,0.2,866.85,-14.62,-0.01686566303281998
2024-07-04,2024,7,Middle East & Africa,Technology,Accessories,Corporate,6,0.2,2901.68,670.96,0.23123156240522735
2024-09-13,2024,9,Asia Pacific,Furniture,Bookcases,Consumer,1,0.2,334.36,-31.89,-0.0953762411771743
2024-07-04,2024,7,Asia Pacific,Office Supplies,Art,Consumer,3,0.15,230.52,24.73,0.10727919486378622
2023-09-22,2023,9,Latin America,Office Supplies,Storage,Home Office,6,0.0,796.82,126.49,0.15874350543410054
2023-09-14,2023,9,Europe,Technology,Laptops,Consumer,1,0.3,673.42,1.15,0.0017077009889816161
2021-01-09,2021,1,Europe,Office Supplies,Paper,Consumer,5,0.1,109.44,10.76,0.0983187134502924
2021-12-21,2021,12,North America,Office Supplies,Paper,Corporate,5,0.15,245.05,28.99,0.1183023872679045
2023-11-30,2023,11,North America,Office Supplies,Binders,Consumer,5,0.0,406.26,93.18,0.22936050804903266
2024-04-22,2024,4,Latin America,Technology,Copiers,Consumer,3,0.15,2311.08,242.3,0.10484275749865865
2022-11-08,2022,11,Asia Pacific,Office Supplies,Storage,Consumer,4,0.0,238.9,40.55,0.16973629133528673
2021-03-07,2021,3,Latin America,Office Supplies,Art,Consumer,1,0.15,41.46,1.02,0.024602026049204053
2023-11-09,2023,11,North America,Technology,Laptops,Consumer,1,0.15,600.85,71.58,0.11913123075642838
2021-08-16,2021,8,Europe,Office Supplies,Storage,Consumer,3,0.1,136.84,25.75,0.18817597193802982
2024-12-18,2024,12,North America,Technology,Phones,Consumer,1,0.15,622.01,85.23,0.13702352052217812
2021-04-12,2021,4,North America,Office Supplies,Storage,Corporate,4,0.2,516.95,51.2,0.09904246058613018
2022-10-14,2022,10,North America,Office Supplies,Paper,Consumer,2,0.15,61.16,-1.19,-0.019457161543492477
2023-08-28,2023,8,Europe,Furniture,Furnishings,Home Office,5,0.0,1151.04,123.89,0.10763309702529886
2024-03-22,2024,3,Europe,Technology,Laptops,Consumer,2,0.0,846.88,287.61,0.339611279047799
2022-12-20,2022,12,Europe,Technology,Accessories,Corporate,3,0.2,1728.43,203.71,0.11785840329084776
2022-05-20,2022,5,Europe,Office Supplies,Paper,Consumer,2,0.15,158.64,4.99,0.03145486636409481
2022-10-28,2022,10,Middle East & Africa,Office Supplies,Binders,Consumer,4,0.0,346.53,60.17,0.17363576025163768
2024-06-29,2024,6,Latin America,Furniture,Bookcases,Corporate,1,0.4,278.82,-90.57,-0.3248332257370346
2021-08-30,2021,8,Europe,Office Supplies,Paper,Corporate,8,0.0,368.12,57.32,0.15571009453439097
2024-11-16,2024,11,North America,Office Supplies,Storage,Consumer,1,0.4,120.61,-21.36,-0.17709974297321945
2023-03-19,2023,3,North America,Furniture,Tables,Consumer,4,0.0,1481.75,213.05,0.1437826893875485
2023-09-21,2023,9,North America,Office Supplies,Art,Home Office,1,0.0,45.15,9.57,0.21196013289036547
2023-12-01,2023,12,North America,Technology,Laptops,Consumer,4,0.15,3098.18,655.31,0.2115145020625012
2023-08-18,2023,8,Latin America,Office Supplies,Art,Corporate,1,0.1,113.09,14.86,0.1313997700946149
2024-01-02,2024,1,Europe,Office Supplies,Art,Consumer,1,0.5,50.95,-16.02,-0.3144259077526987
2021-03-27,2021,3,North America,Technology,Accessories,Consumer,1,0.0,479.36,140.33,0.29274449265687585
2023-02-01,2023,2,Asia Pacific,Office Supplies,Storage,Corporate,6,0.1,360.15,54.25,0.15063168124392615
2022-08-03,2022,8,North America,Office Supplies,Paper,Corporate,1,0.4,49.03,-8.07,-0.16459310626147258
2021-03-23,2021,3,Europe,Office Supplies,Paper,Corporate,2,0.0,285.11,60.63,0.2126547648276104
2023-08-03,2023,8,Asia Pacific,Office Supplies,Paper,Consumer,3,0.1,138.22,11.03,0.07980031833309217
2021-09-09,2021,9,Latin America,Furniture,Chairs,Corporate,1,0.0,248.67,40.02,0.16093618048015446
2022-05-12,2022,5,North America,Furniture,Bookcases,Consumer,1,0.1,268.7,25.28,0.09408262002232974
2021-02-20,2021,2,Asia Pacific,Technology,Copiers,Consumer,1,0.1,477.09,45.55,0.09547464838919281
2023-01-19,2023,1,North America,Office Supplies,Paper,Home Office,3,0.15,367.2,-18.02,-0.049074074074074076
2021-12-05,2021,12,Europe,Office Supplies,Storage,Consumer,4,0.15,305.68,7.29,0.02384846898717613
2021-06-18,2021,6,North America,Technology,Copiers,Corporate,3,0.0,840.05,199.64,0.23765252068329265
2022-01-30,2022,1,Latin America,Office Supplies,Storage,Home Office,1,0.3,59.72,-1.78,-0.02980576021433356
2021-06-19,2021,6,Europe,Office Supplies,Storage,Consumer,2,0.1,90.57,7.02,0.07750910897648228
2024-10-02,2024,10,Europe,Office Supplies,Binders,Home Office,3,0.3,467.0,-34.47,-0.07381156316916487
2024-10-11,2024,10,Middle East & Africa,Office Supplies,Paper,Home Office,3,0.4,95.66,-21.29,-0.22255906334936232
2021-06-16,2021,6,Latin America,Furniture,Tables,Corporate,3,0.3,1575.73,-316.42,-0.2008085141489976
2022-12-15,2022,12,Europe,Technology,Laptops,Corporate,3,0.0,1790.59,365.19,0.20394953618639666
2023-03-15,2023,3,North America,Office Supplies,Storage,Home Office,2,0.0,282.27,29.81,0.10560810571438693
2024-06-08,2024,6,North America,Furniture,Tables,Corporate,1,0.15,542.6,32.34,0.059601916697382976
2023-06-06,2023,6,Asia Pacific,Office Supplies,Art,Consumer,3,0.15,134.42,6.49,0.048281505728314245
2024-07-08,2024,7,North America,Office Supplies,Binders,Corporate,1,0.3,61.45,-5.52,-0.08982912937347436
2024-05-07,2024,5,Asia Pacific,Furniture,Bookcases,Corporate,6,0.0,1578.58,216.28,0.13700921080971507
2021-11-26,2021,11,North America,Office Supplies,Art,Corporate,8,0.0,720.4,128.12,0.17784564131038313
2022-09-13,2022,9,North America,Office Supplies,Storage,Home Office,2,0.2,119.48,-6.8,-0.05691329092735185
2024-08-09,2024,8,North America,Office Supplies,Paper,Home Office,4,0.3,161.88,-17.53,-0.10829009142574748
2023-10-26,2023,10,Middle East & Africa,Office Supplies,Storage,Consumer,1,0.15,94.36,7.41,0.07852903772785079
2021-08-12,2021,8,Middle East & Africa,Office Supplies,Storage,Corporate,5,0.3,408.41,-67.77,-0.16593619157219458
2021-11-19,2021,11,North America,Office Supplies,Paper,Home Office,4,0.15,297.79,13.39,0.044964572349642365
2024-01-20,2024,1,Asia Pacific,Furniture,Chairs,Corporate,1,0.15,145.44,-14.12,-0.09708470847084708
2023-10-30,2023,10,Asia Pacific,Office Supplies,Paper,Corporate,7,0.1,396.31,18.09,0.045646085135373826
2024-11-16,2024,11,Asia Pacific,Furniture,Tables,Home Office,1,0.1,1050.53,-48.08,-0.04576737456331566
2021-08-17,2021,8,Asia Pacific,Technology,Phones,Consumer,4,0.0,1947.07,496.65,0.25507557509488615
2024-01-09,2024,1,North America,Office Supplies,Art,Home Office,4,0.1,438.86,72.4,0.1649728842911179
2021-03-08,2021,3,North America,Office Supplies,Paper,Consumer,5,0.2,233.2,5.54,0.023756432246998287
2023-04-19,2023,4,Latin America,Furniture,Chairs,Consumer,3,0.1,1515.42,-101.63,-0.06706391627403624
2022-08-22,2022,8,Europe,Technology,Accessories,Consumer,1,0.0,402.53,127.09,0.31572802027178104
2021-11-26,2021,11,North America,Furniture,Furnishings,Consumer,3,0.3,1244.5,-310.07,-0.24915226998794696
2022-11-26,2022,11,Europe,Technology,Accessories,Corporate,2,0.4,1226.22,-40.68,-0.03317512355042325
2022-07-17,2022,7,Asia Pacific,Technology,Laptops,Corporate,1,0.15,339.31,44.89,0.1322978986767263
2021-09-02,2021,9,Asia Pacific,Office Supplies,Storage,Consumer,2,0.15,82.09,2.17,0.026434401266902177
2023-07-26,2023,7,North America,Technology,Phones,Consumer,3,0.0,1319.48,513.57,0.3892215115045321
2023-06-08,2023,6,North America,Furniture,Chairs,Consumer,3,0.15,842.7,32.01,0.037985048059807756
2024-05-29,2024,5,Asia Pacific,Office Supplies,Paper,Corporate,4,0.15,332.26,8.77,0.026394991873833745
2024-04-17,2024,4,Asia Pacific,Office Supplies,Paper,Corporate,3,0.3,262.66,-12.11,-0.046105231097235966
2024-05-31,2024,5,Asia Pacific,Technology,Copiers,Corporate,6,0.0,6400.33,1673.95,0.26154120178178314
2023-06-30,2023,6,North America,Technology,Phones,Home Office,8,0.5,1766.69,-324.35,-0.1835919148237665
2021-03-29,2021,3,Asia Pacific,Technology,Accessories,Corporate,4,0.15,2453.3,403.23,0.1643622875310806
2023-01-03,2023,1,Europe,Office Supplies,Storage,Consumer,2,0.15,94.75,6.09,0.06427440633245382
2021-03-07,2021,3,North America,Office Supplies,Art,Consumer,4,0.4,185.03,-24.44,-0.13208668864508458
2023-03-24,2023,3,Asia Pacific,Technology,Accessories,Consumer,7,0.5,2770.07,-324.96,-0.11731111488157338
2024-01-24,2024,1,North America,Technology,Accessories,Consumer,2,0.1,1234.76,280.63,0.2272749360199553
2024-10-15,2024,10,Europe,Technology,Phones,Consumer,1,0.15,600.56,52.44,0.0873185027307846
2024-03-23,2024,3,Europe,Technology,Copiers,Consumer,5,0.2,2735.35,55.61,0.02033012228782423
2021-02-27,2021,2,Asia Pacific,Technology,Phones,Consumer,2,0.2,464.52,79.66,0.17148884870403858
2024-04-25,2024,4,North America,Technology,Copiers,Consumer,1,0.3,782.05,-10.01,-0.012799693114251007
2022-09-03,2022,9,Latin America,Furniture,Bookcases,Consumer,3,0.0,471.39,75.19,0.1595069899658457
2023-02-28,2023,2,North America,Technology,Accessories,Home Office,2,0.0,897.33,287.01,0.31984888502557585
2021-12-08,2021,12,North America,Office Supplies,Storage,Consumer,2,0.2,260.04,15.59,0.05995231502845715
2023-08-08,2023,8,North America,Furniture,Tables,Home Office,5,0.0,1565.33,171.72,0.10970210754281845
2024-08-08,2024,8,Asia Pacific,Furniture,Chairs,Corporate,4,0.2,811.01,-23.78,-0.029321463360501104
2022-09-18,2022,9,Latin America,Furniture,Chairs,Corporate,7,0.0,2440.72,246.82,0.10112589727621359
2024-11-14,2024,11,North America,Office Supplies,Binders,Consumer,4,0.15,216.13,-3.17,-0.01466709850552908
2021-02-08,2021,2,Europe,Office Supplies,Paper,Consumer,3,0.1,154.96,4.06,0.026200309757356734
2022-09-13,2022,9,North America,Office Supplies,Storage,Consumer,2,0.0,174.86,46.59,0.26644172480841816
2021-01-22,2021,1,North America,Office Supplies,Binders,Corporate,4,0.0,231.66,45.76,0.19753086419753085
2024-01-01,2024,1,Europe,Office Supplies,Binders,Consumer,2,0.3,151.7,-27.51,-0.18134475939353992
2024-12-26,2024,12,North America,Office Supplies,Art,Home Office,4,0.1,526.64,43.69,0.08295989670363056
2022-09-09,2022,9,North America,Furniture,Tables,Consumer,2,0.15,557.09,17.9,0.03213125347789405
2024-04-15,2024,4,North America,Technology,Accessories,Corporate,8,0.1,2204.53,387.68,0.17585607816632115
2022-12-27,2022,12,Asia Pacific,Office Supplies,Art,Consumer,4,0.15,431.64,-1.22,-0.002826429431934019
2022-07-11,2022,7,Latin America,Office Supplies,Binders,Consumer,8,0.2,535.96,14.03,0.026177326666169114
2023-05-03,2023,5,Europe,Technology,Phones,Corporate,1,0.1,345.7,67.72,0.19589239224761354
2021-02-07,2021,2,Middle East & Africa,Office Supplies,Binders,Corporate,2,0.1,58.65,3.05,0.05200341005967604
2022-10-22,2022,10,Europe,Furniture,Tables,Consumer,3,0.0,814.38,145.42,0.17856528893145704
2023-04-08,2023,4,Europe,Furniture,Chairs,Consumer,4,0.0,1454.88,83.59,0.05745491037061476
2024-08-01,2024,8,Asia Pacific,Technology,Laptops,Corporate,5,0.15,3559.94,636.08,0.1786771687163267
2021-08-13,2021,8,Europe,Office Supplies,Binders,Corporate,2,0.0,130.12,27.3,0.20980633261604673
2021-04-02,2021,4,North America,Technology,Accessories,Consumer,3,0.0,1693.8,483.36,0.28537017357421185
2024-03-07,2024,3,Europe,Technology,Copiers,Corporate,1,0.3,299.09,-3.09,-0.010331338393125816
2024-03-16,2024,3,North America,Technology,Laptops,Consumer,1,0.2,738.96,52.75,0.0713841073941756
2024-03-19,2024,3,Asia Pacific,Technology,Accessories,Consumer,1,0.1,528.74,86.12,0.1628777849226463
2024-12-05,2024,12,Europe,Technology,Phones,Consumer,2,0.4,1361.74,-124.7,-0.0915740155976912
2023-01-05,2023,1,North America,Office Supplies,Art,Corporate,3,0.15,166.82,11.94,0.07157415178036207
2021-08-30,2021,8,North America,Office Supplies,Binders,Consumer,1,0.1,77.26,15.7,0.20320994046078175
2021-09-30,2021,9,Middle East & Africa,Furniture,Bookcases,Consumer,1,0.1,289.86,-9.85,-0.03398192230732077
2021-10-03,2021,10,Asia Pacific,Furniture,Chairs,Consumer,2,0.0,507.07,56.88,0.11217386159701817
2021-01-09,2021,1,North America,Technology,Phones,Corporate,3,0.0,1121.2,329.05,0.29348019978594364
2021-01-28,2021,1,North America,Office Supplies,Storage,Corporate,3,0.3,166.99,-10.23,-0.0612611533624768
2022-02-23,2022,2,Latin America,Office Supplies,Storage,Corporate,3,0.15,110.73,7.21,0.06511333875191908
2023-10-14,2023,10,Europe,Office Supplies,Storage,Corporate,5,0.0,330.75,80.55,0.24353741496598638
2021-12-26,2021,12,Europe,Technology,Accessories,Consumer,2,0.1,782.8,109.37,0.13971640265712826
2021-12-23,2021,12,Latin America,Office Supplies,Storage,Consumer,3,0.0,251.5,51.58,0.20508946322067595
2023-02-13,2023,2,North America,Office Supplies,Art,Corporate,2,0.3,74.99,-10.99,-0.14655287371649556
2021-04-09,2021,4,Asia Pacific,Office Supplies,Storage,Consumer,3,0.15,120.95,15.29,0.12641587432823478
2024-08-16,2024,8,Asia Pacific,Furniture,Chairs,Consumer,3,0.15,891.66,-14.19,-0.015914137675795706
2024-12-19,2024,12,Europe,Office Supplies,Paper,Consumer,3,0.15,350.57,24.07,0.06865961148985937
2022-06-08,2022,6,North America,Technology,Copiers,Home Office,5,0.0,3141.87,1110.68,0.35350921584915995
2022-10-07,2022,10,North America,Furniture,Chairs,Consumer,3,0.1,325.72,9.24,0.02836792336976544
2021-09-24,2021,9,North America,Furniture,Chairs,Corporate,3,0.0,683.6,64.01,0.09363662960795788
2023-02-01,2023,2,Latin America,Office Supplies,Binders,Consumer,2,0.15,94.35,12.72,0.13481717011128777
2024-06-01,2024,6,Asia Pacific,Office Supplies,Storage,Consumer,5,0.2,572.44,-54.45,-0.09511913912375096
2024-11-24,2024,11,Europe,Technology,Laptops,Corporate,5,0.0,3937.26,868.02,0.2204629615519422
2024-06-04,2024,6,Asia Pacific,Office Supplies,Binders,Consumer,2,0.15,186.17,19.11,0.10264811731213408
2021-06-03,2021,6,Europe,Office Supplies,Art,Consumer,4,0.15,300.8,9.25,0.030751329787234043
2024-03-23,2024,3,North America,Technology,Phones,Home Office,3,0.2,2087.33,169.91,0.08140064101028587
2022-05-18,2022,5,Middle East & Africa,Furniture,Tables,Home Office,4,0.0,1188.19,154.87,0.13034110706200186
2023-08-11,2023,8,Asia Pacific,Technology,Copiers,Consumer,2,0.0,776.41,217.65,0.2803286923146276
2023-09-10,2023,9,North America,Office Supplies,Storage,Corporate,2,0.4,109.56,-26.94,-0.24589266155531217
2022-03-07,2022,3,Asia Pacific,Office Supplies,Storage,Corporate,2,0.15,88.23,2.89,0.03275529865125241
2022-08-09,2022,8,Asia Pacific,Office Supplies,Paper,Consumer,8,0.1,367.89,22.42,0.06094212944086548
2024-07-01,2024,7,Asia Pacific,Office Supplies,Storage,Home Office,3,0.1,326.31,39.62,0.12141828322760564
2023-06-21,2023,6,North America,Office Supplies,Binders,Corporate,1,0.0,94.88,12.76,0.13448566610455312
2021-12-24,2021,12,North America,Technology,Copiers,Consumer,11,0.2,6880.54,905.44,0.13159432253863795
2022-03-09,2022,3,Middle East & Africa,Technology,Accessories,Corporate,3,0.15,1574.89,152.76,0.09699725060162931
2022-07-03,2022,7,Asia Pacific,Furniture,Tables,Corporate,1,0.2,239.98,-6.3,-0.02625218768230686
2024-07-26,2024,7,Asia Pacific,Furniture,Furnishings,Corporate,1,0.3,361.19,-61.99,-0.17162712145961959
2023-03-28,2023,3,Middle East & Africa,Technology,Laptops,Consumer,2,0.0,1113.12,272.18,0.2445199080063246
2021-06-12,2021,6,Asia Pacific,Office Supplies,Binders,Home Office,3,0.4,140.53,-24.78,-0.17633245570340852
2021-07-27,2021,7,North America,Office Supplies,Paper,Consumer,1,0.2,62.82,0.94,0.014963387456224131
2024-12-18,2024,12,North America,Furniture,Chairs,Corporate,3,0.2,957.22,-12.05,-0.01258853764024989
2024-06-02,2024,6,Europe,Office Supplies,Paper,Consumer,1,0.3,62.47,-5.1,-0.08163918680966864
2022-01-31,2022,1,North America,Office Supplies,Binders,Corporate,2,0.0,104.35,22.63,0.21686631528509823
2023-06-25,2023,6,North America,Office Supplies,Paper,Home Office,5,0.0,227.17,38.59,0.16987278249768897
2023-04-02,2023,4,Asia Pacific,Technology,Copiers,Corporate,3,0.2,1468.0,95.11,0.06478882833787467
2021-05-27,2021,5,Europe,Technology,Phones,Consumer,3,0.5,1347.95,-352.1,-0.2612114692681479
2023-07-16,2023,7,Europe,Furniture,Tables,Consumer,4,0.3,1015.45,-176.84,-0.17414939189521886
2023-09-06,2023,9,Asia Pacific,Office Supplies,Art,Corporate,4,0.0,506.98,126.5,0.24951674622273068
2022-05-24,2022,5,Asia Pacific,Office Supplies,Binders,Consumer,6,0.0,652.52,137.09,0.2100931772206216
2023-07-30,2023,7,Europe,Furniture,Furnishings,Home Office,2,0.0,903.86,111.55,0.12341513066182816
2021-12-24,2021,12,Asia Pacific,Office Supplies,Binders,Consumer,6,0.2,556.93,-6.81,-0.012227748550087085
2024-07-07,2024,7,Europe,Office Supplies,Art,Consumer,5,0.2,242.63,-16.89,-0.06961216667353584
2024-11-24,2024,11,Asia Pacific,Office Supplies,Binders,Consumer,3,0.1,224.71,27.76,0.12353700324863157
2021-12-27,2021,12,Europe,Technology,Copiers,Consumer,3,0.2,1488.83,101.18,0.06795940436450099
2021-08-09,2021,8,Latin America,Office Supplies,Storage,Consumer,2,0.3,405.54,-16.78,-0.04137692952606401
2022-12-05,2022,12,Europe,Office Supplies,Art,Corporate,1,0.0,89.59,21.22,0.23685679205268442
2024-12-20,2024,12,Europe,Technology,Accessories,Corporate,4,0.2,2637.38,250.49,0.0949768330691823
2023-09-26,2023,9,Latin America,Technology,Accessories,Corporate,3,0.0,3808.44,1128.66,0.2963575637268803
2022-05-21,2022,5,North America,Office Supplies,Binders,Consumer,4,0.15,169.04,0.28,0.0016564126833885473
2023-07-31,2023,7,Asia Pacific,Technology,Laptops,Home Office,1,0.5,634.15,-124.94,-0.1970196325790428
2021-11-21,2021,11,Asia Pacific,Technology,Accessories,Consumer,3,0.3,2011.69,75.51,0.03753560439232685
2021-09-23,2021,9,Europe,Office Supplies,Binders,Corporate,4,0.0,253.69,56.43,0.22243683235444833
2022-01-20,2022,1,Europe,Office Supplies,Paper,Home Office,5,0.1,342.95,33.97,0.09905233999125237
2024-04-03,2024,4,Middle East & Africa,Furniture,Bookcases,Consumer,1,0.1,327.29,-3.61,-0.0110299734180696
2021-02-23,2021,2,Asia Pacific,Office Supplies,Binders,Consumer,3,0.2,119.13,-8.31,-0.06975572903550743
2024-02-15,2024,2,Europe,Office Supplies,Art,Home Office,1,0.3,52.02,0.62,0.011918492887351018
2022-10-20,2022,10,Latin America,Office Supplies,Binders,Consumer,1,0.15,75.42,8.97,0.11893396976929196
2022-02-23,2022,2,North America,Technology,Phones,Consumer,1,0.4,246.1,-18.33,-0.0744819179195449
2021-08-30,2021,8,Latin America,Office Supplies,Storage,Corporate,3,0.1,151.15,11.07,0.0732385047965597
2021-07-03,2021,7,Europe,Technology,Phones,Corporate,3,0.0,715.84,201.68,0.2817389360751006
2021-05-27,2021,5,Europe,Furniture,Furnishings,Consumer,4,0.3,2450.61,-368.29,-0.15028503107389588
2021-11-15,2021,11,North America,Office Supplies,Paper,Consumer,5,0.2,229.91,3.27,0.014222956809186204
2024-08-31,2024,8,Europe,Office Supplies,Binders,Home Office,3,0.0,326.11,58.94,0.18073656128300267
2022-05-21,2022,5,Latin America,Office Supplies,Storage,Consumer,4,0.1,253.94,14.39,0.056666929195873045
2022-04-07,2022,4,Asia Pacific,Furniture,Furnishings,Home Office,3,0.15,1019.58,-11.4,-0.011181074560112988
2024-09-21,2024,9,Europe,Office Supplies,Binders,Corporate,6,0.5,449.33,-114.7,-0.2552689560011573
2024-12-11,2024,12,Latin America,Technology,Copiers,Home Office,3,0.2,3304.59,258.14,0.07811559073894189
2024-05-13,2024,5,North America,Technology,Accessories,Consumer,5,0.1,2598.46,481.46,0.18528666979672576
2023-09-22,2023,9,Europe,Furniture,Chairs,Home Office,2,0.2,623.22,-73.38,-0.11774333301241936
2024-08-25,2024,8,Europe,Office Supplies,Storage,Consumer,3,0.15,228.73,-8.69,-0.037992392777510604
2021-06-18,2021,6,Europe,Technology,Laptops,Home Office,2,0.1,1171.81,185.69,0.15846425615074117
2023-02-10,2023,2,Europe,Furniture,Chairs,Home Office,2,0.1,349.66,1.03,0.0029457186981639307
2021-04-30,2021,4,Asia Pacific,Technology,Copiers,Consumer,1,0.3,205.91,8.69,0.04220290418143849
2023-08-23,2023,8,North America,Technology,Laptops,Corporate,1,0.0,586.71,196.16,0.33433894087368543
2024-02-11,2024,2,North America,Office Supplies,Binders,Corporate,2,0.15,67.23,3.54,0.052655064703257475
2022-08-14,2022,8,Europe,Furniture,Bookcases,Consumer,3,0.0,1021.26,68.46,0.06703483931613888
2021-02-13,2021,2,North America,Technology,Copiers,Consumer,3,0.1,744.79,133.24,0.17889606466252234
2024-01-06,2024,1,Europe,Office Supplies,Storage,Home Office,3,0.15,279.52,9.87,0.03531053234115627
2022-07-10,2022,7,Middle East & Africa,Office Supplies,Art,Consumer,6,0.0,216.72,29.81,0.13755075673680325
2021-08-01,2021,8,North America,Office Supplies,Storage,Home Office,1,0.0,41.58,7.77,0.18686868686868688
2022-05-22,2022,5,Europe,Office Supplies,Paper,Corporate,2,0.3,168.92,-6.94,-0.041084537058962825
2024-10-21,2024,10,North America,Technology,Accessories,Home Office,2,0.1,1143.01,256.45,0.22436374134959447
2021-02-05,2021,2,Middle East & Africa,Furniture,Chairs,Corporate,4,0.15,1266.42,-35.69,-0.028181803824955384
2023-03-18,2023,3,Asia Pacific,Office Supplies,Art,Home Office,4,0.1,217.39,48.08,0.2211693270159621
2024-01-14,2024,1,Asia Pacific,Office Supplies,Storage,Consumer,6,0.1,402.83,36.8,0.0913536727651863
2024-09-06,2024,9,North America,Furniture,Bookcases,Consumer,1,0.15,359.28,-9.71,-0.02702627477176576
2021-02-23,2021,2,North America,Technology,Phones,Consumer,5,0.15,2859.02,403.77,0.14122671404886988
2022-07-29,2022,7,Europe,Furniture,Bookcases,Consumer,4,0.0,2387.16,138.18,0.05788468305434073
2021-07-21,2021,7,North America,Technology,Laptops,Consumer,2,0.15,969.21,146.98,0.15164928137348974
2023-11-15,2023,11,Europe,Office Supplies,Storage,Corporate,2,0.2,144.69,-6.02,-0.04160619254958877
2022-08-21,2022,8,Asia Pacific,Office Supplies,Paper,Consumer,2,0.15,209.95,6.59,0.0313884258156704
2023-04-05,2023,4,Asia Pacific,Office Supplies,Binders,Consumer,2,0.1,200.23,2.94,0.01468311441841882
2024-01-12,2024,1,North America,Office Supplies,Binders,Consumer,5,0.15,416.19,40.66,0.09769576395396333
2021-03-16,2021,3,Europe,Office Supplies,Storage,Consumer,1,0.15,35.95,4.17,0.11599443671766341
2022-06-29,2022,6,Europe,Technology,Phones,Consumer,2,0.15,1468.61,178.58,0.12159797359407877
2021-06-07,2021,6,Asia Pacific,Office Supplies,Binders,Consumer,2,0.2,98.33,0.65,0.006610393572663481
2021-09-12,2021,9,North America,Office Supplies,Paper,Corporate,5,0.3,401.97,-13.74,-0.034181655347413985
2023-03-17,2023,3,Asia Pacific,Furniture,Furnishings,Home Office,4,0.4,830.46,-234.71,-0.2826264961587554
2024-04-01,2024,4,Europe,Technology,Laptops,Consumer,1,0.1,571.34,135.15,0.23654916512059368
2024-08-22,2024,8,Latin America,Office Supplies,Paper,Home Office,4,0.0,176.18,41.47,0.23538426609149732
2023-07-05,2023,7,Asia Pacific,Furniture,Bookcases,Consumer,2,0.15,908.28,-28.51,-0.031388998987096496
2024-08-31,2024,8,North America,Office Supplies,Art,Corporate,2,0.3,122.54,-7.79,-0.06357107883140199
2022-10-20,2022,10,Europe,Furniture,Chairs,Consumer,2,0.0,582.6,53.72,0.09220734637830415
2023-03-09,2023,3,Asia Pacific,Office Supplies,Art,Home Office,3,0.5,192.26,-46.02,-0.23936336211380424
2021-01-26,2021,1,Middle East & Africa,Office Supplies,Binders,Consumer,2,0.15,150.22,12.93,0.0860737584875516
2022-12-12,2022,12,North America,Furniture,Tables,Consumer,5,0.0,1412.35,146.53,0.10374907069777323
2024-09-20,2024,9,North America,Office Supplies,Paper,Home Office,4,0.1,203.85,20.59,0.1010056414029924
2024-08-06,2024,8,Europe,Office Supplies,Binders,Corporate,1,0.0,74.82,13.11,0.17522052927024862
2024-12-28,2024,12,North America,Furniture,Bookcases,Consumer,4,0.0,2605.15,304.42,0.11685315624820068
2023-03-15,2023,3,Latin America,Office Supplies,Paper,Corporate,1,0.4,65.92,-10.96,-0.1662621359223301
2023-04-06,2023,4,North America,Office Supplies,Binders,Corporate,4,0.3,302.3,-42.88,-0.14184584849487264
2022-07-14,2022,7,North America,Technology,Phones,Consumer,4,0.5,3111.42,-485.61,-0.15607343270918103
2023-03-02,2023,3,Asia Pacific,Office Supplies,Binders,Consumer,5,0.1,205.63,12.25,0.05957301950104557
2022-03-04,2022,3,Europe,Furniture,Bookcases,Home Office,2,0.2,480.97,-22.96,-0.04773686508514045
2022-05-03,2022,5,North America,Office Supplies,Storage,Consumer,3,0.1,153.7,9.36,0.0608978529603123
2023-10-07,2023,10,Europe,Technology,Laptops,Corporate,4,0.1,2364.38,562.41,0.2378678554208714
2024-11-20,2024,11,Asia Pacific,Furniture,Furnishings,Consumer,4,0.3,2944.84,-500.3,-0.16989038453702068
2023-04-06,2023,4,Europe,Furniture,Chairs,Consumer,2,0.3,506.08,-69.79,-0.1379030983243756
2022-01-05,2022,1,Asia Pacific,Technology,Phones,Consumer,5,0.1,2586.89,742.58,0.28705511250961585
2023-12-22,2023,12,North America,Office Supplies,Art,Home Office,1,0.15,54.91,3.33,0.06064469131305773
2022-06-28,2022,6,Europe,Technology,Phones,Consumer,1,0.1,736.22,169.22,0.22984977316562982
2021-01-02,2021,1,Middle East & Africa,Office Supplies,Storage,Consumer,2,0.0,125.22,28.04,0.2239258904328382
2021-05-08,2021,5,Europe,Office Supplies,Binders,Corporate,8,0.3,453.44,-49.72,-0.10965067043048694
2021-03-22,2021,3,Middle East & Africa,Office Supplies,Binders,Consumer,2,0.1,79.43,3.1,0.039028075034621676
2024-02-06,2024,2,Europe,Furniture,Tables,Consumer,1,0.1,279.87,19.82,0.07081859434737557
2021-12-06,2021,12,Europe,Furniture,Tables,Consumer,5,0.4,2270.41,-577.96,-0.25456195136561244
2021-04-27,2021,4,North America,Technology,Laptops,Corporate,1,0.0,580.38,190.69,0.32856059822874667
2024-02-20,2024,2,Latin America,Technology,Accessories,Home Office,1,0.15,391.79,32.84,0.08382041399729448
2024-06-27,2024,6,Latin America,Office Supplies,Art,Consumer,1,0.2,43.02,1.04,0.02417480241748024
2022-10-23,2022,10,North America,Furniture,Bookcases,Home Office,1,0.0,262.88,13.73,0.052229153986609864
2021-03-10,2021,3,North America,Technology,Phones,Corporate,7,0.0,3217.81,552.43,0.17167887476264912
2022-03-22,2022,3,North America,Office Supplies,Paper,Corporate,1,0.0,167.53,42.77,0.2552975586462126
2023-11-11,2023,11,North America,Office Supplies,Paper,Consumer,4,0.1,420.3,30.85,0.07339995241494171
2022-04-11,2022,4,Asia Pacific,Office Supplies,Binders,Corporate,5,0.1,311.96,53.41,0.1712078471598923
2023-06-13,2023,6,Latin America,Technology,Copiers,Consumer,1,0.0,359.45,116.41,0.3238558909444985
2024-04-30,2024,4,Europe,Furniture,Tables,Home Office,4,0.0,1199.59,129.98,0.10835368750989921
2021-01-21,2021,1,Asia Pacific,Office Supplies,Art,Consumer,3,0.0,115.63,29.05,0.2512323791403615
2023-04-30,2023,4,Europe,Furniture,Chairs,Consumer,4,0.0,1379.49,121.12,0.08780056397654205
2023-10-04,2023,10,Asia Pacific,Office Supplies,Binders,Consumer,2,0.2,65.26,0.9,0.013790989886607416
2022-02-20,2022,2,Asia Pacific,Office Supplies,Storage,Consumer,2,0.0,91.73,11.04,0.12035321050910279
2023-10-12,2023,10,North America,Office Supplies,Paper,Home Office,2,0.2,84.37,-6.87,-0.08142704752874244
2022-08-29,2022,8,North America,Office Supplies,Binders,Corporate,2,0.15,94.24,3.08,0.03268251273344652
2024-11-05,2024,11,Middle East & Africa,Office Supplies,Art,Corporate,1,0.0,99.18,16.24,0.1637426900584795
2021-02-14,2021,2,Europe,Furniture,Furnishings,Home Office,4,0.15,905.23,-77.7,-0.08583453928835766
2023-01-28,2023,1,North America,Technology,Accessories,Consumer,3,0.1,2728.76,327.93,0.12017546431346106
2021-09-19,2021,9,North America,Office Supplies,Storage,Consumer,2,0.15,75.02,8.1,0.10797120767795254
2023-04-20,2023,4,North America,Office Supplies,Storage,Home Office,4,0.3,563.71,-45.5,-0.08071526139326958
2024-10-07,2024,10,Europe,Technology,Copiers,Consumer,4,0.0,864.46,213.72,0.24722948430233901
2023-04-17,2023,4,Latin America,Office Supplies,Storage,Consumer,2,0.0,105.28,30.55,0.29017857142857145
2024-06-06,2024,6,North America,Technology,Laptops,Corporate,4,0.0,2145.87,651.57,0.3036390834486712
2023-09-22,2023,9,Europe,Office Supplies,Storage,Consumer,2,0.4,158.64,-31.65,-0.19950832072617247
2024-07-20,2024,7,Asia Pacific,Office Supplies,Paper,Home Office,2,0.2,91.71,7.51,0.08188856177079926
2024-01-09,2024,1,North America,Technology,Laptops,Consumer,2,0.0,1164.71,388.42,0.3334907401842519
2024-10-17,2024,10,Latin America,Office Supplies,Paper,Home Office,3,0.15,180.71,9.15,0.050633611864312984
2023-01-29,2023,1,North America,Technology,Copiers,Corporate,1,0.15,369.42,51.28,0.13881219208488982
2023-12-27,2023,12,Asia Pacific,Office Supplies,Art,Corporate,4,0.0,422.14,102.96,0.2439001279196475
2023-10-24,2023,10,North America,Office Supplies,Binders,Home Office,1,0.15,70.49,7.51,0.10653993474251668
2022-11-19,2022,11,Europe,Technology,Copiers,Consumer,1,0.1,828.88,138.73,0.16737042756490686
2023-08-28,2023,8,Asia Pacific,Technology,Laptops,Consumer,3,0.0,1863.86,339.77,0.1822937345079566
2021-10-13,2021,10,North America,Technology,Phones,Consumer,1,0.1,550.39,142.93,0.25968858445829324
2021-12-23,2021,12,North America,Furniture,Bookcases,Consumer,4,0.4,2496.09,-748.38,-0.2998209199187529
2024-11-20,2024,11,Asia Pacific,Furniture,Furnishings,Consumer,4,0.0,1635.44,386.37,0.23624834906814068
2022-09-11,2022,9,Europe,Technology,Copiers,Corporate,3,0.5,1983.78,-371.25,-0.18714272752018873
2024-09-29,2024,9,North America,Furniture,Tables,Corporate,1,0.0,246.63,35.96,0.14580545756801688
2022-01-12,2022,1,Asia Pacific,Office Supplies,Binders,Corporate,3,0.2,138.12,10.19,0.07377642629597451
2023-03-18,2023,3,Asia Pacific,Office Supplies,Storage,Home Office,1,0.15,51.78,1.99,0.0384318269602163
2023-04-02,2023,4,Asia Pacific,Furniture,Tables,Corporate,5,0.5,1209.1,-412.22,-0.34093127119344974
2023-08-29,2023,8,Europe,Technology,Laptops,Consumer,4,0.0,2581.46,650.13,0.2518458546713875
2024-08-12,2024,8,Middle East & Africa,Office Supplies,Binders,Corporate,3,0.2,240.53,3.89,0.01617261880014967
2023-08-21,2023,8,North America,Office Supplies,Art,Consumer,5,0.1,228.05,1.9,0.008331506248629685
2024-03-08,2024,3,North America,Furniture,Bookcases,Home Office,4,0.0,1397.04,201.29,0.14408320448949208
2024-11-19,2024,11,Europe,Technology,Phones,Corporate,4,0.0,3982.2,1137.12,0.28555070061774895
2022-04-11,2022,4,Europe,Office Supplies,Binders,Consumer,6,0.4,414.61,-85.31,-0.20575962953136684
2021-01-27,2021,1,Europe,Office Supplies,Paper,Consumer,2,0.2,156.1,-5.32,-0.03408071748878924
2022-06-14,2022,6,Europe,Office Supplies,Paper,Consumer,6,0.15,353.49,-6.93,-0.01960451497920733
2023-12-31,2023,12,North America,Furniture,Bookcases,Consumer,2,0.3,1941.51,-294.43,-0.15165000437803566
2024-10-06,2024,10,Latin America,Technology,Accessories,Home Office,2,0.0,1437.32,433.5,0.30160298333008656
2021-06-02,2021,6,Asia Pacific,Office Supplies,Storage,Consumer,7,0.1,449.33,21.85,0.04862795718069125
2022-11-04,2022,11,Middle East & Africa,Technology,Copiers,Consumer,1,0.2,806.35,41.84,0.05188813790537608
2024-03-26,2024,3,Middle East & Africa,Technology,Phones,Consumer,3,0.1,2487.79,520.72,0.20931027136534838
2023-02-19,2023,2,Europe,Office Supplies,Storage,Consumer,5,0.15,296.84,4.94,0.016641961999730497
2024-02-03,2024,2,North America,Technology,Phones,Consumer,2,0.1,1152.58,66.34,0.05755782678859603
2021-10-14,2021,10,North America,Office Supplies,Storage,Corporate,5,0.1,293.92,12.74,0.043345127925966245
2021-04-05,2021,4,Europe,Office Supplies,Art,Consumer,6,0.0,378.33,110.58,0.2922845135199429
2021-06-29,2021,6,Latin America,Technology,Accessories,Corporate,1,0.2,1200.57,157.84,0.13147088466311835
2021-09-02,2021,9,Asia Pacific,Furniture,Chairs,Corporate,2,0.1,457.97,-6.27,-0.013690853112649299
2021-02-17,2021,2,Europe,Furniture,Chairs,Home Office,2,0.15,713.35,37.55,0.05263895703371416
2024-09-02,2024,9,Asia Pacific,Furniture,Bookcases,Consumer,3,0.0,817.55,143.77,0.17585468778667973
2024-06-13,2024,6,Europe,Technology,Phones,Consumer,1,0.0,463.44,165.95,0.35808303124460555
2021-05-07,2021,5,Middle East & Africa,Technology,Accessories,Home Office,3,0.0,1356.21,466.09,0.3436709654109614
2023-03-01,2023,3,North America,Technology,Accessories,Consumer,2,0.1,678.75,99.15,0.14607734806629835
2022-04-30,2022,4,Europe,Office Supplies,Paper,Consumer,2,0.0,93.73,13.46,0.1436039688466873
2021-01-07,2021,1,Asia Pacific,Office Supplies,Binders,Corporate,2,0.15,90.61,5.3,0.05849244012802119
2024-03-17,2024,3,Latin America,Technology,Copiers,Home Office,4,0.0,2068.17,591.57,0.286035480642307
2021-03-16,2021,3,Asia Pacific,Technology,Copiers,Consumer,1,0.3,430.92,4.41,0.01023391812865497
2023-10-15,2023,10,Middle East & Africa,Furniture,Chairs,Consumer,4,0.1,1414.21,223.48,0.158024621520142
2021-02-03,2021,2,Europe,Office Supplies,Paper,Home Office,1,0.0,63.69,13.86,0.21761658031088082
2023-05-05,2023,5,North America,Office Supplies,Paper,Corporate,2,0.1,94.77,0.59,0.006225598818191411
2021-11-30,2021,11,Asia Pacific,Furniture,Furnishings,Home Office,1,0.15,245.92,3.96,0.016102797657774885
2021-10-28,2021,10,North America,Office Supplies,Paper,Consumer,4,0.0,217.7,47.07,0.21621497473587506
2023-03-16,2023,3,Europe,Technology,Laptops,Home Office,1,0.1,501.75,96.89,0.1931041355256602
2022-08-04,2022,8,Europe,Office Supplies,Paper,Consumer,4,0.15,105.89,3.02,0.028520162432713193
2021-04-30,2021,4,Middle East & Africa,Office Supplies,Paper,Consumer,3,0.3,107.29,6.21,0.05788051076521577
2021-05-16,2021,5,Latin America,Office Supplies,Art,Corporate,1,0.0,46.82,13.39,0.28598889363519864
2023-05-04,2023,5,Asia Pacific,Office Supplies,Storage,Consumer,3,0.1,484.27,67.39,0.1391579077787185
2022-11-23,2022,11,Latin America,Technology,Accessories,Home Office,1,0.15,470.17,37.64,0.08005614990322649
2021-02-17,2021,2,Middle East & Africa,Technology,Accessories,Corporate,2,0.3,581.93,51.6,0.08867045864622894
2023-08-14,2023,8,Asia Pacific,Technology,Phones,Corporate,3,0.3,1280.65,-70.45,-0.05501112716198805
2021-08-24,2021,8,North America,Office Supplies,Binders,Consumer,4,0.0,150.91,25.85,0.17129414883042873
2024-10-29,2024,10,North America,Furniture,Furnishings,Consumer,1,0.1,602.82,15.08,0.025015759264788825
2024-12-27,2024,12,Asia Pacific,Office Supplies,Storage,Corporate,2,0.3,276.96,-44.57,-0.1609257654534951
2023-03-15,2023,3,Europe,Furniture,Bookcases,Consumer,2,0.0,536.26,35.58,0.06634841308320591
2023-10-05,2023,10,Europe,Technology,Accessories,Corporate,5,0.0,2883.81,855.81,0.29676365641287045
2021-09-04,2021,9,Europe,Technology,Laptops,Consumer,3,0.1,1404.12,242.81,0.17292681537190555
2023-11-15,2023,11,North America,Furniture,Chairs,Consumer,1,0.0,340.56,27.55,0.08089617101245009
2024-10-26,2024,10,Asia Pacific,Office Supplies,Art,Corporate,1,0.0,88.19,17.21,0.1951468420455834
2023-06-10,2023,6,Europe,Technology,Phones,Consumer,3,0.2,1416.16,89.39,0.06312139871200993
2022-07-28,2022,7,Asia Pacific,Office Supplies,Storage,Home Office,4,0.15,248.55,8.61,0.03464091732045865
2022-10-04,2022,10,Asia Pacific,Office Supplies,Binders,Home Office,2,0.0,71.78,19.33,0.2692950682641404
2023-04-26,2023,4,Latin America,Technology,Phones,Corporate,6,0.1,3345.99,376.64,0.11256459224325237
2021-06-24,2021,6,Middle East & Africa,Office Supplies,Binders,Consumer,1,0.2,94.11,-5.77,-0.061311231537562426
2024-09-22,2024,9,Latin America,Furniture,Bookcases,Consumer,4,0.0,1730.11,201.43,0.11642612319447898
2021-07-29,2021,7,Asia Pacific,Office Supplies,Binders,Corporate,3,0.0,220.9,49.0,0.22181982797645994
2023-11-09,2023,11,Europe,Office Supplies,Binders,Home Office,3,0.0,175.02,39.72,0.22694549194377783
2021-12-23,2021,12,Asia Pacific,Technology,Phones,Consumer,1,0.15,841.96,155.51,0.18469998574754143
2024-08-24,2024,8,Europe,Technology,Accessories,Consumer,2,0.15,484.52,68.96,0.14232642615371913
2023-11-30,2023,11,Europe,Furniture,Chairs,Consumer,2,0.2,329.2,-18.49,-0.056166464155528555
2022-07-25,2022,7,Europe,Furniture,Furnishings,Corporate,6,0.0,1272.71,131.84,0.10358997729254897
2021-05-12,2021,5,North America,Furniture,Bookcases,Consumer,2,0.3,595.12,-108.45,-0.18223215485952413
2024-04-06,2024,4,North America,Furniture,Tables,Corporate,1,0.15,363.47,-19.16,-0.052714116708394085
2023-07-13,2023,7,Asia Pacific,Technology,Copiers,Consumer,1,0.15,630.08,39.47,0.06264283900457084
2023-01-30,2023,1,North America,Office Supplies,Storage,Consumer,1,0.0,76.11,8.68,0.11404546051767178
2024-05-05,2024,5,Europe,Technology,Copiers,Corporate,3,0.1,1625.47,410.68,0.25265307880182347
2022-10-21,2022,10,Latin America,Furniture,Tables,Corporate,4,0.0,946.3,137.65,0.14546127021029273
2024-07-20,2024,7,Europe,Technology,Phones,Home Office,5,0.1,3095.74,507.28,0.16386389037839094
2022-10-12,2022,10,Europe,Office Supplies,Binders,Home Office,1,0.15,72.66,3.81,0.05243600330305533
2024-04-29,2024,4,Latin America,Office Supplies,Storage,Consumer,1,0.5,83.39,-17.34,-0.20793860175080944
2024-07-09,2024,7,Europe,Office Supplies,Binders,Home Office,5,0.0,660.5,131.46,0.1990310370931113
2024-05-19,2024,5,North America,Office Supplies,Storage,Consumer,4,0.2,463.69,6.83,0.014729668528542777
2024-10-29,2024,10,North America,Office Supplies,Storage,Corporate,1,0.4,56.22,-10.27,-0.18267520455353967
2021-06-06,2021,6,Middle East & Africa,Office Supplies,Paper,Home Office,3,0.2,233.58,-11.06,-0.047349944344550046
2024-03-11,2024,3,Middle East & Africa,Office Supplies,Binders,Consumer,1,0.1,69.57,4.62,0.06640793445450625
2022-10-17,2022,10,Middle East & Africa,Office Supplies,Binders,Consumer,4,0.1,144.67,15.06,0.10409898389438033
2023-12-19,2023,12,Middle East & Africa,Technology,Copiers,Consumer,6,0.0,3723.51,689.22,0.1850995431729739
2021-01-22,2021,1,North America,Technology,Phones,Corporate,4,0.2,2257.79,231.29,0.10244088245585284
2023-05-25,2023,5,Latin America,Furniture,Bookcases,Consumer,2,0.0,655.83,75.21,0.11467910891542014
2023-08-31,2023,8,North America,Furniture,Chairs,Home Office,1,0.0,168.48,28.03,0.16636989553656223
2022-06-06,2022,6,Asia Pacific,Office Supplies,Paper,Home Office,1,0.3,57.21,-0.46,-0.008040552350987589
2022-01-03,2022,1,Asia Pacific,Office Supplies,Paper,Consumer,3,0.0,228.25,32.98,0.1444906900328587
2022-08-28,2022,8,North America,Technology,Phones,Home Office,2,0.15,624.6,86.41,0.1383445405059238
2022-12-30,2022,12,Europe,Office Supplies,Art,Corporate,1,0.1,100.49,8.03,0.07990844860185092
2024-12-04,2024,12,North America,Office Supplies,Binders,Corporate,3,0.1,300.04,31.13,0.1037528329556059
2022-09-20,2022,9,Asia Pacific,Furniture,Furnishings,Home Office,5,0.4,946.88,-281.84,-0.29765123352483946
2024-08-16,2024,8,North America,Office Supplies,Binders,Consumer,1,0.0,56.95,10.77,0.18911325724319578
2022-01-03,2022,1,North America,Technology,Phones,Consumer,4,0.3,2291.16,-10.86,-0.004739957052322841
2023-12-07,2023,12,Europe,Office Supplies,Art,Corporate,3,0.5,368.37,-89.89,-0.244020957189782
2023-04-16,2023,4,North America,Office Supplies,Art,Corporate,3,0.5,86.48,-22.34,-0.2583256244218316
2021-05-30,2021,5,North America,Office Supplies,Binders,Corporate,6,0.15,389.66,-1.59,-0.00408048041882667
2021-03-01,2021,3,Asia Pacific,Technology,Phones,Consumer,3,0.4,998.18,-51.31,-0.051403554469133826
2021-04-23,2021,4,Asia Pacific,Office Supplies,Storage,Corporate,6,0.1,328.26,36.12,0.1100347285688174
2024-04-15,2024,4,Europe,Technology,Accessories,Corporate,4,0.2,1741.05,119.33,0.06853909996840987
2023-06-09,2023,6,Europe,Office Supplies,Art,Consumer,3,0.5,402.97,-127.84,-0.31724445988535127
2021-05-02,2021,5,Asia Pacific,Office Supplies,Art,Consumer,3,0.3,162.41,-26.19,-0.16125854319315314
2021-10-23,2021,10,North America,Office Supplies,Paper,Consumer,6,0.15,355.82,3.96,0.011129222640661008
2023-09-26,2023,9,Europe,Technology,Accessories,Consumer,5,0.0,1908.91,404.86,0.21208962182606828
2021-06-30,2021,6,Europe,Furniture,Chairs,Consumer,3,0.0,1322.68,111.4,0.08422294130099495
2022-08-20,2022,8,Asia Pacific,Furniture,Bookcases,Consumer,2,0.3,595.09,-97.62,-0.16404241375254164
2022-05-06,2022,5,North America,Office Supplies,Paper,Consumer,4,0.0,198.5,58.09,0.2926448362720403
2022-05-18,2022,5,Asia Pacific,Office Supplies,Storage,Home Office,3,0.0,154.73,29.02,0.1875525108253086
2022-12-09,2022,12,Middle East & Africa,Technology,Copiers,Consumer,3,0.15,2939.42,331.69,0.11284198923597172
2022-06-13,2022,6,North America,Technology,Copiers,Consumer,4,0.0,3612.58,716.6,0.19836238920660582
2021-03-15,2021,3,Europe,Technology,Copiers,Consumer,4,0.0,2158.89,485.07,0.224684907521921
2024-03-31,2024,3,Europe,Furniture,Furnishings,Consumer,4,0.1,897.82,-43.02,-0.04791606335345615
2022-05-05,2022,5,Europe,Office Supplies,Paper,Consumer,2,0.15,75.02,3.68,0.04905358571047721
2024-07-02,2024,7,Middle East & Africa,Technology,Accessories,Consumer,1,0.0,330.66,82.77,0.25031754672473233
2022-08-18,2022,8,North America,Technology,Copiers,Corporate,2,0.3,915.11,109.43,0.11958125252701862
2023-09-10,2023,9,Europe,Office Supplies,Storage,Consumer,5,0.15,380.91,23.25,0.06103804048200362
2024-10-12,2024,10,Middle East & Africa,Office Supplies,Paper,Home Office,2,0.0,89.76,16.25,0.18103832442067735
2023-10-28,2023,10,Europe,Technology,Accessories,Home Office,1,0.0,349.76,135.54,0.3875228728270814
2023-06-11,2023,6,Latin America,Furniture,Tables,Consumer,2,0.3,545.79,-75.71,-0.13871635610766045
2022-12-27,2022,12,Asia Pacific,Technology,Phones,Corporate,3,0.3,2212.48,168.4,0.07611368238356957
2021-05-23,2021,5,Latin America,Office Supplies,Art,Consumer,2,0.0,132.74,24.23,0.18253729094470392
2023-09-12,2023,9,Asia Pacific,Office Supplies,Storage,Corporate,1,0.2,71.42,-0.93,-0.013021562587510502
2022-04-25,2022,4,North America,Technology,Copiers,Corporate,7,0.2,4055.42,412.95,0.10182669119351385
2021-11-16,2021,11,North America,Technology,Phones,Corporate,7,0.0,6797.44,1708.38,0.25132697015346955
2022-11-23,2022,11,Europe,Furniture,Chairs,Corporate,3,0.2,1497.3,-28.23,-0.018853937086756162
2023-06-07,2023,6,Asia Pacific,Office Supplies,Art,Corporate,4,0.2,288.72,-4.43,-0.015343585480742586
2021-12-11,2021,12,Latin America,Furniture,Furnishings,Consumer,4,0.1,1684.11,123.01,0.07304154716734655
2024-04-06,2024,4,Europe,Furniture,Bookcases,Corporate,5,0.15,1610.66,6.05,0.003756224156556939
2022-10-20,2022,10,Europe,Office Supplies,Binders,Corporate,3,0.3,230.46,-26.16,-0.11351210622233793
2023-10-27,2023,10,North America,Office Supplies,Binders,Corporate,4,0.5,313.23,-74.95,-0.23928103949174728
2023-08-01,2023,8,Europe,Technology,Copiers,Consumer,4,0.15,2664.9,213.4,0.08007805170925739
2021-08-27,2021,8,Europe,Technology,Accessories,Corporate,2,0.0,1005.02,245.55,0.24432349604982986
2023-01-08,2023,1,Asia Pacific,Furniture,Furnishings,Corporate,4,0.0,2983.99,130.86,0.043854034363385946
2024-03-13,2024,3,Middle East & Africa,Office Supplies,Binders,Home Office,3,0.4,195.28,-23.09,-0.11824047521507579
2021-04-02,2021,4,Asia Pacific,Office Supplies,Storage,Corporate,3,0.3,146.77,-13.7,-0.09334332629283912
2022-11-27,2022,11,Middle East & Africa,Office Supplies,Paper,Consumer,2,0.15,97.67,8.31,0.08508242039520836
2023-04-24,2023,4,Latin America,Office Supplies,Art,Consumer,1,0.1,83.32,7.55,0.09061449831973116
2022-09-22,2022,9,Middle East & Africa,Technology,Copiers,Consumer,4,0.1,1762.73,416.94,0.23653083569236355
2022-01-12,2022,1,Latin America,Office Supplies,Art,Corporate,2,0.3,193.82,-27.74,-0.1431224847796925
2021-07-02,2021,7,Europe,Technology,Accessories,Consumer,2,0.2,1109.18,143.01,0.12893308570295173
2023-09-18,2023,9,Asia Pacific,Office Supplies,Art,Consumer,1,0.0,68.3,15.52,0.22723279648609077
2023-11-25,2023,11,Latin America,Furniture,Bookcases,Consumer,5,0.15,2109.18,-141.11,-0.06690277738267954
2024-08-11,2024,8,Europe,Office Supplies,Art,Corporate,1,0.0,73.75,16.66,0.22589830508474576
2023-06-12,2023,6,Asia Pacific,Technology,Phones,Consumer,3,0.0,1945.01,409.95,0.21077012457519498
2021-12-28,2021,12,Asia Pacific,Technology,Accessories,Consumer,1,0.15,877.96,183.83,0.20938311540389085
2024-10-29,2024,10,Asia Pacific,Office Supplies,Storage,Home Office,1,0.2,79.38,-3.62,-0.045603426555807514
2021-01-15,2021,1,Europe,Technology,Laptops,Corporate,1,0.3,244.83,7.77,0.03173630682514397
2024-09-24,2024,9,Europe,Technology,Phones,Corporate,7,0.0,2744.49,747.23,0.27226552109863766
2021-03-13,2021,3,Europe,Furniture,Chairs,Consumer,1,0.3,345.17,-57.66,-0.16704812121563287
2022-03-08,2022,3,Asia Pacific,Technology,Copiers,Corporate,2,0.0,1105.66,255.89,0.23143642711140855
2023-09-11,2023,9,Latin America,Office Supplies,Storage,Consumer,3,0.0,121.7,26.65,0.21898110106820048
2022-11-27,2022,11,Asia Pacific,Technology,Copiers,Home Office,3,0.0,2493.02,576.54,0.23126168261786909
2021-02-04,2021,2,North America,Furniture,Furnishings,Home Office,4,0.0,516.53,85.78,0.16606973457495208
2023-12-28,2023,12,North America,Office Supplies,Binders,Corporate,3,0.2,547.97,71.23,0.12998886800372284
2024-11-03,2024,11,North America,Office Supplies,Paper,Consumer,3,0.2,548.91,-36.09,-0.06574848335792755
2022-05-08,2022,5,North America,Office Supplies,Binders,Consumer,3,0.0,255.3,56.91,0.22291421856639246
2021-12-15,2021,12,Asia Pacific,Office Supplies,Paper,Corporate,2,0.1,119.96,12.36,0.10303434478159386
2021-04-11,2021,4,Latin America,Technology,Accessories,Consumer,3,0.1,1599.85,382.24,0.23892239897490392
2021-03-07,2021,3,Europe,Technology,Accessories,Consumer,2,0.2,753.05,81.5,0.10822654538211275
2022-12-18,2022,12,Asia Pacific,Office Supplies,Binders,Consumer,1,0.0,75.35,12.24,0.16244193762441939
2023-07-31,2023,7,Asia Pacific,Office Supplies,Binders,Consumer,2,0.0,229.34,25.84,0.11267114328071857
2024-08-08,2024,8,Europe,Office Supplies,Binders,Corporate,5,0.1,286.59,38.61,0.13472207683450227
2023-07-21,2023,7,Asia Pacific,Furniture,Bookcases,Consumer,4,0.0,1940.46,252.2,0.12996918256495882
2021-02-18,2021,2,North America,Office Supplies,Binders,Home Office,2,0.2,128.39,6.66,0.051873198847262256
2024-08-23,2024,8,North America,Technology,Copiers,Corporate,5,0.15,1664.99,176.4,0.10594658226175532
2021-01-20,2021,1,North America,Office Supplies,Paper,Corporate,1,0.2,58.79,2.6,0.044225208368770204
2021-04-11,2021,4,Asia Pacific,Furniture,Furnishings,Consumer,1,0.3,416.02,-58.46,-0.14052209028412097
2022-12-27,2022,12,Europe,Office Supplies,Binders,Consumer,1,0.5,47.41,-15.05,-0.31744357730436623
2022-08-14,2022,8,North America,Technology,Copiers,Home Office,6,0.3,6914.62,60.82,0.008795855737553185
2023-07-06,2023,7,Europe,Office Supplies,Art,Corporate,2,0.15,149.87,11.51,0.0767998932408087
2023-01-03,2023,1,Europe,Office Supplies,Storage,Consumer,2,0.0,127.99,32.87,0.25681693882334555
2021-02-13,2021,2,Asia Pacific,Office Supplies,Binders,Consumer,3,0.0,158.09,41.84,0.264659371244228
2023-04-28,2023,4,North America,Office Supplies,Paper,Corporate,4,0.15,160.71,19.8,0.12320328542094455
2023-03-19,2023,3,Latin America,Furniture,Tables,Home Office,5,0.2,1731.38,-38.43,-0.02219616721921242
2021-05-22,2021,5,Asia Pacific,Technology,Copiers,Consumer,3,0.15,1329.73,265.04,0.1993186586750694
2023-01-19,2023,1,Latin America,Office Supplies,Storage,Consumer,5,0.0,475.75,81.18,0.17063583815028904
2024-11-06,2024,11,North America,Technology,Phones,Home Office,1,0.1,1150.64,221.12,0.19217131335604531
2021-01-01,2021,1,Asia Pacific,Office Supplies,Paper,Consumer,3,0.4,120.2,-20.45,-0.1701331114808652
2021-12-20,2021,12,North America,Office Supplies,Art,Consumer,6,0.5,345.99,-122.77,-0.3548368449955201
2024-01-20,2024,1,Asia Pacific,Office Supplies,Paper,Consumer,5,0.15,464.72,23.85,0.05132122568428301
2022-06-06,2022,6,North America,Office Supplies,Paper,Corporate,2,0.0,178.59,32.37,0.18125314967243406
2022-12-26,2022,12,Europe,Office Supplies,Storage,Home Office,3,0.4,274.53,-58.91,-0.2145849269660875
2021-12-27,2021,12,North America,Office Supplies,Storage,Consumer,2,0.3,231.13,-17.53,-0.07584476268766496
2023-09-16,2023,9,Europe,Office Supplies,Art,Corporate,4,0.1,320.28,61.05,0.19061446234544774
2024-08-31,2024,8,Asia Pacific,Technology,Phones,Consumer,5,0.15,4274.17,630.9,0.14760760568718603
2022-08-11,2022,8,North America,Technology,Copiers,Consumer,2,0.2,1439.51,190.88,0.13260067661912733
2021-12-22,2021,12,North America,Office Supplies,Paper,Corporate,1,0.15,141.35,3.61,0.025539441103643437
2023-02-10,2023,2,North America,Technology,Laptops,Consumer,2,0.15,721.66,97.12,0.13457861042596236
2024-02-26,2024,2,Europe,Technology,Accessories,Consumer,1,0.2,513.56,59.61,0.11607212399719606
2023-01-09,2023,1,Europe,Office Supplies,Art,Consumer,3,0.1,257.89,39.75,0.15413548412113692
2024-10-19,2024,10,Middle East & Africa,Office Supplies,Storage,Corporate,1,0.1,67.29,9.77,0.1451924505870114
2021-04-07,2021,4,Latin America,Furniture,Tables,Corporate,6,0.1,1365.02,-23.29,-0.017062021069288363
2023-06-23,2023,6,North America,Office Supplies,Binders,Corporate,3,0.0,152.37,30.04,0.1971516702763011
2022-01-28,2022,1,Europe,Furniture,Chairs,Consumer,2,0.3,627.16,-109.57,-0.17470820843166018
2021-04-09,2021,4,Middle East & Africa,Office Supplies,Storage,Home Office,1,0.0,50.9,11.61,0.2280943025540275
2022-05-09,2022,5,Asia Pacific,Furniture,Furnishings,Corporate,3,0.1,1022.55,58.05,0.05676984010561831
2022-08-30,2022,8,Europe,Office Supplies,Paper,Consumer,4,0.5,280.08,-80.26,-0.2865609825764068
2022-09-06,2022,9,North America,Office Supplies,Art,Consumer,3,0.0,96.79,20.83,0.21520818266349825
2024-02-09,2024,2,Asia Pacific,Office Supplies,Art,Corporate,7,0.0,415.15,69.35,0.16704805491990846
2024-04-05,2024,4,Europe,Office Supplies,Paper,Consumer,2,0.1,100.13,7.97,0.07959652451812643
2022-12-02,2022,12,Latin America,Technology,Laptops,Corporate,1,0.2,495.93,85.79,0.1729881233238562
2024-09-15,2024,9,North America,Furniture,Tables,Consumer,2,0.0,1453.72,189.97,0.13067853506865146
2022-11-16,2022,11,Europe,Technology,Copiers,Home Office,5,0.0,4140.54,973.2,0.23504180614122797
2022-03-29,2022,3,North America,Office Supplies,Art,Consumer,3,0.15,141.87,3.37,0.02375414111510538
2023-02-06,2023,2,Asia Pacific,Office Supplies,Art,Corporate,3,0.15,104.49,8.98,0.08594123839601876
2021-08-23,2021,8,North America,Office Supplies,Binders,Corporate,3,0.1,145.27,5.29,0.03641495146967715
2022-06-19,2022,6,Latin America,Office Supplies,Art,Corporate,3,0.15,204.09,-2.43,-0.011906511833014846
2021-12-23,2021,12,Latin America,Technology,Laptops,Corporate,4,0.5,1419.85,-278.01,-0.19580237349015742
2021-05-20,2021,5,North America,Furniture,Chairs,Corporate,1,0.0,182.83,20.84,0.1139856697478532
2024-06-18,2024,6,Asia Pacific,Furniture,Bookcases,Corporate,4,0.0,803.81,102.54,0.12756745997188393
2023-02-28,2023,2,North America,Office Supplies,Storage,Consumer,3,0.4,110.76,-20.08,-0.1812928855182376
2023-02-02,2023,2,Europe,Office Supplies,Art,Consumer,3,0.15,234.53,18.77,0.08003240523600393
2024-10-03,2024,10,North America,Office Supplies,Storage,Home Office,3,0.5,175.74,-42.31,-0.24075338568339594
2023-05-13,2023,5,Latin America,Technology,Copiers,Consumer,2,0.15,827.0,151.73,0.18347037484885126
2022-06-14,2022,6,Asia Pacific,Technology,Copiers,Home Office,5,0.2,1447.1,133.95,0.09256443922327413
2024-04-05,2024,4,Asia Pacific,Technology,Copiers,Corporate,4,0.2,2279.91,298.34,0.13085604256308364
2023-06-24,2023,6,Europe,Technology,Laptops,Home Office,5,0.0,1746.33,506.73,0.2901685248492553
2023-08-27,2023,8,North America,Furniture,Bookcases,Consumer,2,0.3,600.24,-126.23,-0.21029921364787418
2021-01-24,2021,1,Europe,Furniture,Tables,Home Office,6,0.1,871.53,33.14,0.038025082326483314
2022-05-17,2022,5,Asia Pacific,Office Supplies,Storage,Corporate,4,0.3,281.76,-6.14,-0.0217915956842703
2021-09-03,2021,9,Europe,Technology,Accessories,Home Office,2,0.0,902.8,274.13,0.3036442179884803
2021-10-23,2021,10,Asia Pacific,Office Supplies,Binders,Corporate,1,0.15,70.87,3.7,0.05220826866092846
2024-11-07,2024,11,North America,Furniture,Furnishings,Home Office,2,0.1,499.41,42.25,0.08459982779680023
2022-05-22,2022,5,Europe,Technology,Accessories,Consumer,4,0.15,1625.01,154.69,0.09519326034916709
2022-04-06,2022,4,Europe,Office Supplies,Paper,Corporate,2,0.15,102.46,0.97,0.009467109115752489
2022-01-09,2022,1,North America,Office Supplies,Art,Corporate,5,0.15,197.7,1.7,0.008598887202832575
2022-05-26,2022,5,Europe,Technology,Accessories,Consumer,2,0.1,2502.12,420.33,0.16798954486595366
2024-02-29,2024,2,Europe,Technology,Copiers,Corporate,6,0.4,2938.31,-131.38,-0.04471277707253489
2021-01-01,2021,1,Europe,Office Supplies,Storage,Home Office,2,0.3,135.86,-10.96,-0.08067127925805977
2023-03-07,2023,3,Asia Pacific,Office Supplies,Storage,Consumer,2,0.2,120.16,-4.1,-0.034121171770972035
2021-07-02,2021,7,Asia Pacific,Technology,Accessories,Corporate,1,0.4,375.48,-0.58,-0.0015446894641525512
2023-06-12,2023,6,Europe,Office Supplies,Art,Consumer,2,0.1,70.4,8.52,0.12102272727272725
2022-01-07,2022,1,North America,Technology,Copiers,Consumer,1,0.1,483.97,67.89,0.14027728991466412
2024-07-20,2024,7,Europe,Office Supplies,Art,Corporate,2,0.15,109.59,2.21,0.020166073546856463
2021-02-24,2021,2,Europe,Office Supplies,Paper,Corporate,3,0.0,109.8,33.82,0.3080145719489982
2022-03-02,2022,3,Europe,Furniture,Furnishings,Home Office,3,0.4,1308.42,-293.62,-0.2244080646887085
2021-04-02,2021,4,North America,Office Supplies,Art,Corporate,1,0.15,41.35,2.02,0.04885126964933494
2024-05-24,2024,5,Europe,Technology,Phones,Corporate,7,0.2,7065.06,631.92,0.08944297712970589
2023-01-04,2023,1,Asia Pacific,Furniture,Bookcases,Home Office,6,0.0,1951.59,195.96,0.10041043456873627
2023-10-03,2023,10,Europe,Furniture,Bookcases,Consumer,1,0.0,387.69,45.78,0.11808403621450128
2022-12-28,2022,12,Europe,Office Supplies,Paper,Consumer,3,0.0,366.26,86.29,0.23559766286244746
2024-09-23,2024,9,Europe,Office Supplies,Art,Corporate,3,0.1,166.59,13.6,0.08163755327450627
2024-12-23,2024,12,Europe,Furniture,Furnishings,Home Office,1,0.0,325.79,35.46,0.10884311980109887
2022-01-23,2022,1,North America,Office Supplies,Storage,Corporate,3,0.2,190.79,5.38,0.02819854290057131
2021-04-05,2021,4,Latin America,Technology,Phones,Consumer,1,0.0,441.55,115.23,0.26096704789944514
2022-04-01,2022,4,North America,Furniture,Bookcases,Consumer,1,0.4,278.52,-76.4,-0.2743070515582364
2022-04-27,2022,4,Latin America,Office Supplies,Storage,Home Office,4,0.0,178.3,25.88,0.1451486259113853
2024-09-11,2024,9,North America,Technology,Phones,Home Office,2,0.0,1163.4,257.82,0.22160907684373385
2024-07-03,2024,7,Latin America,Technology,Laptops,Consumer,3,0.0,1733.24,541.28,0.3122937388936327
2021-03-04,2021,3,Asia Pacific,Office Supplies,Art,Home Office,4,0.2,173.36,24.45,0.14103599446239037
2022-11-15,2022,11,Europe,Technology,Laptops,Corporate,4,0.0,6944.32,1648.09,0.23732921293949588
2023-09-29,2023,9,North America,Office Supplies,Binders,Consumer,1,0.15,120.57,0.27,0.002239363025628266
2022-11-09,2022,11,North America,Furniture,Bookcases,Consumer,1,0.0,494.15,63.41,0.12832135991095822
2023-01-24,2023,1,North America,Furniture,Chairs,Consumer,1,0.3,257.78,-63.13,-0.24489875087283733
2022-09-15,2022,9,Latin America,Office Supplies,Paper,Corporate,2,0.3,102.59,-8.3,-0.0809045715956721
2022-09-05,2022,9,North America,Furniture,Furnishings,Corporate,3,0.3,734.24,-141.22,-0.19233493135759425
2021-07-23,2021,7,Asia Pacific,Office Supplies,Binders,Consumer,4,0.0,208.92,35.66,0.1706873444380624
2023-09-13,2023,9,North America,Office Supplies,Paper,Consumer,2,0.0,114.24,22.91,0.20054271708683474
2024-07-02,2024,7,North America,Technology,Phones,Consumer,6,0.0,2884.6,703.79,0.24398183456978437
2024-05-13,2024,5,Europe,Technology,Copiers,Consumer,2,0.5,1034.22,-120.24,-0.11626153042872889
2024-11-01,2024,11,Latin America,Technology,Phones,Corporate,4,0.0,3095.25,791.22,0.2556239399079234
2024-11-20,2024,11,Europe,Technology,Copiers,Corporate,5,0.1,5080.4,1007.78,0.19836627037241164
2024-03-09,2024,3,Latin America,Technology,Accessories,Corporate,2,0.15,1651.91,170.47,0.10319569468070294
2022-10-01,2022,10,Europe,Office Supplies,Binders,Corporate,3,0.0,162.4,28.52,0.17561576354679803
2024-12-19,2024,12,Europe,Office Supplies,Art,Consumer,3,0.1,436.46,23.72,0.05434633185171608
2021-08-29,2021,8,North America,Office Supplies,Art,Consumer,5,0.0,266.86,33.12,0.12411002023532937
2021-05-25,2021,5,Europe,Office Supplies,Storage,Corporate,1,0.15,47.27,8.1,0.17135603977152525
2024-05-19,2024,5,Asia Pacific,Furniture,Tables,Corporate,2,0.2,366.86,-22.84,-0.06225808210216431
2021-12-26,2021,12,Asia Pacific,Technology,Phones,Home Office,5,0.15,3590.91,592.13,0.1648969202792607
2024-02-04,2024,2,North America,Office Supplies,Storage,Home Office,2,0.15,60.06,6.63,0.11038961038961038
2024-01-24,2024,1,Asia Pacific,Office Supplies,Binders,Consumer,3,0.4,224.9,-54.46,-0.2421520675855936
2023-05-22,2023,5,North America,Furniture,Furnishings,Home Office,4,0.0,472.14,72.27,0.15306900495615708
2022-01-28,2022,1,Europe,Office Supplies,Paper,Home Office,1,0.0,72.46,15.65,0.21598123102401326
2021-07-16,2021,7,Europe,Office Supplies,Storage,Home Office,5,0.0,355.42,65.93,0.18549884643520342
2022-04-17,2022,4,Middle East & Africa,Office Supplies,Paper,Corporate,1,0.0,69.28,14.18,0.20467667436489606
2022-07-29,2022,7,Europe,Furniture,Furnishings,Consumer,4,0.15,1149.35,-4.82,-0.0041936746856919135
2021-01-13,2021,1,Middle East & Africa,Technology,Accessories,Corporate,2,0.4,824.39,-3.38,-0.00410000121301811
2021-10-30,2021,10,Europe,Office Supplies,Paper,Consumer,3,0.1,154.51,29.34,0.18989062196621578
2021-12-27,2021,12,Latin America,Technology,Laptops,Consumer,2,0.2,1383.14,117.19,0.08472750408490824
2024-01-28,2024,1,North America,Office Supplies,Binders,Consumer,1,0.0,66.37,16.65,0.25086635528100043
2022-07-22,2022,7,North America,Technology,Phones,Corporate,1,0.0,425.62,124.54,0.2926084300549786
2021-06-16,2021,6,Europe,Office Supplies,Paper,Corporate,4,0.15,243.97,27.97,0.11464524326761487
2021-01-16,2021,1,Asia Pacific,Technology,Copiers,Corporate,1,0.15,376.55,14.07,0.037365555703093876
2024-02-27,2024,2,Latin America,Office Supplies,Art,Corporate,3,0.0,212.94,61.28,0.2877805954729032
2024-03-05,2024,3,Europe,Furniture,Bookcases,Home Office,2,0.0,804.18,103.9,0.1291999303638489
2022-02-23,2022,2,Asia Pacific,Technology,Copiers,Consumer,5,0.4,2051.91,-9.5,-0.004629832692467019
2023-12-15,2023,12,Asia Pacific,Technology,Copiers,Home Office,1,0.1,906.21,184.97,0.2041138367486565
2021-01-13,2021,1,North America,Technology,Phones,Consumer,2,0.1,1322.47,144.22,0.10905351350125145
2021-08-16,2021,8,Europe,Furniture,Chairs,Home Office,2,0.0,485.96,61.85,0.12727384969956376
2022-03-10,2022,3,Asia Pacific,Office Supplies,Art,Corporate,1,0.15,60.7,-2.63,-0.043327841845140026
2021-08-02,2021,8,North America,Office Supplies,Art,Home Office,3,0.3,136.95,-18.33,-0.13384446878422782
2024-05-24,2024,5,Europe,Office Supplies,Art,Consumer,1,0.15,69.5,6.19,0.08906474820143885
2021-06-06,2021,6,Europe,Office Supplies,Binders,Consumer,2,0.0,96.74,19.3,0.19950382468472194
2022-04-16,2022,4,Middle East & Africa,Technology,Accessories,Consumer,2,0.2,929.09,42.98,0.04626031923710296
2023-07-30,2023,7,Asia Pacific,Technology,Laptops,Consumer,2,0.0,1197.17,287.21,0.23990744839914127
2023-02-10,2023,2,Latin America,Office Supplies,Storage,Corporate,4,0.3,188.57,-20.02,-0.10616747096568914
2024-03-18,2024,3,Europe,Technology,Phones,Corporate,2,0.15,965.17,179.56,0.18603976501548952
2022-01-07,2022,1,Asia Pacific,Technology,Phones,Home Office,2,0.2,764.73,84.69,0.11074496881252206
2022-03-24,2022,3,North America,Office Supplies,Storage,Corporate,3,0.15,210.62,18.57,0.0881682651220207
2022-11-29,2022,11,Asia Pacific,Technology,Accessories,Home Office,1,0.15,1039.01,199.28,0.19179796152106332
2021-04-15,2021,4,Middle East & Africa,Technology,Laptops,Corporate,2,0.5,648.21,-130.59,-0.20146248900819178
2024-10-05,2024,10,North America,Furniture,Tables,Consumer,6,0.0,2154.81,197.67,0.09173430604090384
2021-08-02,2021,8,Latin America,Office Supplies,Binders,Home Office,6,0.0,164.81,35.33,0.2143680601905224
2022-04-01,2022,4,North America,Office Supplies,Storage,Consumer,3,0.4,279.2,-53.44,-0.19140401146131805
2022-03-01,2022,3,Asia Pacific,Technology,Accessories,Consumer,1,0.2,386.8,53.74,0.1389348500517063
2021-05-03,2021,5,North America,Office Supplies,Paper,Consumer,1,0.0,42.47,9.55,0.22486461031316227
2024-12-03,2024,12,Europe,Furniture,Bookcases,Consumer,2,0.15,615.07,-35.72,-0.058074690685613016
2023-01-04,2023,1,Europe,Furniture,Tables,Home Office,4,0.0,1879.43,290.37,0.15449897043252475
2024-11-15,2024,11,North America,Office Supplies,Storage,Consumer,4,0.15,723.51,7.72,0.01067020497297895
2022-08-13,2022,8,Latin America,Office Supplies,Storage,Home Office,6,0.0,274.31,31.8,0.11592723560934709
2021-03-02,2021,3,Europe,Office Supplies,Art,Consumer,4,0.0,355.2,68.31,0.1923141891891892
2024-12-28,2024,12,Asia Pacific,Technology,Laptops,Consumer,2,0.15,1304.41,78.12,0.05988914528407479
2024-09-09,2024,9,Europe,Office Supplies,Art,Consumer,4,0.2,192.92,7.81,0.040483101803856524
2023-03-13,2023,3,Asia Pacific,Furniture,Tables,Home Office,2,0.0,380.7,26.71,0.07016023115313896
2023-10-08,2023,10,Europe,Office Supplies,Binders,Consumer,2,0.2,130.39,5.25,0.04026382391287676
2021-12-12,2021,12,North America,Office Supplies,Art,Corporate,3,0.2,267.17,41.65,0.15589325148781674
2021-11-06,2021,11,Asia Pacific,Office Supplies,Paper,Consumer,8,0.5,641.45,-175.01,-0.27283498324109434
2022-07-05,2022,7,Europe,Office Supplies,Paper,Consumer,1,0.15,43.62,3.76,0.08619899128839982
2021-05-15,2021,5,Europe,Office Supplies,Storage,Corporate,1,0.0,70.21,11.3,0.16094573422589378
2022-02-24,2022,2,Latin America,Office Supplies,Paper,Corporate,4,0.15,109.63,-0.7,-0.006385113563805528
2021-12-05,2021,12,North America,Furniture,Furnishings,Home Office,2,0.0,838.37,139.42,0.16629888951179073
2023-09-23,2023,9,Asia Pacific,Technology,Laptops,Corporate,2,0.2,1359.4,103.23,0.0759379137854936
2023-09-29,2023,9,Asia Pacific,Furniture,Chairs,Consumer,3,0.1,1746.42,48.4,0.02771383745032695
2023-08-19,2023,8,North America,Office Supplies,Binders,Home Office,3,0.15,339.66,-4.99,-0.014691161749985278
2022-01-02,2022,1,Asia Pacific,Technology,Copiers,Corporate,3,0.4,1612.97,31.64,0.01961598789810102
2021-11-28,2021,11,North America,Technology,Accessories,Consumer,5,0.15,1922.27,324.55,0.16883684393971712
2021-10-20,2021,10,North America,Office Supplies,Art,Corporate,1,0.2,43.15,0.91,0.021089223638470454
2023-06-23,2023,6,North America,Technology,Phones,Consumer,2,0.0,1024.59,270.9,0.26439844230375076
2024-07-27,2024,7,North America,Office Supplies,Art,Home Office,2,0.2,162.9,-3.04,-0.018661755678330262
2023-11-07,2023,11,North America,Office Supplies,Storage,Home Office,3,0.2,319.08,18.05,0.056568885545944594
2022-10-08,2022,10,Asia Pacific,Technology,Accessories,Consumer,5,0.15,2219.58,72.5,0.032663837302552734
2024-12-27,2024,12,North America,Technology,Accessories,Corporate,1,0.0,1443.3,403.32,0.27944294325504054
2021-04-06,2021,4,Europe,Office Supplies,Storage,Corporate,1,0.0,68.31,16.65,0.24374176548089588
2022-03-04,2022,3,North America,Furniture,Chairs,Home Office,2,0.1,658.52,29.76,0.045192249286278324
2024-04-15,2024,4,Europe,Office Supplies,Paper,Corporate,4,0.1,330.92,22.74,0.06871751480720414
2024-12-15,2024,12,Middle East & Africa,Office Supplies,Storage,Consumer,2,0.3,255.36,-29.53,-0.115640664160401
2023-07-11,2023,7,Latin America,Technology,Phones,Consumer,1,0.0,747.26,216.29,0.2894441024542997
2024-04-02,2024,4,North America,Furniture,Furnishings,Corporate,4,0.0,1429.68,185.75,0.12992417883722232
2021-05-03,2021,5,North America,Technology,Laptops,Corporate,5,0.3,1854.42,6.79,0.003661522201011637
2023-10-07,2023,10,Asia Pacific,Technology,Accessories,Corporate,2,0.0,1147.29,228.34,0.19902552972657306
2021-10-06,2021,10,Europe,Furniture,Chairs,Home Office,5,0.0,1403.46,106.35,0.07577700825103671
2024-02-27,2024,2,North America,Technology,Accessories,Home Office,2,0.15,904.76,97.99,0.10830496485255758
2024-04-16,2024,4,Europe,Office Supplies,Binders,Consumer,3,0.1,138.87,9.54,0.06869734283862604
2022-11-22,2022,11,Asia Pacific,Furniture,Tables,Corporate,1,0.1,451.95,-6.28,-0.013895342405133312
2021-10-08,2021,10,North America,Office Supplies,Storage,Corporate,3,0.1,196.35,14.79,0.07532467532467532
2023-10-08,2023,10,Asia Pacific,Furniture,Furnishings,Consumer,3,0.2,1173.39,-101.1,-0.08616061156137345
2021-10-22,2021,10,Asia Pacific,Office Supplies,Art,Consumer,6,0.0,449.42,87.76,0.19527390859329805
2021-05-19,2021,5,Asia Pacific,Office Supplies,Binders,Consumer,3,0.1,171.66,11.8,0.06874053361295585
2024-06-02,2024,6,Asia Pacific,Office Supplies,Art,Consumer,1,0.15,86.82,4.21,0.04849113107578899
2022-06-27,2022,6,Europe,Office Supplies,Binders,Consumer,1,0.15,73.41,7.55,0.10284702356627162
2023-12-21,2023,12,North America,Office Supplies,Storage,Corporate,3,0.4,330.9,-33.89,-0.1024176488365065
2021-02-09,2021,2,North America,Technology,Laptops,Corporate,3,0.1,548.58,120.55,0.21974917058587623
2021-03-23,2021,3,Middle East & Africa,Office Supplies,Paper,Consumer,4,0.2,304.78,6.54,0.021458100925257566
2021-05-31,2021,5,Middle East & Africa,Furniture,Tables,Corporate,5,0.2,1487.11,-134.65,-0.09054474786666758
2022-03-07,2022,3,Europe,Furniture,Furnishings,Consumer,3,0.15,583.86,-29.34,-0.05025177268523276
2022-09-06,2022,9,Europe,Office Supplies,Art,Corporate,1,0.2,40.99,0.94,0.02293242254208343
2023-11-27,2023,11,Europe,Technology,Accessories,Home Office,6,0.1,4112.01,678.31,0.16495825642447365
2021-04-19,2021,4,Latin America,Office Supplies,Paper,Corporate,1,0.1,45.6,5.13,0.11249999999999999
2021-09-05,2021,9,Latin America,Office Supplies,Storage,Corporate,4,0.1,212.77,11.72,0.055082953423884945
2021-12-28,2021,12,North America,Office Supplies,Paper,Home Office,1,0.1,84.2,14.34,0.17030878859857482
2024-12-16,2024,12,Asia Pacific,Technology,Copiers,Consumer,2,0.15,1552.58,150.9,0.09719305929485116
2024-02-27,2024,2,Asia Pacific,Office Supplies,Storage,Corporate,1,0.2,40.51,-4.42,-0.1091088620093804
2022-11-12,2022,11,Europe,Technology,Laptops,Consumer,5,0.0,4653.36,1459.64,0.31367442020389574
2023-07-02,2023,7,Asia Pacific,Furniture,Furnishings,Corporate,1,0.0,288.15,53.89,0.18702064896755163
2023-09-20,2023,9,Europe,Technology,Copiers,Home Office,1,0.1,383.51,83.01,0.2164480717582332
2022-04-28,2022,4,Europe,Office Supplies,Art,Home Office,1,0.3,36.13,-2.89,-0.07998892886797675
2023-02-11,2023,2,North America,Technology,Copiers,Consumer,4,0.3,1130.19,78.08,0.06908572894822994
2022-12-15,2022,12,Europe,Furniture,Bookcases,Corporate,5,0.15,3701.43,-138.31,-0.037366639379915335
2021-09-15,2021,9,Europe,Office Supplies,Paper,Home Office,7,0.15,524.27,69.11,0.13182138974192686
2022-06-27,2022,6,Europe,Office Supplies,Storage,Corporate,1,0.0,45.28,7.46,0.16475265017667845
2021-12-16,2021,12,North America,Furniture,Bookcases,Consumer,4,0.1,1535.32,-61.5,-0.040056795977385824
2024-08-29,2024,8,Europe,Office Supplies,Art,Consumer,3,0.15,149.51,2.05,0.013711457427596815
2024-02-08,2024,2,North America,Furniture,Furnishings,Corporate,4,0.5,1446.02,-591.79,-0.4092543671595137
2021-09-13,2021,9,Asia Pacific,Technology,Accessories,Consumer,2,0.0,529.11,127.96,0.24184007106272795
2023-10-19,2023,10,Latin America,Office Supplies,Art,Consumer,1,0.2,72.33,7.14,0.09871422646204894
2023-10-27,2023,10,Latin America,Technology,Copiers,Consumer,5,0.4,1914.61,-14.09,-0.0073592010905615245
2022-06-04,2022,6,Europe,Office Supplies,Art,Corporate,5,0.0,285.28,75.03,0.2630047672462143
2023-03-12,2023,3,North America,Technology,Accessories,Consumer,2,0.1,732.7,70.34,0.09600109185205405
2022-03-09,2022,3,Latin America,Office Supplies,Binders,Consumer,1,0.15,81.17,7.37,0.09079709252186768
2021-09-29,2021,9,Asia Pacific,Office Supplies,Paper,Consumer,3,0.0,117.56,32.17,0.27364749914937053
2023-08-08,2023,8,North America,Furniture,Furnishings,Home Office,4,0.15,1023.43,-35.79,-0.03497063795276668
2024-07-27,2024,7,Asia Pacific,Office Supplies,Binders,Corporate,7,0.1,498.36,77.61,0.15573079701420658
2022-02-16,2022,2,Asia Pacific,Office Supplies,Paper,Consumer,3,0.0,67.19,14.46,0.21521059681500226
2024-03-30,2024,3,Europe,Office Supplies,Art,Corporate,2,0.1,130.26,9.06,0.06955320128972825
2021-12-15,2021,12,Latin America,Office Supplies,Paper,Consumer,2,0.2,142.08,5.31,0.03737331081081081
2021-04-07,2021,4,Europe,Office Supplies,Binders,Home Office,5,0.2,383.84,-2.55,-0.006643393080450187
2023-01-07,2023,1,North America,Office Supplies,Art,Home Office,5,0.5,624.05,-167.14,-0.267831103276981
2021-03-01,2021,3,Asia Pacific,Technology,Phones,Corporate,4,0.1,1108.66,240.52,0.21694658416466725
2022-02-13,2022,2,Asia Pacific,Office Supplies,Storage,Corporate,5,0.0,233.44,21.07,0.09025873886223441
2024-01-12,2024,1,Latin America,Technology,Laptops,Consumer,3,0.2,1366.33,198.15,0.14502353018670455
2022-05-27,2022,5,North America,Office Supplies,Paper,Consumer,3,0.2,254.77,-14.51,-0.05695333045492012
2022-12-26,2022,12,Europe,Office Supplies,Binders,Home Office,1,0.0,57.13,9.71,0.16996324172938912
2021-06-06,2021,6,Asia Pacific,Furniture,Furnishings,Corporate,1,0.1,282.28,4.61,0.016331302253082047
2024-03-22,2024,3,Latin America,Furniture,Bookcases,Consumer,4,0.15,1469.04,-108.24,-0.07368077111583074
2023-11-20,2023,11,North America,Technology,Copiers,Consumer,2,0.2,1371.48,189.04,0.13783649779799922
2023-06-06,2023,6,Europe,Office Supplies,Paper,Consumer,4,0.3,211.75,3.9,0.01841794569067296
2022-09-13,2022,9,North America,Furniture,Bookcases,Home Office,2,0.15,401.67,-25.46,-0.06338536609654692
2023-10-09,2023,10,North America,Technology,Phones,Corporate,2,0.1,621.43,98.52,0.1585375665803067
2023-01-30,2023,1,North America,Technology,Accessories,Consumer,3,0.1,1421.27,253.29,0.17821385099242226
2024-09-15,2024,9,North America,Office Supplies,Storage,Consumer,2,0.2,130.77,0.56,0.00428232775101323
2021-09-29,2021,9,Asia Pacific,Office Supplies,Storage,Consumer,4,0.0,283.04,86.03,0.30394997173544375
2021-11-24,2021,11,North America,Furniture,Chairs,Consumer,7,0.0,4507.14,643.42,0.1427557164853987
2024-01-04,2024,1,Europe,Office Supplies,Binders,Consumer,3,0.4,174.07,-15.71,-0.09025104842879303
2023-09-16,2023,9,Middle East & Africa,Furniture,Chairs,Corporate,3,0.0,1002.39,147.99,0.14763714721814863
2023-06-04,2023,6,North America,Office Supplies,Paper,Home Office,3,0.15,157.36,1.16,0.007371631926792068
2021-03-13,2021,3,North America,Office Supplies,Paper,Consumer,5,0.2,183.09,-1.03,-0.005625648588126058
2023-06-24,2023,6,Asia Pacific,Technology,Accessories,Home Office,6,0.0,1735.33,489.63,0.28215382664968625
2023-06-28,2023,6,Latin America,Technology,Phones,Consumer,1,0.15,447.68,59.58,0.13308613295210864
2024-07-24,2024,7,Middle East & Africa,Office Supplies,Storage,Consumer,5,0.0,329.73,64.85,0.19667606829830464
2023-11-18,2023,11,Europe,Furniture,Bookcases,Consumer,1,0.2,569.18,-17.41,-0.030587863241856708
2022-03-05,2022,3,Latin America,Technology,Accessories,Corporate,2,0.3,1150.77,16.31,0.01417311886823605
2022-06-05,2022,6,Europe,Technology,Phones,Consumer,3,0.2,2057.24,241.48,0.11738056813983785
2021-11-19,2021,11,Europe,Office Supplies,Storage,Consumer,3,0.3,246.52,-44.31,-0.17974200876196658
2021-07-23,2021,7,North America,Furniture,Furnishings,Consumer,4,0.1,1061.74,-15.73,-0.014815303181569876
2022-08-11,2022,8,North America,Office Supplies,Art,Consumer,3,0.15,144.39,-0.11,-0.0007618256111919108
2024-02-12,2024,2,Europe,Office Supplies,Art,Consumer,2,0.0,83.41,8.82,0.10574271670063543
2023-10-16,2023,10,Latin America,Technology,Accessories,Consumer,1,0.0,272.79,59.58,0.21840976575387658
2022-03-01,2022,3,Latin America,Furniture,Furnishings,Consumer,1,0.3,363.07,-53.54,-0.14746467623323326
2022-05-30,2022,5,Asia Pacific,Furniture,Bookcases,Consumer,2,0.0,454.99,85.38,0.1876524758785907
2022-12-03,2022,12,Europe,Office Supplies,Storage,Consumer,1,0.0,66.13,8.74,0.1321639195523968
2023-01-13,2023,1,North America,Furniture,Bookcases,Corporate,3,0.4,770.77,-223.52,-0.2899957185671472
2024-11-30,2024,11,Europe,Technology,Copiers,Consumer,2,0.1,2344.36,437.39,0.18657117507550033
2021-10-31,2021,10,Asia Pacific,Office Supplies,Art,Consumer,2,0.0,99.91,28.7,0.2872585326794115
2021-01-17,2021,1,Latin America,Office Supplies,Paper,Corporate,2,0.15,118.83,14.29,0.12025582765294959
2022-02-07,2022,2,Latin America,Furniture,Bookcases,Consumer,7,0.1,1098.62,16.98,0.015455753581766218
2022-08-11,2022,8,Europe,Office Supplies,Storage,Consumer,9,0.0,597.42,134.03,0.22434802986173882
2023-10-17,2023,10,Asia Pacific,Office Supplies,Art,Corporate,4,0.3,339.59,-26.35,-0.07759356871521542
2022-11-06,2022,11,Europe,Office Supplies,Paper,Consumer,2,0.0,158.42,20.49,0.1293397298320919
2021-12-01,2021,12,North America,Furniture,Bookcases,Home Office,3,0.15,1360.37,-97.56,-0.07171578320603954
2023-07-04,2023,7,North America,Office Supplies,Art,Corporate,4,0.1,209.63,30.08,0.14349091256022514
2024-03-01,2024,3,Latin America,Furniture,Tables,Consumer,1,0.1,155.83,1.31,0.008406596932554706
2022-12-28,2022,12,Europe,Office Supplies,Art,Consumer,2,0.2,181.35,-14.55,-0.08023159636062863
2023-10-29,2023,10,Asia Pacific,Technology,Copiers,Home Office,1,0.3,412.22,20.31,0.04926980738440638
2024-04-17,2024,4,Middle East & Africa,Office Supplies,Storage,Consumer,4,0.0,161.82,52.31,0.3232604128043505
2024-02-19,2024,2,Latin America,Office Supplies,Paper,Corporate,2,0.0,88.29,19.09,0.21621927738135688
2024-04-24,2024,4,North America,Office Supplies,Binders,Consumer,2,0.15,266.58,20.25,0.07596218771100609
2024-03-31,2024,3,Asia Pacific,Technology,Phones,Home Office,2,0.3,789.14,9.89,0.012532630458473783
2022-12-31,2022,12,Europe,Office Supplies,Binders,Corporate,5,0.2,752.97,37.23,0.04944420096418183
2021-12-06,2021,12,Latin America,Technology,Accessories,Home Office,3,0.0,1994.61,580.79,0.2911797293706539
2022-09-30,2022,9,Latin America,Office Supplies,Paper,Consumer,5,0.0,486.61,85.71,0.17613694745278557
2022-05-13,2022,5,North America,Office Supplies,Art,Consumer,4,0.0,307.13,54.77,0.17832839514212223
2021-07-02,2021,7,North America,Office Supplies,Binders,Consumer,3,0.0,113.09,21.14,0.1869307631090282
2023-01-25,2023,1,Europe,Furniture,Furnishings,Home Office,4,0.2,615.01,-21.99,-0.03575551617046877
2023-11-01,2023,11,Europe,Technology,Phones,Corporate,6,0.1,1610.01,286.61,0.17801752784144198
2021-09-17,2021,9,North America,Furniture,Furnishings,Consumer,1,0.0,142.82,2.31,0.01617420529337628
2022-01-06,2022,1,North America,Furniture,Bookcases,Corporate,2,0.1,598.53,2.91,0.0048619116836248815
2023-04-29,2023,4,Europe,Office Supplies,Paper,Corporate,3,0.1,94.94,11.34,0.11944385927954498
2021-12-03,2021,12,North America,Technology,Phones,Corporate,6,0.3,5323.75,208.66,0.03919417703686311
2022-11-27,2022,11,Europe,Office Supplies,Storage,Consumer,3,0.5,255.07,-74.98,-0.2939585211902615
2024-08-25,2024,8,North America,Office Supplies,Art,Consumer,1,0.15,30.45,2.13,0.06995073891625615
2024-10-12,2024,10,Europe,Technology,Accessories,Consumer,2,0.0,1248.66,313.46,0.25103711178383226
2023-12-30,2023,12,Asia Pacific,Office Supplies,Storage,Consumer,2,0.15,301.24,27.52,0.09135572965077679
2024-08-05,2024,8,Asia Pacific,Office Supplies,Binders,Corporate,2,0.1,95.05,0.13,0.001367701209889532
2023-01-24,2023,1,North America,Office Supplies,Art,Corporate,4,0.15,264.8,13.58,0.05128398791540785
2022-06-13,2022,6,Europe,Technology,Copiers,Corporate,2,0.1,710.95,165.5,0.23278711583093042
2022-06-30,2022,6,Latin America,Furniture,Furnishings,Corporate,2,0.2,785.95,-15.95,-0.02029391182645206
2024-09-23,2024,9,Europe,Technology,Copiers,Consumer,4,0.2,1860.59,261.16,0.14036407806126017
2022-02-11,2022,2,Latin America,Office Supplies,Art,Consumer,1,0.1,69.75,9.25,0.13261648745519714
2022-08-01,2022,8,Europe,Office Supplies,Paper,Consumer,6,0.3,381.35,-34.72,-0.0910449718106726
2024-12-03,2024,12,Europe,Office Supplies,Paper,Consumer,6,0.15,598.07,48.04,0.08032504556322838
2021-04-25,2021,4,Europe,Office Supplies,Paper,Consumer,3,0.1,122.03,6.7,0.05490453167253954
2023-10-27,2023,10,Asia Pacific,Furniture,Tables,Corporate,5,0.1,1102.64,-111.89,-0.10147464267575998
2021-11-28,2021,11,North America,Furniture,Chairs,Consumer,1,0.0,555.4,83.92,0.1510983075261073
2021-12-18,2021,12,Latin America,Technology,Laptops,Consumer,4,0.3,1923.5,18.9,0.009825838315570573
2024-11-29,2024,11,Asia Pacific,Office Supplies,Art,Corporate,1,0.1,138.22,17.49,0.1265374041383302
2022-11-15,2022,11,Europe,Furniture,Bookcases,Corporate,9,0.2,3201.17,-181.93,-0.05683234567361309
2022-11-01,2022,11,Europe,Office Supplies,Storage,Consumer,1,0.0,64.97,12.2,0.18777897491149761
2022-03-21,2022,3,North America,Office Supplies,Binders,Corporate,4,0.0,137.87,18.05,0.13092043229128889
2022-08-07,2022,8,North America,Office Supplies,Art,Corporate,4,0.15,188.64,27.49,0.1457273112807464
2024-07-10,2024,7,Europe,Office Supplies,Storage,Consumer,1,0.0,110.38,19.25,0.17439753578546838
2021-01-07,2021,1,Europe,Office Supplies,Binders,Home Office,1,0.2,41.31,-2.55,-0.061728395061728385
2022-11-14,2022,11,Europe,Office Supplies,Art,Consumer,7,0.1,290.79,29.04,0.0998658825956876
2023-01-17,2023,1,Asia Pacific,Office Supplies,Storage,Consumer,4,0.4,292.66,-55.55,-0.18981070183831064
2021-02-26,2021,2,Europe,Technology,Copiers,Corporate,1,0.1,276.67,57.98,0.20956374019590124
2021-01-08,2021,1,Latin America,Furniture,Chairs,Home Office,3,0.3,591.78,-85.27,-0.14409070938524451
2023-09-15,2023,9,Europe,Furniture,Bookcases,Corporate,5,0.1,1428.15,103.85,0.07271645135314916
2024-04-09,2024,4,Asia Pacific,Office Supplies,Art,Consumer,6,0.15,242.8,9.63,0.03966227347611203
2024-03-03,2024,3,Latin America,Technology,Copiers,Corporate,4,0.2,2122.17,95.4,0.04495398577870764
2023-03-06,2023,3,Latin America,Furniture,Chairs,Corporate,2,0.2,897.53,-87.44,-0.09742292736733034
2022-01-07,2022,1,Europe,Office Supplies,Paper,Consumer,1,0.1,59.2,5.2,0.08783783783783784
2023-11-26,2023,11,Middle East & Africa,Technology,Copiers,Corporate,3,0.15,2048.49,252.73,0.12337380216647385
2023-05-29,2023,5,North America,Furniture,Bookcases,Consumer,4,0.15,1365.79,-131.88,-0.09655950036242761
2022-07-01,2022,7,Europe,Office Supplies,Art,Consumer,3,0.1,175.1,14.92,0.08520845231296402
2023-01-28,2023,1,Asia Pacific,Furniture,Tables,Corporate,4,0.1,1320.39,-13.38,-0.010133369686229068
2021-09-21,2021,9,Asia Pacific,Furniture,Tables,Consumer,3,0.2,419.21,-12.08,-0.0288161064860094
2023-06-15,2023,6,Asia Pacific,Technology,Accessories,Consumer,3,0.0,2033.8,444.86,0.21873340544793
2022-10-19,2022,10,North America,Office Supplies,Art,Consumer,2,0.15,160.9,-2.58,-0.01603480422622747
2022-06-01,2022,6,Asia Pacific,Technology,Copiers,Corporate,6,0.2,3623.15,310.09,0.08558574720892041
2024-05-18,2024,5,North America,Office Supplies,Art,Consumer,1,0.5,34.0,-11.07,-0.3255882352941177
2024-08-07,2024,8,Asia Pacific,Office Supplies,Binders,Corporate,3,0.1,147.34,19.27,0.13078593728790552
2023-11-30,2023,11,Europe,Technology,Laptops,Home Office,4,0.2,2060.82,183.3,0.08894517716248872
2022-03-09,2022,3,Latin America,Technology,Phones,Home Office,5,0.3,3461.05,-20.7,-0.005980843963537076
2024-10-12,2024,10,Asia Pacific,Furniture,Bookcases,Consumer,5,0.15,1912.58,57.84,0.030241872235409764
2024-02-19,2024,2,Asia Pacific,Office Supplies,Art,Consumer,2,0.2,113.8,11.57,0.10166959578207382
2022-06-01,2022,6,Europe,Office Supplies,Art,Consumer,2,0.0,71.07,16.84,0.23694948642183764
2024-12-29,2024,12,Europe,Office Supplies,Art,Consumer,3,0.3,219.96,4.6,0.020912893253318784
2023-09-17,2023,9,Europe,Office Supplies,Storage,Corporate,4,0.0,370.84,56.43,0.1521680509114443
2021-10-01,2021,10,Asia Pacific,Office Supplies,Paper,Consumer,5,0.5,170.92,-40.63,-0.2377135501989235
2024-06-17,2024,6,Europe,Office Supplies,Storage,Consumer,4,0.15,331.69,1.86,0.005607645693267811
2023-03-02,2023,3,Middle East & Africa,Office Supplies,Binders,Corporate,5,0.1,264.91,12.98,0.04899777282850779
2023-05-23,2023,5,Asia Pacific,Office Supplies,Storage,Consumer,3,0.1,341.16,56.18,0.16467346699495836
2022-09-23,2022,9,Latin America,Office Supplies,Storage,Consumer,1,0.2,114.0,1.92,0.016842105263157894
2022-04-05,2022,4,Asia Pacific,Furniture,Tables,Consumer,2,0.4,431.12,-86.45,-0.20052421599554648
2022-03-14,2022,3,North America,Technology,Laptops,Consumer,3,0.3,1777.4,150.3,0.08456171936536515
2023-03-06,2023,3,Europe,Furniture,Furnishings,Consumer,1,0.0,186.82,19.35,0.10357563430039611
2023-04-02,2023,4,Asia Pacific,Furniture,Tables,Consumer,5,0.0,1424.56,266.08,0.1867804795866794
2022-01-08,2022,1,North America,Furniture,Furnishings,Corporate,3,0.0,926.85,57.79,0.06235097372821923
2023-07-31,2023,7,North America,Office Supplies,Art,Home Office,5,0.1,426.64,63.38,0.148556159759985
2021-11-28,2021,11,Middle East & Africa,Technology,Laptops,Consumer,3,0.2,2582.02,-55.04,-0.0213166435581444
2024-07-18,2024,7,Asia Pacific,Office Supplies,Binders,Corporate,1,0.0,121.04,29.13,0.24066424322538002
2024-10-24,2024,10,Europe,Technology,Accessories,Corporate,5,0.0,2342.44,808.32,0.34507607452058536
2024-11-17,2024,11,Asia Pacific,Technology,Accessories,Home Office,2,0.3,1613.11,-47.13,-0.029216854399266017
2023-08-07,2023,8,North America,Office Supplies,Storage,Corporate,1,0.0,47.17,5.45,0.11553953784184863
2023-11-15,2023,11,North America,Furniture,Bookcases,Consumer,3,0.4,1624.85,-457.39,-0.28149675354648124
2023-05-05,2023,5,North America,Technology,Laptops,Corporate,5,0.0,1695.59,415.65,0.2451359113936742
2023-05-07,2023,5,Latin America,Technology,Accessories,Consumer,1,0.1,386.96,55.4,0.14316725242919165
2023-05-20,2023,5,Asia Pacific,Technology,Laptops,Consumer,2,0.0,1141.87,371.11,0.32500197045197793
2024-06-06,2024,6,Asia Pacific,Furniture,Furnishings,Home Office,1,0.1,351.28,-29.8,-0.08483261216123891
2022-10-03,2022,10,Europe,Office Supplies,Art,Corporate,1,0.1,53.07,5.93,0.1117392123610326
2022-11-19,2022,11,North America,Furniture,Chairs,Home Office,5,0.15,3302.35,-470.8,-0.14256514300422427
2021-10-30,2021,10,Asia Pacific,Office Supplies,Art,Corporate,3,0.1,259.12,15.35,0.05923896264279098
2024-07-21,2024,7,Asia Pacific,Furniture,Bookcases,Consumer,3,0.2,1616.28,-223.95,-0.13855891305961837
2024-01-04,2024,1,Europe,Office Supplies,Storage,Consumer,4,0.1,427.57,46.35,0.10840330238323549
2021-09-04,2021,9,Latin America,Office Supplies,Storage,Home Office,2,0.15,127.63,-1.05,-0.008226905899866804
2024-09-12,2024,9,North America,Office Supplies,Binders,Home Office,2,0.0,63.01,9.07,0.1439454054911919
2024-03-17,2024,3,Middle East & Africa,Office Supplies,Binders,Consumer,1,0.3,125.21,-8.57,-0.06844501237920295
2021-06-04,2021,6,North America,Technology,Laptops,Consumer,6,0.2,3186.76,456.51,0.1432520804829984
2021-04-06,2021,4,North America,Furniture,Chairs,Consumer,2,0.2,990.38,-127.38,-0.12861729841071104
2024-01-03,2024,1,Asia Pacific,Office Supplies,Art,Consumer,3,0.0,291.18,89.28,0.3066144652792087
2024-03-04,2024,3,Europe,Office Supplies,Paper,Corporate,7,0.4,817.81,-68.22,-0.0834179088052237
2023-06-13,2023,6,Asia Pacific,Technology,Copiers,Consumer,3,0.2,2055.22,-2.69,-0.0013088623115773495
2023-01-28,2023,1,Middle East & Africa,Furniture,Bookcases,Consumer,5,0.5,926.58,-325.3,-0.351075999913661
2023-10-17,2023,10,Latin America,Technology,Phones,Consumer,7,0.2,2549.09,325.51,0.12769655053371987
2022-10-31,2022,10,Asia Pacific,Furniture,Tables,Consumer,6,0.0,1379.54,249.92,0.18116183655421372
2023-09-06,2023,9,Europe,Office Supplies,Binders,Consumer,3,0.15,177.45,0.75,0.00422654268808115
2021-03-09,2021,3,Europe,Office Supplies,Paper,Consumer,2,0.4,59.23,-10.03,-0.1693398615566436
2022-11-23,2022,11,North America,Technology,Accessories,Home Office,2,0.3,2038.75,18.94,0.009290006131207848
2023-03-18,2023,3,Asia Pacific,Technology,Phones,Corporate,2,0.3,1001.23,-10.94,-0.010926560330793124
2021-09-11,2021,9,Europe,Technology,Phones,Consumer,4,0.5,3954.85,-358.45,-0.09063554875659001
2024-10-30,2024,10,Asia Pacific,Technology,Phones,Corporate,2,0.0,1999.85,594.79,0.29741730629797236
2024-03-11,2024,3,Asia Pacific,Office Supplies,Paper,Consumer,2,0.15,165.18,24.9,0.1507446422084998
2023-01-25,2023,1,Latin America,Office Supplies,Paper,Consumer,2,0.0,136.79,34.5,0.2522114189633745
2021-03-31,2021,3,Europe,Office Supplies,Binders,Consumer,4,0.1,197.97,14.34,0.07243521745719049
2021-10-21,2021,10,North America,Office Supplies,Paper,Consumer,3,0.0,244.24,29.99,0.12278905994104158
2023-09-14,2023,9,Middle East & Africa,Furniture,Bookcases,Consumer,1,0.1,161.27,10.24,0.06349600049606251
2024-08-06,2024,8,Europe,Office Supplies,Binders,Corporate,3,0.1,293.23,40.02,0.13647989632711524
2023-12-04,2023,12,North America,Furniture,Tables,Corporate,3,0.0,831.93,46.1,0.055413316024184735
2024-02-06,2024,2,Asia Pacific,Furniture,Chairs,Home Office,4,0.0,1157.32,54.98,0.04750630767635572
2024-11-28,2024,11,North America,Furniture,Bookcases,Corporate,3,0.2,2117.57,-188.16,-0.08885656672506693
2022-01-09,2022,1,Europe,Office Supplies,Art,Corporate,4,0.0,237.25,46.86,0.19751317175974709
2024-09-08,2024,9,Europe,Office Supplies,Binders,Corporate,4,0.1,282.52,10.91,0.038616735098400114
2023-04-26,2023,4,North America,Office Supplies,Paper,Consumer,2,0.1,85.27,13.32,0.15620968687697903
2024-11-05,2024,11,Europe,Technology,Phones,Home Office,2,0.0,2074.65,751.36,0.3621622924348685
2021-05-21,2021,5,North America,Technology,Laptops,Corporate,5,0.0,1466.83,463.59,0.3160488945549246
2023-03-04,2023,3,North America,Technology,Phones,Consumer,9,0.2,1817.18,259.91,0.14302930914934128
2021-11-30,2021,11,Asia Pacific,Office Supplies,Art,Consumer,2,0.3,254.68,-51.72,-0.20307837286005967
2022-08-24,2022,8,Europe,Furniture,Bookcases,Corporate,2,0.1,807.03,46.81,0.05800280039155918
2024-03-12,2024,3,Europe,Technology,Phones,Home Office,3,0.2,1563.14,141.7,0.09065086940389215
2023-02-16,2023,2,North America,Office Supplies,Art,Consumer,2,0.2,70.81,3.77,0.05324106764581274
2023-09-29,2023,9,Latin America,Technology,Laptops,Consumer,1,0.0,850.57,217.22,0.25538168522285054
2022-09-04,2022,9,Latin America,Office Supplies,Paper,Consumer,2,0.0,108.94,24.14,0.22158986598127411
2023-01-12,2023,1,Latin America,Furniture,Bookcases,Corporate,5,0.0,2914.9,505.47,0.1734090363305774
2024-04-25,2024,4,Asia Pacific,Office Supplies,Art,Corporate,7,0.3,323.54,-55.9,-0.17277616368918833
2022-02-27,2022,2,North America,Office Supplies,Paper,Consumer,5,0.0,303.45,69.86,0.23021914648212227
2021-07-15,2021,7,North America,Office Supplies,Storage,Corporate,4,0.0,382.53,56.45,0.1475701252189371
2021-10-17,2021,10,Europe,Office Supplies,Paper,Consumer,2,0.0,85.79,11.22,0.1307844737148852
2024-04-23,2024,4,Latin America,Office Supplies,Art,Corporate,4,0.3,392.74,-13.0,-0.033100779141416715
2022-05-04,2022,5,North America,Office Supplies,Art,Consumer,2,0.0,106.26,13.45,0.12657632222849613
2022-11-02,2022,11,North America,Technology,Accessories,Consumer,2,0.15,935.44,126.51,0.1352411699307278
2021-04-22,2021,4,Europe,Furniture,Tables,Home Office,2,0.15,312.01,-13.26,-0.04249863786417102
2024-07-19,2024,7,North America,Furniture,Tables,Corporate,3,0.0,913.32,96.8,0.10598694871457977
2023-07-14,2023,7,Europe,Office Supplies,Binders,Consumer,5,0.15,570.05,-29.32,-0.051434084729409704
2024-03-27,2024,3,Europe,Furniture,Tables,Corporate,3,0.4,1304.97,-345.62,-0.2648490003601615
2023-01-12,2023,1,North America,Furniture,Chairs,Consumer,2,0.0,934.88,121.76,0.13024131439329112
2023-08-30,2023,8,North America,Office Supplies,Art,Consumer,3,0.15,172.66,10.31,0.05971273022124407
2022-03-13,2022,3,Asia Pacific,Office Supplies,Paper,Consumer,4,0.2,200.51,4.85,0.024188319784549397
2021-08-12,2021,8,Europe,Technology,Phones,Corporate,3,0.1,658.9,77.54,0.11768098345727729
2023-07-21,2023,7,North America,Office Supplies,Binders,Consumer,4,0.1,145.17,25.64,0.1766205138802783
2022-10-12,2022,10,North America,Technology,Phones,Home Office,1,0.0,422.1,116.18,0.2752428334517887
2022-05-21,2022,5,North America,Technology,Laptops,Corporate,2,0.15,538.16,45.91,0.08530920172439423
2024-02-18,2024,2,Middle East & Africa,Office Supplies,Binders,Corporate,2,0.0,111.54,20.43,0.18316299085529852
2024-06-06,2024,6,Asia Pacific,Office Supplies,Art,Consumer,6,0.3,451.44,-17.37,-0.0384768740031898
2021-12-07,2021,12,Europe,Office Supplies,Paper,Consumer,3,0.0,191.9,17.93,0.09343408025013027
2023-05-21,2023,5,North America,Furniture,Chairs,Consumer,3,0.0,709.76,59.38,0.08366208295761948
2021-10-09,2021,10,North America,Technology,Accessories,Home Office,7,0.2,4659.21,908.49,0.19498799152646049
2021-09-14,2021,9,Europe,Office Supplies,Binders,Home Office,3,0.3,94.88,-10.63,-0.11203625632377742
2021-06-01,2021,6,Latin America,Furniture,Bookcases,Home Office,5,0.0,1342.38,82.0,0.06108553464741727
2023-07-06,2023,7,Middle East & Africa,Furniture,Furnishings,Home Office,5,0.15,2667.6,-4.83,-0.001810616284300495
2024-05-23,2024,5,Asia Pacific,Office Supplies,Art,Consumer,4,0.3,525.87,-66.06,-0.1256204004792059
2023-06-27,2023,6,North America,Office Supplies,Binders,Corporate,1,0.2,94.24,-0.23,-0.002440577249575552
2021-02-01,2021,2,North America,Technology,Copiers,Corporate,1,0.0,204.13,75.18,0.36829471415274584
2023-09-30,2023,9,North America,Technology,Accessories,Home Office,4,0.0,2725.29,924.01,0.3390501561301733
2022-08-15,2022,8,North America,Office Supplies,Binders,Corporate,3,0.15,233.79,4.46,0.01907694939903332
2023-06-01,2023,6,North America,Furniture,Bookcases,Home Office,2,0.0,896.38,142.1,0.15852651777148083
2024-05-13,2024,5,Middle East & Africa,Office Supplies,Storage,Consumer,3,0.0,310.38,34.33,0.11060635350215864
2023-05-09,2023,5,Asia Pacific,Office Supplies,Binders,Corporate,1,0.1,36.75,4.51,0.12272108843537415
2024-09-19,2024,9,North America,Technology,Copiers,Home Office,4,0.3,1276.88,15.19,0.011896184449595889
2024-03-18,2024,3,Europe,Office Supplies,Art,Corporate,2,0.1,120.79,12.21,0.10108452686480669
2023-06-05,2023,6,North America,Furniture,Chairs,Home Office,4,0.1,1733.43,120.9,0.06974611031307869
2022-01-22,2022,1,Europe,Technology,Copiers,Corporate,4,0.0,2598.57,772.39,0.29723655702944307
2024-12-24,2024,12,Europe,Office Supplies,Art,Consumer,4,0.0,497.65,126.57,0.25433537626846175
2021-07-28,2021,7,Latin America,Office Supplies,Storage,Corporate,3,0.15,294.66,20.73,0.07035227041335776
2021-11-27,2021,11,North America,Furniture,Chairs,Corporate,6,0.4,3915.46,-987.61,-0.2522334540513758
2022-05-21,2022,5,Latin America,Office Supplies,Binders,Corporate,5,0.3,235.93,-2.95,-0.012503708727164838
2021-11-05,2021,11,Asia Pacific,Furniture,Tables,Corporate,2,0.3,1460.82,-213.68,-0.1462740104872606
2022-10-16,2022,10,North America,Furniture,Chairs,Corporate,4,0.5,730.84,-186.92,-0.2557604947731377
2022-04-12,2022,4,Asia Pacific,Technology,Accessories,Consumer,3,0.15,1787.7,199.93,0.11183643788107625
2022-06-17,2022,6,Asia Pacific,Furniture,Tables,Consumer,1,0.15,278.01,-19.44,-0.06992554224668178
2023-12-13,2023,12,North America,Technology,Accessories,Consumer,3,0.3,2436.04,226.93,0.09315528480648923
2024-07-23,2024,7,Asia Pacific,Office Supplies,Storage,Corporate,3,0.4,259.09,-35.74,-0.13794434366436376
2022-09-01,2022,9,Asia Pacific,Furniture,Furnishings,Consumer,4,0.0,900.82,169.92,0.18862813880686483
2024-03-28,2024,3,Europe,Office Supplies,Storage,Corporate,5,0.15,477.35,49.72,0.1041583743584372
2022-12-26,2022,12,Europe,Furniture,Furnishings,Corporate,3,0.0,2197.19,410.0,0.1866019779809666
2022-09-17,2022,9,Asia Pacific,Office Supplies,Storage,Home Office,3,0.0,130.14,20.99,0.16128784386045797
2024-09-10,2024,9,North America,Technology,Accessories,Consumer,2,0.1,1043.25,185.63,0.17793433980349868
2022-03-02,2022,3,Latin America,Office Supplies,Art,Consumer,2,0.15,212.24,8.61,0.04056728232189973
2024-06-14,2024,6,Asia Pacific,Furniture,Tables,Corporate,3,0.2,1217.31,-47.69,-0.039176545004969976
2024-11-01,2024,11,North America,Technology,Laptops,Corporate,1,0.0,795.05,231.22,0.2908244764480222
2022-06-02,2022,6,Europe,Furniture,Tables,Corporate,6,0.1,2562.21,11.55,0.004507827227276453
2022-01-06,2022,1,North America,Office Supplies,Paper,Consumer,4,0.0,256.01,60.98,0.2381938205538846
2022-01-27,2022,1,Asia Pacific,Technology,Copiers,Home Office,3,0.0,1074.64,262.92,0.24465867639395517
2024-03-30,2024,3,North America,Technology,Copiers,Consumer,3,0.15,1653.51,95.31,0.05764101819765227
2024-05-19,2024,5,Asia Pacific,Furniture,Bookcases,Home Office,3,0.15,806.5,68.28,0.08466212027278364
2021-06-16,2021,6,North America,Office Supplies,Art,Consumer,2,0.15,178.28,4.1,0.022997531972178593
2022-02-09,2022,2,Europe,Furniture,Bookcases,Home Office,2,0.2,410.29,-46.78,-0.11401691486509542
2022-04-02,2022,4,Asia Pacific,Furniture,Chairs,Corporate,3,0.15,912.4,-24.04,-0.02634809294169224
2021-07-28,2021,7,North America,Technology,Phones,Consumer,2,0.0,800.0,181.6,0.22699999999999998
2022-01-01,2022,1,North America,Office Supplies,Paper,Corporate,3,0.2,116.52,5.81,0.04986268451767937
2024-05-03,2024,5,North America,Furniture,Furnishings,Consumer,1,0.1,363.21,-18.81,-0.05178822168993144
2023-01-10,2023,1,Asia Pacific,Furniture,Furnishings,Consumer,2,0.2,484.66,-57.23,-0.11808277968060082
2022-12-07,2022,12,North America,Office Supplies,Binders,Home Office,1,0.2,80.73,-3.09,-0.03827573392790784
2022-06-20,2022,6,North America,Office Supplies,Paper,Corporate,7,0.0,665.53,121.32,0.18229080582392979
2022-06-03,2022,6,Europe,Office Supplies,Art,Consumer,3,0.2,171.57,-5.98,-0.0348545783062307
2022-01-01,2022,1,Latin America,Technology,Accessories,Corporate,7,0.1,4467.96,572.5,0.12813454014807651
2024-07-26,2024,7,North America,Office Supplies,Storage,Corporate,1,0.0,167.63,32.12,0.19161247986637236
2023-08-17,2023,8,Asia Pacific,Office Supplies,Paper,Consumer,1,0.1,56.1,0.73,0.01301247771836007
2024-10-03,2024,10,Europe,Technology,Phones,Consumer,3,0.0,2315.12,722.34,0.3120097446352673
2021-06-22,2021,6,North America,Technology,Laptops,Consumer,2,0.15,1235.43,158.3,0.12813352435993947
2023-10-14,2023,10,North America,Office Supplies,Art,Consumer,3,0.4,233.82,-35.68,-0.1525960140278847
2023-09-04,2023,9,Europe,Office Supplies,Paper,Consumer,6,0.2,425.18,21.58,0.05075497436379885
2022-05-01,2022,5,Latin America,Furniture,Tables,Corporate,6,0.0,3374.99,30.82,0.009131878909270842
2024-10-23,2024,10,Latin America,Office Supplies,Binders,Consumer,7,0.1,454.51,36.65,0.08063628963059119
2021-05-12,2021,5,Europe,Office Supplies,Storage,Corporate,1,0.0,137.51,26.18,0.1903861537342739
2021-06-10,2021,6,North America,Technology,Accessories,Consumer,3,0.15,1245.74,123.56,0.09918602597652801
2023-04-17,2023,4,Europe,Technology,Copiers,Consumer,6,0.0,2230.25,565.66,0.2536307588835332
2021-01-24,2021,1,Asia Pacific,Furniture,Tables,Consumer,1,0.1,158.11,-0.79,-0.004996521409145531
2023-08-05,2023,8,Europe,Technology,Laptops,Home Office,3,0.0,1128.73,322.2,0.28545356285382684
2024-05-31,2024,5,North America,Technology,Laptops,Consumer,4,0.0,2799.72,699.67,0.2499071335704999
2023-03-25,2023,3,Europe,Office Supplies,Binders,Home Office,4,0.0,302.67,55.97,0.18492087091551854
2021-02-20,2021,2,North America,Technology,Accessories,Consumer,1,0.0,442.32,160.31,0.3624299149936698
2021-03-17,2021,3,Europe,Technology,Phones,Consumer,3,0.0,2901.33,980.3,0.3378795242182034
2021-04-04,2021,4,Asia Pacific,Office Supplies,Binders,Corporate,3,0.0,105.86,22.89,0.21622898167390894
2022-04-14,2022,4,North America,Furniture,Bookcases,Home Office,5,0.1,2706.05,-12.28,-0.004537979712126531
2022-07-12,2022,7,Middle East & Africa,Office Supplies,Storage,Consumer,1,0.1,57.27,9.9,0.17286537454164483
2022-01-03,2022,1,North America,Office Supplies,Paper,Consumer,1,0.0,67.42,12.95,0.19207950163156332
2024-04-19,2024,4,Asia Pacific,Technology,Phones,Consumer,3,0.0,1284.78,313.11,0.24370709382151032
2021-01-28,2021,1,North America,Furniture,Tables,Consumer,4,0.0,1655.75,309.4,0.18686395893099803
2023-01-19,2023,1,Asia Pacific,Technology,Laptops,Consumer,6,0.4,2077.61,2.44,0.0011744263841625712
2024-08-20,2024,8,Latin America,Office Supplies,Storage,Consumer,4,0.0,305.88,56.77,0.18559565842814177
2021-02-09,2021,2,Middle East & Africa,Technology,Phones,Home Office,1,0.4,269.97,-20.73,-0.07678630958995443
2024-08-12,2024,8,Europe,Office Supplies,Art,Consumer,4,0.3,359.74,-4.88,-0.013565352754767331
2024-06-26,2024,6,Asia Pacific,Technology,Accessories,Consumer,4,0.0,2009.07,551.94,0.2747241260881901
2021-02-07,2021,2,Asia Pacific,Furniture,Tables,Home Office,2,0.1,408.65,9.81,0.024005872996451735
2023-12-01,2023,12,North America,Furniture,Chairs,Corporate,2,0.1,1972.13,-132.61,-0.06724201751405841
2024-02-14,2024,2,North America,Office Supplies,Paper,Corporate,1,0.1,69.64,0.83,0.011918437679494543
2023-04-06,2023,4,Latin America,Office Supplies,Binders,Consumer,3,0.0,217.54,42.49,0.19532040084582147
2021-10-01,2021,10,Asia Pacific,Office Supplies,Binders,Consumer,1,0.3,26.67,-3.14,-0.1177352830896138
2021-06-03,2021,6,Asia Pacific,Technology,Copiers,Home Office,5,0.0,2644.3,870.67,0.3292629429338577
2022-01-19,2022,1,Asia Pacific,Office Supplies,Storage,Corporate,7,0.0,250.14,60.95,0.24366354841288881
2021-08-24,2021,8,Europe,Office Supplies,Storage,Consumer,4,0.3,250.0,-37.67,-0.15068
2023-09-04,2023,9,North America,Furniture,Bookcases,Corporate,5,0.15,1577.7,-25.79,-0.0163465804652342
2023-06-28,2023,6,Europe,Office Supplies,Art,Home Office,5,0.2,492.0,4.45,0.009044715447154471
2023-02-17,2023,2,Europe,Furniture,Furnishings,Home Office,1,0.0,164.08,13.07,0.07965626523647001
2021-03-11,2021,3,North America,Office Supplies,Binders,Home Office,4,0.0,238.69,39.92,0.16724621894507521
2022-01-06,2022,1,Latin America,Office Supplies,Storage,Consumer,2,0.3,83.53,-11.66,-0.13959056626361785
2023-08-28,2023,8,Europe,Furniture,Bookcases,Consumer,3,0.15,1413.19,-37.12,-0.026266814794896648
2021-03-10,2021,3,Latin America,Technology,Copiers,Home Office,2,0.1,1125.39,240.4,0.21361483574583032
2021-12-27,2021,12,Europe,Furniture,Tables,Consumer,3,0.0,726.69,117.75,0.16203608141022993
2024-05-01,2024,5,Asia Pacific,Technology,Copiers,Corporate,1,0.1,842.24,176.18,0.2091802811550152
2022-07-12,2022,7,North America,Office Supplies,Binders,Consumer,1,0.0,63.03,8.68,0.13771220053942565
2022-03-21,2022,3,Europe,Office Supplies,Art,Consumer,2,0.15,78.8,9.48,0.12030456852791879
2023-08-22,2023,8,Middle East & Africa,Office Supplies,Paper,Consumer,4,0.3,301.37,-27.67,-0.09181404917543219
2023-12-25,2023,12,Europe,Furniture,Tables,Corporate,6,0.0,3170.71,326.26,0.10289808907153287
2022-03-03,2022,3,Middle East & Africa,Office Supplies,Storage,Consumer,6,0.3,353.6,-44.02,-0.12449095022624435
2021-06-17,2021,6,Europe,Technology,Accessories,Consumer,1,0.4,527.67,-60.83,-0.11528038357306651
2023-01-13,2023,1,Asia Pacific,Office Supplies,Art,Consumer,1,0.3,82.08,-5.68,-0.06920077972709551
2024-08-08,2024,8,Middle East & Africa,Furniture,Tables,Consumer,2,0.0,537.05,-17.62,-0.032808863234335725
2021-10-20,2021,10,Middle East & Africa,Office Supplies,Binders,Corporate,1,0.4,64.74,-13.98,-0.21594068582020393
2022-03-18,2022,3,North America,Technology,Accessories,Consumer,4,0.0,2158.5,554.2,0.25675237433402825
2021-05-15,2021,5,Europe,Office Supplies,Storage,Consumer,1,0.1,42.36,5.97,0.14093484419263455
2021-08-07,2021,8,Latin America,Office Supplies,Art,Corporate,4,0.2,158.26,13.24,0.08365980032857324
2021-06-11,2021,6,Europe,Office Supplies,Paper,Corporate,5,0.1,241.88,23.91,0.09885066975359683
2022-08-04,2022,8,Asia Pacific,Technology,Laptops,Consumer,2,0.2,1038.63,62.47,0.06014653919104974
2022-06-04,2022,6,Asia Pacific,Office Supplies,Binders,Home Office,2,0.15,165.0,1.03,0.006242424242424243
2023-05-06,2023,5,North America,Furniture,Tables,Consumer,2,0.15,535.57,-33.03,-0.06167261048975857
2022-07-03,2022,7,Europe,Office Supplies,Binders,Consumer,2,0.3,93.88,-4.43,-0.047187899446101404
2023-03-27,2023,3,Europe,Furniture,Chairs,Consumer,1,0.0,443.65,44.31,0.09987602840076638
2021-08-12,2021,8,Middle East & Africa,Technology,Phones,Consumer,6,0.15,1449.33,142.98,0.09865248080147378
2021-09-23,2021,9,North America,Office Supplies,Binders,Corporate,3,0.0,178.67,25.69,0.14378463088375218
2024-06-20,2024,6,North America,Office Supplies,Storage,Home Office,4,0.0,197.12,37.19,0.18866680194805194
2021-03-30,2021,3,Europe,Technology,Accessories,Consumer,4,0.0,908.61,220.8,0.24300855152375608
2023-02-09,2023,2,Asia Pacific,Technology,Copiers,Home Office,1,0.5,198.85,-51.99,-0.26145335680160925
2021-07-29,2021,7,Asia Pacific,Office Supplies,Art,Corporate,3,0.15,83.84,2.29,0.027313931297709922
2021-12-02,2021,12,Europe,Technology,Phones,Home Office,1,0.1,432.05,72.57,0.16796667052424485
2022-07-05,2022,7,Asia Pacific,Furniture,Chairs,Consumer,3,0.1,1035.11,6.65,0.00642443798243665
2022-05-09,2022,5,North America,Furniture,Tables,Home Office,4,0.3,1595.76,-262.51,-0.1645046874216674
2023-10-10,2023,10,Europe,Technology,Laptops,Corporate,3,0.0,966.25,241.07,0.24949029754204397
2023-07-05,2023,7,Europe,Office Supplies,Paper,Corporate,3,0.1,276.98,10.46,0.037764459527763736
2021-12-15,2021,12,North America,Furniture,Bookcases,Consumer,4,0.15,1402.12,44.11,0.031459504179385506
2021-02-21,2021,2,Middle East & Africa,Office Supplies,Art,Corporate,2,0.0,151.68,31.28,0.20622362869198313
2021-01-03,2021,1,North America,Technology,Laptops,Home Office,3,0.0,578.2,158.39,0.27393635420269796
2023-10-24,2023,10,Asia Pacific,Office Supplies,Storage,Home Office,2,0.0,112.89,25.12,0.2225174949065462
2021-10-12,2021,10,Latin America,Office Supplies,Art,Corporate,2,0.4,92.98,-18.83,-0.202516670251667
2021-08-19,2021,8,North America,Technology,Laptops,Consumer,6,0.0,5030.72,1532.31,0.30459059538197314
2022-07-25,2022,7,North America,Office Supplies,Binders,Consumer,3,0.0,253.63,66.42,0.26187753814611836
2023-10-26,2023,10,Europe,Furniture,Chairs,Consumer,2,0.2,464.76,-3.37,-0.007251054307599622
2024-09-10,2024,9,Europe,Office Supplies,Art,Consumer,6,0.1,463.55,-3.35,-0.007226836371480962
2024-09-19,2024,9,Latin America,Office Supplies,Binders,Home Office,7,0.0,613.94,128.55,0.20938528194937617
2021-09-13,2021,9,North America,Office Supplies,Binders,Home Office,4,0.3,106.4,-11.04,-0.10375939849624059
2022-03-17,2022,3,Europe,Office Supplies,Storage,Consumer,2,0.5,82.14,-23.54,-0.2865838811784758
2024-04-24,2024,4,Europe,Office Supplies,Paper,Home Office,3,0.3,276.75,-15.01,-0.05423667570009033
2022-02-26,2022,2,Europe,Technology,Accessories,Home Office,3,0.3,1491.7,-24.09,-0.01614935979084266
2023-01-04,2023,1,Europe,Furniture,Chairs,Consumer,4,0.0,921.77,36.97,0.040107619037286955
2024-10-26,2024,10,Europe,Office Supplies,Binders,Consumer,3,0.15,267.56,7.58,0.028330094184481985
2021-03-26,2021,3,North America,Office Supplies,Art,Consumer,3,0.4,112.41,-22.91,-0.2038074904367939
2024-09-15,2024,9,Europe,Furniture,Bookcases,Consumer,1,0.0,394.37,55.02,0.13951365468975835
2021-10-05,2021,10,North America,Technology,Accessories,Corporate,2,0.0,1017.38,246.04,0.24183687511057814
2021-03-05,2021,3,North America,Office Supplies,Paper,Consumer,2,0.2,86.01,7.71,0.08964073944890129
2022-04-01,2022,4,Europe,Furniture,Furnishings,Corporate,4,0.4,852.74,-237.48,-0.27849051293477495
2023-06-13,2023,6,Europe,Furniture,Chairs,Corporate,3,0.4,1112.92,-293.71,-0.2639093555691334
2024-07-25,2024,7,Asia Pacific,Technology,Phones,Consumer,2,0.3,1393.05,95.03,0.06821722120526902
2024-10-11,2024,10,Europe,Technology,Copiers,Corporate,1,0.1,591.4,118.19,0.1998478187352046
2021-05-05,2021,5,North America,Technology,Copiers,Corporate,2,0.4,1054.52,-83.88,-0.07954329932101808
2024-09-22,2024,9,North America,Office Supplies,Art,Corporate,5,0.0,235.19,60.2,0.2559632637442068
2023-04-05,2023,4,Latin America,Office Supplies,Storage,Corporate,3,0.0,255.68,59.52,0.2327909887359199
2024-04-27,2024,4,Europe,Office Supplies,Paper,Consumer,3,0.15,167.7,7.01,0.04180083482409064
2023-03-29,2023,3,North America,Furniture,Chairs,Consumer,3,0.2,850.27,-73.63,-0.08659602243993084
2024-05-24,2024,5,Latin America,Office Supplies,Paper,Consumer,2,0.1,97.8,2.99,0.030572597137014317
2024-10-07,2024,10,Latin America,Office Supplies,Storage,Corporate,3,0.0,202.4,47.06,0.23250988142292492
2023-11-10,2023,11,North America,Furniture,Bookcases,Home Office,1,0.15,629.36,-5.53,-0.008786703953222322
2023-09-16,2023,9,Europe,Technology,Phones,Consumer,4,0.2,2210.01,197.04,0.08915796761100628
2022-08-07,2022,8,Asia Pacific,Office Supplies,Storage,Corporate,3,0.0,134.66,28.96,0.21506015149264815
2023-08-08,2023,8,North America,Furniture,Chairs,Home Office,3,0.5,898.81,-270.57,-0.30103136369199274
2022-07-17,2022,7,North America,Office Supplies,Storage,Consumer,1,0.1,43.57,6.08,0.13954555887078265
2022-08-30,2022,8,Europe,Technology,Copiers,Consumer,2,0.1,450.21,103.09,0.22898203060793854
2023-08-06,2023,8,North America,Furniture,Tables,Home Office,5,0.15,2083.37,-204.11,-0.09797107570906753
2021-10-03,2021,10,North America,Office Supplies,Binders,Corporate,3,0.15,249.24,-10.25,-0.041125020060985396
2022-09-10,2022,9,Asia Pacific,Technology,Copiers,Consumer,4,0.0,3378.24,931.77,0.2758152173913044
2021-07-29,2021,7,Europe,Technology,Copiers,Corporate,5,0.2,2148.21,265.64,0.12365643954734407
2023-02-11,2023,2,North America,Office Supplies,Storage,Corporate,3,0.0,99.24,13.26,0.1336154776299879
2024-07-18,2024,7,Asia Pacific,Technology,Copiers,Consumer,3,0.0,1532.05,478.37,0.3122417675663327
2023-07-23,2023,7,Europe,Furniture,Furnishings,Consumer,4,0.0,1062.09,138.88,0.13076104661563523
2024-06-30,2024,6,North America,Office Supplies,Paper,Home Office,3,0.0,259.44,52.82,0.20359235275979032
2023-01-04,2023,1,North America,Technology,Phones,Corporate,3,0.5,1593.49,-353.59,-0.22189659175771417
2023-10-24,2023,10,North America,Furniture,Chairs,Corporate,4,0.1,1735.89,-92.92,-0.05352873741999781
2021-08-14,2021,8,Asia Pacific,Office Supplies,Binders,Corporate,5,0.0,472.35,53.01,0.11222610352492854
2023-10-22,2023,10,Europe,Technology,Phones,Consumer,5,0.3,2690.07,33.21,0.012345403651206103
2024-07-10,2024,7,Europe,Office Supplies,Art,Consumer,2,0.0,157.11,50.22,0.31964865380943286
2021-06-21,2021,6,Asia Pacific,Technology,Laptops,Consumer,1,0.1,354.85,49.14,0.13848104833028038
2024-04-11,2024,4,North America,Technology,Accessories,Corporate,3,0.1,1003.36,199.33,0.1986624940200925
2024-01-08,2024,1,Asia Pacific,Office Supplies,Binders,Corporate,5,0.0,339.58,81.42,0.2397667707167678
2024-12-21,2024,12,Latin America,Technology,Accessories,Home Office,3,0.0,2741.33,615.43,0.2245005161728066
2023-05-22,2023,5,Latin America,Technology,Accessories,Consumer,4,0.2,1065.77,170.58,0.16005329480094205
2021-12-10,2021,12,Asia Pacific,Technology,Copiers,Corporate,5,0.2,3340.91,417.67,0.12501683673011246
2021-02-20,2021,2,North America,Furniture,Chairs,Consumer,2,0.0,616.36,62.81,0.10190473100136284
2023-11-09,2023,11,Latin America,Technology,Phones,Consumer,3,0.0,1409.69,402.41,0.2854599238130369
2021-03-01,2021,3,Europe,Furniture,Furnishings,Consumer,4,0.0,1197.57,150.41,0.12559599856375828
2023-04-26,2023,4,Asia Pacific,Office Supplies,Paper,Corporate,6,0.1,754.73,110.47,0.14637022511361678
2024-12-15,2024,12,Europe,Technology,Copiers,Corporate,4,0.15,5342.46,894.5,0.1674322315936853
2021-09-22,2021,9,Asia Pacific,Furniture,Chairs,Corporate,2,0.1,995.91,-12.77,-0.01282244379512205
2021-11-09,2021,11,Europe,Furniture,Tables,Home Office,1,0.15,425.05,-53.58,-0.12605575814610046
2024-09-14,2024,9,Middle East & Africa,Office Supplies,Binders,Consumer,5,0.3,298.93,-48.36,-0.16177700464991804
2023-07-15,2023,7,Europe,Furniture,Chairs,Home Office,4,0.1,1183.81,13.11,0.011074412278997475
2022-05-20,2022,5,Asia Pacific,Technology,Accessories,Consumer,3,0.15,2244.97,274.48,0.12226444005933267
2022-07-24,2022,7,Europe,Office Supplies,Art,Consumer,3,0.1,306.5,29.31,0.09562805872756933
2022-05-18,2022,5,North America,Furniture,Bookcases,Home Office,2,0.2,486.49,-77.42,-0.15913996176694278
2022-01-22,2022,1,Asia Pacific,Technology,Phones,Corporate,2,0.0,777.31,152.4,0.19606077369389308
2022-08-02,2022,8,North America,Furniture,Bookcases,Corporate,4,0.4,1768.34,-459.11,-0.25962767341122184
2021-08-13,2021,8,Asia Pacific,Furniture,Bookcases,Corporate,1,0.0,424.35,76.82,0.18102981029810294
2024-12-12,2024,12,Latin America,Office Supplies,Storage,Consumer,5,0.1,578.59,60.08,0.10383864221642268
2024-08-23,2024,8,Europe,Office Supplies,Binders,Consumer,1,0.3,82.57,-5.64,-0.06830568002906624
2021-10-22,2021,10,Europe,Office Supplies,Art,Consumer,2,0.0,118.44,25.16,0.21242823370482947
2023-06-04,2023,6,Europe,Technology,Accessories,Consumer,2,0.15,1122.08,137.78,0.12278981890774278
2021-04-10,2021,4,North America,Technology,Phones,Corporate,2,0.0,1290.25,404.71,0.3136678938190273
2024-11-30,2024,11,Europe,Technology,Copiers,Corporate,3,0.1,2469.37,421.36,0.17063461530673818
2024-01-25,2024,1,Asia Pacific,Technology,Phones,Home Office,4,0.15,2168.34,156.09,0.07198594316389496
2024-06-03,2024,6,Latin America,Technology,Laptops,Home Office,3,0.0,4351.46,1387.04,0.3187527864211092
2024-03-05,2024,3,North America,Technology,Accessories,Corporate,1,0.0,780.49,180.37,0.23109841253571475
2023-09-15,2023,9,North America,Technology,Laptops,Corporate,7,0.1,2719.16,442.45,0.16271569161064448
2021-04-09,2021,4,North America,Furniture,Furnishings,Consumer,1,0.5,428.88,-177.31,-0.41342566685319904
2021-03-28,2021,3,Asia Pacific,Furniture,Chairs,Consumer,1,0.3,370.08,-56.07,-0.15150778210116733
2024-08-04,2024,8,North America,Furniture,Tables,Home Office,3,0.15,1311.63,75.0,0.05718075981793646
2024-09-20,2024,9,Asia Pacific,Office Supplies,Storage,Corporate,1,0.15,148.98,3.84,0.02577527184857028
2022-02-21,2022,2,Latin America,Technology,Accessories,Corporate,1,0.2,356.4,12.95,0.03633557800224467
2023-08-27,2023,8,North America,Technology,Copiers,Consumer,1,0.0,385.49,111.12,0.28825650470829334
2021-08-13,2021,8,Asia Pacific,Furniture,Bookcases,Corporate,2,0.3,397.25,-44.14,-0.11111390811831341
2022-06-21,2022,6,Europe,Technology,Copiers,Consumer,5,0.1,2355.29,530.41,0.22519944465437375
2024-12-03,2024,12,Asia Pacific,Office Supplies,Storage,Consumer,2,0.15,210.35,21.24,0.10097456619919182
2021-01-06,2021,1,Europe,Furniture,Bookcases,Home Office,1,0.0,337.85,38.72,0.11460707414533075
2024-01-14,2024,1,North America,Office Supplies,Binders,Corporate,4,0.3,229.39,-28.47,-0.12411177470683116
2024-02-07,2024,2,Europe,Furniture,Tables,Consumer,1,0.0,414.12,72.89,0.1760117840239544
2023-01-26,2023,1,Middle East & Africa,Technology,Phones,Home Office,3,0.15,3738.38,578.28,0.1546873244560478
2023-01-27,2023,1,Europe,Technology,Copiers,Consumer,1,0.3,412.5,12.51,0.030327272727272727
2022-04-07,2022,4,North America,Technology,Laptops,Home Office,1,0.3,365.04,51.21,0.14028599605522682
2024-06-08,2024,6,Latin America,Furniture,Chairs,Consumer,1,0.1,259.22,-16.06,-0.061955096057402965
2021-02-07,2021,2,North America,Technology,Phones,Consumer,2,0.4,584.11,-86.43,-0.14796870452483266
2022-06-13,2022,6,Asia Pacific,Office Supplies,Storage,Corporate,2,0.15,129.21,-2.42,-0.018729200526275053
2024-06-12,2024,6,Latin America,Furniture,Chairs,Home Office,3,0.3,2260.67,-300.99,-0.13314194464472923
2023-07-21,2023,7,North America,Technology,Phones,Consumer,1,0.2,403.09,2.89,0.007169614726239799
2021-05-28,2021,5,Asia Pacific,Furniture,Bookcases,Corporate,4,0.0,877.0,34.39,0.039213226909920185
2022-08-15,2022,8,North America,Office Supplies,Art,Consumer,1,0.0,46.52,7.87,0.16917454858125536
2023-02-02,2023,2,Asia Pacific,Office Supplies,Binders,Corporate,3,0.1,248.35,31.15,0.12542782363599758
2023-05-22,2023,5,Asia Pacific,Office Supplies,Storage,Corporate,2,0.0,207.05,44.4,0.214440956290751
2024-08-31,2024,8,North America,Office Supplies,Art,Corporate,1,0.1,41.41,6.05,0.14609997585124368
2022-07-14,2022,7,Europe,Technology,Phones,Consumer,6,0.15,2363.78,285.81,0.12091226763912039
2021-07-09,2021,7,Asia Pacific,Furniture,Chairs,Home Office,3,0.0,871.72,25.74,0.029527830037167895
2021-04-09,2021,4,Latin America,Furniture,Furnishings,Consumer,4,0.1,663.81,44.0,0.06628402705593468
2021-07-11,2021,7,Asia Pacific,Office Supplies,Storage,Corporate,1,0.0,62.1,9.83,0.15829307568438003
2024-09-16,2024,9,Latin America,Furniture,Tables,Corporate,2,0.0,391.11,-1.1,-0.002812507990079517
2022-01-25,2022,1,North America,Office Supplies,Storage,Corporate,1,0.2,55.82,10.46,0.18738803296309567
2022-10-15,2022,10,Asia Pacific,Office Supplies,Art,Consumer,6,0.2,251.04,18.71,0.07452995538559593
2021-09-01,2021,9,Europe,Furniture,Chairs,Consumer,4,0.5,1461.25,-518.61,-0.35490846877673227
2024-06-12,2024,6,Europe,Office Supplies,Binders,Corporate,4,0.2,235.46,14.3,0.06073218381041366
2022-11-14,2022,11,North America,Office Supplies,Art,Consumer,5,0.4,507.96,-92.42,-0.1819434601149697
2021-04-25,2021,4,Asia Pacific,Technology,Laptops,Consumer,2,0.15,889.02,168.11,0.1890958583608918
2024-08-08,2024,8,Europe,Office Supplies,Art,Consumer,4,0.0,257.29,35.92,0.13960900151579927
2024-03-01,2024,3,Europe,Office Supplies,Storage,Consumer,3,0.0,124.88,28.26,0.22629724535554133
2021-08-11,2021,8,North America,Furniture,Bookcases,Consumer,2,0.0,381.21,24.72,0.06484614779255528
2022-04-25,2022,4,Europe,Office Supplies,Storage,Corporate,3,0.5,161.03,-24.55,-0.15245606408743712
2023-04-30,2023,4,Europe,Office Supplies,Binders,Consumer,2,0.0,197.87,32.08,0.1621266488098246
2023-09-13,2023,9,Latin America,Office Supplies,Paper,Corporate,4,0.0,238.1,22.24,0.09340613187736245
2024-06-10,2024,6,Asia Pacific,Office Supplies,Paper,Corporate,2,0.4,117.25,-33.78,-0.2881023454157783
2023-05-06,2023,5,Europe,Furniture,Furnishings,Corporate,6,0.0,1030.9,199.84,0.19385003395091666
2024-04-28,2024,4,North America,Office Supplies,Binders,Corporate,4,0.15,265.19,9.75,0.0367660922357555
2022-12-05,2022,12,North America,Technology,Copiers,Consumer,8,0.0,9088.78,2825.53,0.31088110835557686
2022-09-26,2022,9,North America,Office Supplies,Art,Consumer,1,0.1,62.91,3.18,0.050548402479732954
2023-07-31,2023,7,North America,Office Supplies,Paper,Consumer,6,0.0,421.32,69.43,0.1647916073293459
2021-08-22,2021,8,Europe,Office Supplies,Art,Consumer,6,0.0,300.18,29.7,0.09894063561862881
2023-04-24,2023,4,North America,Office Supplies,Art,Corporate,4,0.4,380.63,-108.81,-0.28586816593542286
2021-10-16,2021,10,Middle East & Africa,Technology,Accessories,Home Office,1,0.4,406.63,-37.71,-0.0927378698079335
2021-03-19,2021,3,Latin America,Office Supplies,Art,Consumer,4,0.1,293.62,26.64,0.09072951433826033
2022-04-06,2022,4,North America,Office Supplies,Art,Consumer,1,0.3,71.33,-4.27,-0.05986261040235524
2022-10-27,2022,10,Asia Pacific,Office Supplies,Art,Consumer,4,0.2,232.74,4.94,0.021225401735842572
2023-04-30,2023,4,Europe,Office Supplies,Art,Consumer,4,0.0,429.39,95.43,0.22224551107384896
2024-02-21,2024,2,Europe,Furniture,Furnishings,Home Office,3,0.1,887.48,30.01,0.03381484653175283
2023-03-17,2023,3,Europe,Technology,Phones,Consumer,6,0.3,1857.62,58.26,0.0313627114264489
2021-11-28,2021,11,North America,Office Supplies,Art,Consumer,6,0.1,734.9,19.79,0.026928833854946252
2021-12-24,2021,12,North America,Technology,Phones,Consumer,1,0.1,566.39,76.79,0.13557795865039993
2021-06-21,2021,6,North America,Furniture,Furnishings,Home Office,2,0.1,577.25,-7.98,-0.01382416630576007
2024-10-27,2024,10,Europe,Office Supplies,Binders,Corporate,3,0.3,304.98,-48.0,-0.1573873696635845
2022-12-30,2022,12,Europe,Office Supplies,Storage,Consumer,4,0.15,364.22,22.25,0.06108945143045412
2022-12-17,2022,12,Asia Pacific,Office Supplies,Paper,Corporate,1,0.0,71.71,13.98,0.19495188955515272
2022-11-08,2022,11,Europe,Technology,Phones,Consumer,2,0.1,1276.86,240.5,0.18835267766239056
2024-03-15,2024,3,Latin America,Office Supplies,Art,Home Office,4,0.3,601.45,-82.21,-0.1366863413417574
2022-09-27,2022,9,Europe,Office Supplies,Art,Consumer,2,0.15,112.09,13.08,0.11669194397359264
2021-09-22,2021,9,North America,Furniture,Furnishings,Consumer,3,0.1,643.85,-8.65,-0.013434806243690301
2021-11-27,2021,11,Asia Pacific,Furniture,Furnishings,Home Office,2,0.2,701.21,-62.74,-0.08947390938520557
2021-11-14,2021,11,Asia Pacific,Office Supplies,Paper,Consumer,1,0.1,113.49,9.39,0.08273856727464976
2023-01-26,2023,1,Asia Pacific,Technology,Phones,Consumer,2,0.15,1325.17,200.88,0.15158809813080584
2024-04-23,2024,4,Latin America,Office Supplies,Paper,Consumer,4,0.0,193.79,19.33,0.09974714897569534
2022-05-26,2022,5,North America,Furniture,Chairs,Corporate,6,0.2,1686.33,-133.25,-0.07901774860199368
2022-02-06,2022,2,Europe,Office Supplies,Art,Corporate,2,0.15,159.01,17.01,0.10697440412552671
2023-11-04,2023,11,North America,Office Supplies,Paper,Corporate,3,0.0,389.33,55.01,0.14129401792823568
2021-05-11,2021,5,Latin America,Office Supplies,Storage,Consumer,1,0.0,95.79,20.32,0.21213070257855726
2024-10-26,2024,10,Middle East & Africa,Technology,Accessories,Consumer,4,0.3,1987.19,39.68,0.019967894363397562
2022-06-07,2022,6,Asia Pacific,Technology,Laptops,Home Office,2,0.3,1993.02,27.17,0.013632577696159599
2021-03-28,2021,3,Latin America,Technology,Copiers,Corporate,2,0.0,520.03,142.43,0.2738880449204854
2023-03-10,2023,3,North America,Office Supplies,Binders,Corporate,6,0.2,583.08,-32.41,-0.05558413939768127
2024-06-27,2024,6,Europe,Technology,Laptops,Consumer,5,0.1,3615.37,681.28,0.18843991071453267
2024-06-14,2024,6,Asia Pacific,Technology,Phones,Home Office,5,0.0,2229.11,618.44,0.2774380806689665
2021-11-26,2021,11,Europe,Office Supplies,Art,Corporate,2,0.0,109.58,22.82,0.2082496805986494
2021-08-20,2021,8,North America,Furniture,Furnishings,Home Office,1,0.3,160.51,-10.43,-0.06498037505451373
2024-04-10,2024,4,Asia Pacific,Technology,Phones,Consumer,2,0.3,977.65,-72.88,-0.07454610545696312
2024-05-22,2024,5,Europe,Furniture,Tables,Corporate,1,0.2,262.57,-8.4,-0.03199146894161557
2023-05-29,2023,5,North America,Technology,Accessories,Home Office,1,0.15,289.36,12.73,0.04399364113906552
2021-09-20,2021,9,Latin America,Technology,Phones,Consumer,3,0.2,1424.58,74.52,0.05231015457187382
2022-05-26,2022,5,Europe,Office Supplies,Paper,Corporate,2,0.0,105.44,15.35,0.1455804248861912
2023-06-05,2023,6,North America,Furniture,Furnishings,Consumer,3,0.15,1230.59,68.79,0.05590001543974842
2023-10-22,2023,10,North America,Office Supplies,Art,Consumer,1,0.0,36.71,4.74,0.1291201307545628
2023-05-25,2023,5,Europe,Technology,Accessories,Corporate,3,0.4,2039.0,-37.98,-0.018626777832270718
2021-09-07,2021,9,Asia Pacific,Technology,Laptops,Home Office,5,0.15,2127.25,228.76,0.10753790104595135
2021-11-26,2021,11,North America,Technology,Copiers,Consumer,4,0.0,2244.77,642.72,0.2863188656298864
2021-09-24,2021,9,Asia Pacific,Furniture,Furnishings,Consumer,6,0.0,1159.44,183.43,0.15820568550334643
2021-09-27,2021,9,Asia Pacific,Office Supplies,Paper,Consumer,4,0.2,142.99,-0.49,-0.0034268130638506187
2021-06-30,2021,6,Europe,Technology,Accessories,Corporate,1,0.5,529.64,-141.48,-0.26712483951363186
2022-06-08,2022,6,Middle East & Africa,Technology,Accessories,Consumer,3,0.2,1949.93,128.18,0.06573569307616171
2023-11-27,2023,11,Asia Pacific,Office Supplies,Binders,Corporate,3,0.2,463.86,9.0,0.019402405898331393
2022-01-16,2022,1,Asia Pacific,Office Supplies,Art,Consumer,1,0.3,58.33,-5.84,-0.10012000685753472
2022-12-28,2022,12,Europe,Office Supplies,Paper,Consumer,2,0.1,103.21,8.36,0.08099990311016374
2021-08-31,2021,8,Middle East & Africa,Office Supplies,Binders,Consumer,2,0.2,94.81,3.12,0.03290792110536863
2022-02-23,2022,2,Asia Pacific,Office Supplies,Art,Consumer,4,0.15,236.16,8.44,0.03573848238482385
2021-09-28,2021,9,Middle East & Africa,Furniture,Bookcases,Corporate,3,0.3,860.66,-120.1,-0.13954407082936351
2022-07-20,2022,7,Asia Pacific,Office Supplies,Paper,Home Office,4,0.2,208.21,-6.86,-0.032947504922914365
2024-01-07,2024,1,North America,Technology,Accessories,Corporate,5,0.0,5524.89,1469.19,0.26592203645683443
2023-10-29,2023,10,Europe,Office Supplies,Storage,Home Office,4,0.15,270.72,-8.18,-0.03021572104018912
2021-04-03,2021,4,North America,Office Supplies,Storage,Consumer,2,0.0,91.67,17.98,0.19613832224282754
2022-05-19,2022,5,North America,Technology,Copiers,Consumer,1,0.15,363.82,67.89,0.18660326535099775
2021-04-02,2021,4,Latin America,Office Supplies,Art,Consumer,2,0.0,87.88,20.92,0.23805188893946294
2023-10-30,2023,10,Europe,Office Supplies,Binders,Consumer,1,0.15,40.34,-2.08,-0.051561725334655424
2021-06-18,2021,6,Asia Pacific,Office Supplies,Paper,Consumer,2,0.1,137.16,18.11,0.1320355788859726
2024-09-11,2024,9,North America,Office Supplies,Binders,Corporate,6,0.15,714.98,16.54,0.0231335142241741
2021-08-22,2021,8,North America,Office Supplies,Binders,Home Office,1,0.3,69.88,-3.48,-0.049799656554092735
2021-08-07,2021,8,Asia Pacific,Technology,Laptops,Corporate,3,0.2,890.92,86.03,0.09656310330893908
2021-11-05,2021,11,Asia Pacific,Technology,Laptops,Home Office,3,0.15,2684.57,366.16,0.1363942828832923
2021-04-26,2021,4,North America,Technology,Accessories,Corporate,4,0.3,1329.53,-76.38,-0.057448872909975704
2024-04-07,2024,4,Asia Pacific,Technology,Copiers,Home Office,1,0.1,688.11,90.2,0.1310836930141983
2023-09-23,2023,9,North America,Technology,Laptops,Corporate,3,0.0,1116.98,305.5,0.2735053447689305
2022-08-22,2022,8,Latin America,Office Supplies,Paper,Home Office,3,0.0,98.89,10.84,0.10961674587925978
2023-02-26,2023,2,Asia Pacific,Office Supplies,Art,Corporate,1,0.1,91.25,6.25,0.0684931506849315
2021-10-12,2021,10,North America,Furniture,Chairs,Consumer,2,0.0,477.41,42.61,0.08925242454075114
2021-09-15,2021,9,North America,Office Supplies,Paper,Consumer,6,0.0,311.9,58.19,0.18656620711766592
2023-11-20,2023,11,Asia Pacific,Technology,Copiers,Corporate,4,0.15,3471.93,562.72,0.16207700040035372
2024-04-23,2024,4,Europe,Office Supplies,Binders,Corporate,4,0.2,179.66,7.13,0.03968607369475676
2024-07-10,2024,7,Europe,Office Supplies,Storage,Consumer,3,0.3,139.82,-2.7,-0.019310542125590045
2021-09-27,2021,9,Europe,Office Supplies,Paper,Corporate,4,0.3,127.25,-1.12,-0.008801571709233793
2022-08-10,2022,8,Europe,Office Supplies,Storage,Corporate,5,0.1,460.97,36.47,0.07911577759940994
2023-01-23,2023,1,North America,Technology,Copiers,Consumer,2,0.15,938.02,46.64,0.0497217543335963
2021-08-28,2021,8,North America,Office Supplies,Binders,Home Office,4,0.2,162.64,-15.5,-0.09530250860796853
2021-03-26,2021,3,Latin America,Office Supplies,Art,Home Office,4,0.1,154.73,20.86,0.13481548503845409
2021-05-12,2021,5,Europe,Office Supplies,Storage,Home Office,4,0.3,181.7,-17.15,-0.09438635112823335
2022-07-25,2022,7,Asia Pacific,Office Supplies,Storage,Consumer,4,0.1,190.92,6.66,0.034883720930232565
2023-10-24,2023,10,Europe,Office Supplies,Paper,Corporate,4,0.2,459.6,34.15,0.07430374238468232
2021-10-27,2021,10,Europe,Office Supplies,Binders,Consumer,4,0.0,258.35,58.12,0.2249661312173408
2021-09-05,2021,9,Europe,Office Supplies,Paper,Home Office,2,0.15,98.27,6.87,0.06990943319426071
2023-05-12,2023,5,Asia Pacific,Technology,Phones,Corporate,4,0.3,1089.48,-107.91,-0.09904725189998898
2022-09-17,2022,9,North America,Furniture,Chairs,Home Office,2,0.1,671.95,-2.54,-0.0037800431579730633
2023-04-08,2023,4,Asia Pacific,Office Supplies,Binders,Consumer,1,0.0,38.24,7.05,0.18436192468619245
2021-07-03,2021,7,Middle East & Africa,Office Supplies,Binders,Home Office,3,0.1,155.95,10.72,0.06873998076306509
2022-10-30,2022,10,North America,Furniture,Chairs,Corporate,1,0.0,304.62,17.49,0.05741579673035256
2021-07-19,2021,7,Asia Pacific,Technology,Copiers,Consumer,3,0.1,883.73,145.33,0.16445068063775137
2023-02-19,2023,2,Europe,Furniture,Chairs,Consumer,1,0.0,185.56,23.67,0.1275598189264928
2023-11-29,2023,11,Europe,Furniture,Tables,Home Office,4,0.1,1338.2,73.25,0.05473770736810641
2022-05-09,2022,5,Asia Pacific,Office Supplies,Storage,Home Office,2,0.4,79.04,-12.55,-0.15878036437246965
2022-07-08,2022,7,Asia Pacific,Office Supplies,Paper,Corporate,4,0.0,264.06,55.39,0.20976293266681814
2021-03-02,2021,3,Asia Pacific,Furniture,Furnishings,Corporate,4,0.4,1021.67,-232.79,-0.2278524376755704
2024-03-07,2024,3,North America,Office Supplies,Storage,Consumer,4,0.1,368.95,64.52,0.17487464426073993
2024-02-22,2024,2,Asia Pacific,Office Supplies,Art,Consumer,3,0.5,94.6,-27.81,-0.29397463002114166
2022-01-29,2022,1,North America,Office Supplies,Art,Consumer,5,0.15,320.14,-15.36,-0.047979009183482225
2021-10-20,2021,10,North America,Technology,Phones,Consumer,6,0.3,3303.29,14.01,0.0042412261714835815
2023-10-15,2023,10,North America,Office Supplies,Storage,Consumer,2,0.15,157.49,12.1,0.0768302749380913
2023-11-20,2023,11,North America,Technology,Phones,Consumer,1,0.1,716.89,174.49,0.24339856881808927
2022-04-04,2022,4,Europe,Furniture,Furnishings,Consumer,2,0.15,925.25,-50.4,-0.05447176438800324
2021-02-01,2021,2,Europe,Technology,Copiers,Consumer,4,0.1,1169.76,305.39,0.2610706469703187
2024-05-16,2024,5,North America,Office Supplies,Art,Consumer,3,0.0,185.86,31.56,0.16980522974281714
2022-07-24,2022,7,North America,Furniture,Furnishings,Corporate,5,0.0,1925.21,230.25,0.11959734262755752
2022-10-18,2022,10,North America,Office Supplies,Art,Corporate,3,0.15,126.78,6.9,0.054424988168480834
2023-01-14,2023,1,Europe,Furniture,Chairs,Consumer,2,0.2,776.24,14.14,0.018216015665258167
2022-06-14,2022,6,Middle East & Africa,Office Supplies,Art,Consumer,4,0.0,257.77,57.33,0.222407572642278
2024-11-22,2024,11,North America,Office Supplies,Binders,Consumer,2,0.1,234.13,29.47,0.12587024302737795
2021-07-07,2021,7,Latin America,Furniture,Chairs,Consumer,4,0.0,953.94,82.04,0.08600121600939263
2023-01-21,2023,1,North America,Furniture,Tables,Consumer,2,0.15,432.36,-3.74,-0.008650198908317143
2024-08-14,2024,8,North America,Technology,Phones,Consumer,2,0.1,923.82,218.89,0.23694009655560605
2022-07-19,2022,7,Asia Pacific,Furniture,Furnishings,Consumer,4,0.2,1504.96,-179.6,-0.11933871996597915
2024-08-12,2024,8,Asia Pacific,Furniture,Furnishings,Consumer,1,0.15,246.36,4.3,0.017454132164312387
2023-10-18,2023,10,Europe,Technology,Phones,Corporate,1,0.2,455.8,35.38,0.07762176393154893
2023-01-06,2023,1,North America,Furniture,Chairs,Consumer,1,0.2,530.54,-26.46,-0.04987371357484827
2021-10-12,2021,10,Europe,Office Supplies,Art,Home Office,4,0.0,329.26,79.11,0.2402660511449918
2024-08-28,2024,8,Middle East & Africa,Furniture,Chairs,Corporate,3,0.15,1160.36,-40.66,-0.03504084939156813
2022-12-18,2022,12,North America,Office Supplies,Art,Corporate,3,0.15,247.26,17.9,0.07239343201488312
2021-04-13,2021,4,North America,Office Supplies,Binders,Consumer,5,0.1,403.89,73.94,0.1830696476763475
2023-09-30,2023,9,Middle East & Africa,Furniture,Furnishings,Corporate,7,0.3,2505.28,-467.6,-0.18664580406182144
2023-01-30,2023,1,Asia Pacific,Furniture,Tables,Consumer,6,0.15,1231.4,-88.17,-0.0716014292675004
2024-03-02,2024,3,North America,Technology,Copiers,Consumer,4,0.15,1026.48,128.98,0.125652716078248
2022-11-16,2022,11,Latin America,Office Supplies,Binders,Corporate,3,0.0,395.21,33.58,0.08496748564054553
2024-05-08,2024,5,Asia Pacific,Technology,Phones,Consumer,2,0.1,811.32,178.99,0.2206157866193364
2022-05-31,2022,5,Asia Pacific,Office Supplies,Binders,Consumer,1,0.1,60.62,12.19,0.20108874958759484
2024-09-26,2024,9,Asia Pacific,Office Supplies,Binders,Home Office,5,0.2,412.87,5.16,0.01249788068883668
2023-02-04,2023,2,North America,Office Supplies,Storage,Corporate,7,0.1,435.9,47.48,0.10892406515255793
2021-06-30,2021,6,North America,Technology,Phones,Corporate,1,0.4,264.08,-44.12,-0.16707058467131172
2021-08-20,2021,8,Asia Pacific,Technology,Accessories,Home Office,3,0.1,1209.87,84.95,0.07021415523981916
2022-06-23,2022,6,Latin America,Technology,Accessories,Consumer,1,0.0,415.66,107.68,0.25905788384737527
2021-12-11,2021,12,Middle East & Africa,Office Supplies,Paper,Consumer,2,0.5,380.69,-83.49,-0.2193123013475531
2023-06-30,2023,6,Europe,Office Supplies,Art,Home Office,5,0.3,666.41,-62.69,-0.09407121741870621
2021-11-17,2021,11,Middle East & Africa,Furniture,Furnishings,Consumer,3,0.15,713.99,-47.36,-0.06633146122494712
2022-11-22,2022,11,Europe,Technology,Copiers,Corporate,3,0.15,2871.19,705.13,0.24558806627217286
2024-08-09,2024,8,Europe,Technology,Phones,Corporate,3,0.1,2547.91,407.26,0.15984081070367478
2024-05-23,2024,5,Middle East & Africa,Technology,Copiers,Consumer,4,0.0,2511.89,820.44,0.3266225829952745
2021-05-21,2021,5,Middle East & Africa,Technology,Accessories,Consumer,2,0.15,788.26,105.02,0.13323015248775785
2023-04-18,2023,4,Latin America,Furniture,Chairs,Corporate,4,0.2,1212.03,-127.43,-0.10513766160903609
2021-03-06,2021,3,North America,Office Supplies,Binders,Corporate,7,0.15,376.88,21.68,0.05752494162598174
2024-07-03,2024,7,Europe,Technology,Copiers,Consumer,4,0.1,4478.53,647.32,0.14453849812326813
2024-05-12,2024,5,Europe,Office Supplies,Storage,Corporate,2,0.0,160.97,33.3,0.20687084549916132
2023-02-22,2023,2,North America,Technology,Copiers,Home Office,3,0.0,989.89,291.97,0.29495196435967636
2024-09-23,2024,9,Asia Pacific,Technology,Copiers,Home Office,3,0.2,2166.94,232.32,0.10721109029322454
2021-12-02,2021,12,Europe,Office Supplies,Art,Home Office,3,0.15,221.58,16.59,0.07487137828323856
2023-06-06,2023,6,Asia Pacific,Office Supplies,Binders,Consumer,4,0.0,527.9,117.77,0.22309149460125025
2023-10-01,2023,10,Europe,Office Supplies,Binders,Corporate,4,0.1,126.25,1.81,0.014336633663366337
2024-04-12,2024,4,Europe,Office Supplies,Binders,Consumer,5,0.15,275.55,11.85,0.04300489929232444
2024-01-11,2024,1,North America,Office Supplies,Art,Consumer,1,0.2,46.21,-0.13,-0.0028132438866046313
2022-09-29,2022,9,Europe,Furniture,Tables,Corporate,6,0.0,1752.06,187.66,0.10710820405693869
2021-12-25,2021,12,Europe,Technology,Accessories,Corporate,5,0.1,3425.37,836.17,0.24411085517768882
2023-01-18,2023,1,North America,Technology,Copiers,Consumer,5,0.4,2209.6,-198.0,-0.08960897900072412
2023-10-24,2023,10,North America,Technology,Phones,Consumer,1,0.15,807.37,136.4,0.16894360702032526
2022-11-03,2022,11,North America,Office Supplies,Paper,Corporate,4,0.1,220.45,20.56,0.09326377863461102
2021-04-08,2021,4,North America,Office Supplies,Storage,Consumer,5,0.2,239.26,-14.68,-0.06135584719551952
2023-04-24,2023,4,North America,Technology,Laptops,Consumer,1,0.0,503.34,160.61,0.3190884888941869
2022-09-06,2022,9,North America,Office Supplies,Storage,Consumer,3,0.0,223.14,38.53,0.1726718651967375
2024-12-04,2024,12,Asia Pacific,Office Supplies,Paper,Consumer,3,0.0,287.92,54.03,0.18765629341483744
2022-08-08,2022,8,North America,Technology,Laptops,Home Office,6,0.15,1975.84,472.22,0.23899708478419307
2024-10-08,2024,10,North America,Furniture,Furnishings,Consumer,1,0.4,245.77,-63.22,-0.25723237172966595
2022-04-05,2022,4,Asia Pacific,Office Supplies,Binders,Consumer,1,0.5,49.89,-9.48,-0.1900180396873121
2022-09-16,2022,9,North America,Office Supplies,Binders,Corporate,5,0.1,253.94,26.97,0.1062061904386863
2023-03-31,2023,3,North America,Office Supplies,Paper,Consumer,6,0.3,1172.4,-26.63,-0.02271409075400887
2023-11-27,2023,11,Europe,Technology,Phones,Consumer,3,0.0,2205.63,757.69,0.3435254326428277
2024-09-03,2024,9,North America,Office Supplies,Art,Consumer,4,0.1,328.27,14.36,0.04374447863039571
2021-09-08,2021,9,North America,Technology,Laptops,Corporate,2,0.4,703.56,57.09,0.08114446529080677
2022-07-03,2022,7,North America,Technology,Accessories,Consumer,3,0.1,1229.48,321.92,0.2618342713992908
2022-12-31,2022,12,Europe,Furniture,Chairs,Corporate,3,0.3,1160.68,-145.56,-0.12540924285763516
2021-10-10,2021,10,North America,Office Supplies,Storage,Consumer,4,0.0,259.9,24.99,0.09615236629472874
2021-09-30,2021,9,North America,Office Supplies,Storage,Consumer,1,0.15,46.08,3.02,0.06553819444444445
2022-11-27,2022,11,Asia Pacific,Technology,Copiers,Consumer,2,0.2,1303.79,92.65,0.07106205753994126
2022-01-22,2022,1,North America,Technology,Accessories,Consumer,5,0.15,2953.06,543.66,0.18410056009698414
2023-04-24,2023,4,North America,Office Supplies,Art,Consumer,5,0.2,552.45,16.04,0.02903430174676441
2021-07-12,2021,7,North America,Office Supplies,Art,Corporate,4,0.0,231.91,42.13,0.1816653011944289
2024-10-19,2024,10,Middle East & Africa,Technology,Copiers,Corporate,2,0.4,1448.89,-59.68,-0.04119015246153952
2024-02-20,2024,2,North America,Office Supplies,Binders,Corporate,4,0.0,287.97,36.5,0.12674931416466992
2022-01-12,2022,1,Europe,Office Supplies,Art,Consumer,4,0.0,638.17,115.2,0.18051616340473542
2023-12-11,2023,12,Asia Pacific,Furniture,Bookcases,Home Office,2,0.3,615.35,-66.67,-0.10834484439749736
2022-03-08,2022,3,Asia Pacific,Furniture,Bookcases,Consumer,4,0.4,1671.17,-373.82,-0.22368759611529646
2024-08-07,2024,8,Asia Pacific,Furniture,Tables,Consumer,1,0.15,338.11,-8.89,-0.02629321818343143
2022-09-22,2022,9,North America,Furniture,Furnishings,Consumer,4,0.1,1314.71,34.27,0.026066585026355622
2022-11-17,2022,11,North America,Office Supplies,Storage,Consumer,1,0.1,141.76,14.41,0.10165067720090294
2023-11-12,2023,11,Europe,Office Supplies,Art,Corporate,3,0.15,337.88,34.93,0.10337989818870605
2021-09-21,2021,9,North America,Technology,Phones,Consumer,3,0.1,1372.84,305.9,0.2228227615745462
2021-06-10,2021,6,Latin America,Office Supplies,Paper,Consumer,4,0.1,293.53,25.51,0.08690764146765238
2024-12-05,2024,12,Europe,Technology,Phones,Corporate,4,0.2,1804.4,88.4,0.04899135446685879
2022-03-18,2022,3,North America,Technology,Phones,Consumer,3,0.3,2044.01,87.01,0.04256828489097412
2024-01-24,2024,1,North America,Furniture,Chairs,Corporate,3,0.1,932.76,99.2,0.10635104421287363
2021-12-04,2021,12,Asia Pacific,Technology,Laptops,Consumer,4,0.5,1942.35,-169.29,-0.08715730944474477
2021-11-09,2021,11,North America,Technology,Copiers,Consumer,3,0.1,1151.46,138.5,0.12028207666788251
2021-09-25,2021,9,Asia Pacific,Technology,Laptops,Corporate,4,0.15,1817.25,364.65,0.200660338423442
2022-11-05,2022,11,Asia Pacific,Technology,Phones,Consumer,3,0.0,1763.84,529.51,0.3002029662554427
2023-11-29,2023,11,North America,Technology,Copiers,Consumer,1,0.15,333.88,35.96,0.10770336647897448
2022-11-15,2022,11,Latin America,Office Supplies,Art,Consumer,1,0.0,109.32,26.84,0.2455177460665935
2022-08-24,2022,8,Asia Pacific,Office Supplies,Storage,Corporate,2,0.0,111.52,28.71,0.2574426111908178
2022-07-26,2022,7,Europe,Technology,Laptops,Consumer,2,0.0,1433.13,390.44,0.2724386482733597
2022-09-06,2022,9,Middle East & Africa,Office Supplies,Paper,Corporate,4,0.5,366.73,-111.75,-0.3047200938019796
2024-11-06,2024,11,Latin America,Technology,Phones,Home Office,2,0.0,3308.68,815.68,0.2465273160293531
2021-04-10,2021,4,Asia Pacific,Technology,Accessories,Corporate,3,0.2,1542.83,293.13,0.18999500917145765
2021-10-24,2021,10,Middle East & Africa,Office Supplies,Art,Consumer,7,0.0,222.32,40.95,0.18419395465994964
2024-10-17,2024,10,Asia Pacific,Furniture,Chairs,Consumer,4,0.5,1052.59,-291.79,-0.2772114498522692
2022-10-29,2022,10,Latin America,Technology,Laptops,Corporate,2,0.2,578.6,25.94,0.044832353957829245
2021-02-12,2021,2,Asia Pacific,Office Supplies,Storage,Corporate,3,0.0,96.63,23.05,0.2385387560798924
2023-07-13,2023,7,Middle East & Africa,Office Supplies,Paper,Consumer,5,0.1,377.18,42.17,0.11180338300015907
2022-10-31,2022,10,Europe,Office Supplies,Binders,Corporate,5,0.5,276.87,-59.43,-0.21464947448260915
2021-12-13,2021,12,Europe,Technology,Laptops,Consumer,3,0.0,1273.98,338.44,0.2656556617843294
2023-04-18,2023,4,North America,Technology,Copiers,Consumer,2,0.0,992.49,212.28,0.21388628600791948
2022-09-24,2022,9,Asia Pacific,Furniture,Chairs,Corporate,5,0.0,1164.62,64.96,0.05577785028593017
2021-03-30,2021,3,Latin America,Office Supplies,Paper,Corporate,1,0.15,57.68,-0.14,-0.0024271844660194177
2022-06-19,2022,6,North America,Furniture,Furnishings,Corporate,5,0.1,1850.45,104.97,0.056726742143802855
2022-09-11,2022,9,North America,Technology,Accessories,Home Office,5,0.1,3185.97,902.83,0.283376805180212
2022-04-07,2022,4,Asia Pacific,Office Supplies,Art,Corporate,4,0.3,206.11,-35.41,-0.17180146523700934
2023-03-01,2023,3,North America,Technology,Copiers,Consumer,5,0.2,3535.72,592.45,0.16756134535540146
2021-11-23,2021,11,North America,Office Supplies,Paper,Home Office,1,0.0,88.62,11.72,0.13225005642067253
2021-09-20,2021,9,North America,Technology,Laptops,Corporate,1,0.3,334.5,-8.91,-0.02663677130044843
2024-11-15,2024,11,Asia Pacific,Office Supplies,Storage,Corporate,2,0.0,248.19,52.55,0.21173294653289818
2022-11-19,2022,11,Asia Pacific,Technology,Copiers,Consumer,3,0.3,1434.98,70.07,0.04882994884946131
2021-05-10,2021,5,Asia Pacific,Office Supplies,Storage,Consumer,6,0.2,167.1,4.73,0.028306403351286657
2023-02-20,2023,2,Asia Pacific,Office Supplies,Art,Consumer,2,0.2,110.62,1.31,0.011842343156752847
2021-11-26,2021,11,North America,Office Supplies,Paper,Consumer,6,0.1,558.93,34.56,0.06183242982126564
2023-01-10,2023,1,North America,Technology,Accessories,Consumer,1,0.15,475.04,23.7,0.04989053553384978
2024-06-26,2024,6,Asia Pacific,Technology,Copiers,Consumer,2,0.0,867.4,225.25,0.2596841134424718
2023-08-27,2023,8,North America,Technology,Phones,Home Office,2,0.0,782.95,258.65,0.33035315154224404
2021-04-13,2021,4,North America,Office Supplies,Storage,Consumer,3,0.15,177.53,17.16,0.09665971948403086
2024-04-08,2024,4,Asia Pacific,Technology,Accessories,Corporate,3,0.5,2850.39,-416.67,-0.14617999642154234
2022-03-22,2022,3,Europe,Office Supplies,Binders,Consumer,3,0.15,190.38,-6.12,-0.032146233848093286
2024-11-20,2024,11,North America,Office Supplies,Art,Consumer,4,0.1,349.12,8.19,0.0234589825847846
2024-12-26,2024,12,North America,Furniture,Chairs,Consumer,2,0.5,923.06,-282.59,-0.3061447793209542
2021-11-14,2021,11,Asia Pacific,Technology,Laptops,Home Office,3,0.1,1970.0,448.33,0.22757868020304567
2021-06-10,2021,6,North America,Furniture,Chairs,Consumer,1,0.1,513.65,-17.04,-0.0331743405042344
2023-01-14,2023,1,Europe,Office Supplies,Binders,Consumer,3,0.2,225.82,18.19,0.08055088123284032
2024-05-10,2024,5,North America,Furniture,Furnishings,Consumer,2,0.0,737.61,98.37,0.13336315939317525
2021-02-17,2021,2,North America,Technology,Phones,Consumer,4,0.1,1055.38,217.49,0.2060774318255036
2024-12-11,2024,12,Asia Pacific,Office Supplies,Paper,Corporate,1,0.2,122.78,1.91,0.0155562795243525
2024-09-26,2024,9,North America,Furniture,Furnishings,Consumer,3,0.0,1006.19,73.67,0.07321678808177381
2023-03-29,2023,3,Asia Pacific,Office Supplies,Binders,Consumer,3,0.0,276.29,52.09,0.18853378696297368
2022-09-13,2022,9,North America,Technology,Accessories,Consumer,5,0.0,2932.03,786.42,0.2682169009184762
2024-06-20,2024,6,Europe,Technology,Copiers,Consumer,1,0.0,470.97,120.15,0.2551117905599083
2023-10-01,2023,10,North America,Technology,Laptops,Consumer,3,0.15,849.16,150.77,0.1775519336756324
2021-10-05,2021,10,North America,Technology,Laptops,Consumer,4,0.3,1516.21,115.7,0.076308690748643
2022-04-25,2022,4,Europe,Office Supplies,Paper,Corporate,5,0.15,365.45,24.82,0.06791626761526885
2022-03-23,2022,3,Asia Pacific,Office Supplies,Storage,Consumer,1,0.15,52.72,1.82,0.03452200303490137
2024-11-16,2024,11,North America,Technology,Laptops,Corporate,5,0.15,2361.82,249.83,0.10577859447375329
2023-10-12,2023,10,North America,Office Supplies,Art,Corporate,1,0.0,60.76,5.59,0.09200131665569454
2023-10-02,2023,10,North America,Technology,Copiers,Consumer,1,0.15,424.47,18.25,0.04299479350719721
2023-10-16,2023,10,Asia Pacific,Office Supplies,Storage,Consumer,4,0.15,301.4,42.45,0.14084273390842736
2022-07-29,2022,7,Europe,Technology,Laptops,Corporate,1,0.3,442.28,-6.79,-0.015352265533146425
2024-04-03,2024,4,Europe,Office Supplies,Binders,Consumer,2,0.0,197.64,50.06,0.2532888079336167
2023-07-25,2023,7,North America,Office Supplies,Paper,Corporate,4,0.1,206.55,25.75,0.12466715081094165
2024-12-22,2024,12,North America,Office Supplies,Storage,Consumer,2,0.3,189.28,-5.47,-0.028898985629754858
2022-02-07,2022,2,Latin America,Office Supplies,Paper,Consumer,3,0.1,115.03,5.74,0.049900026080153
2022-12-14,2022,12,North America,Technology,Accessories,Consumer,5,0.1,3903.13,525.73,0.13469446316161646
2024-10-03,2024,10,Asia Pacific,Furniture,Bookcases,Consumer,2,0.4,501.93,-135.55,-0.2700575777498855
2024-01-06,2024,1,North America,Furniture,Bookcases,Consumer,5,0.4,2768.53,-615.94,-0.22247907734429462
2021-03-01,2021,3,Asia Pacific,Furniture,Furnishings,Corporate,5,0.2,1605.32,-137.91,-0.08590810554904942
2023-09-20,2023,9,Europe,Furniture,Tables,Consumer,3,0.0,1306.96,81.27,0.06218246924159882
2022-03-17,2022,3,Latin America,Furniture,Chairs,Corporate,2,0.0,512.69,32.35,0.06309855858315941
2024-01-22,2024,1,Latin America,Technology,Accessories,Consumer,5,0.1,2841.53,523.36,0.184182465080432
2024-01-29,2024,1,Europe,Office Supplies,Paper,Consumer,3,0.1,166.89,15.0,0.08987956138774043
2021-12-08,2021,12,North America,Furniture,Bookcases,Home Office,5,0.15,1826.06,-94.77,-0.05189862326539106
2021-10-11,2021,10,Asia Pacific,Office Supplies,Binders,Corporate,1,0.15,80.66,8.42,0.10438879246218696
2024-07-17,2024,7,Europe,Office Supplies,Art,Corporate,5,0.1,423.26,17.33,0.04094410055285167
2024-04-29,2024,4,North America,Office Supplies,Storage,Corporate,4,0.1,182.3,33.97,0.18634119583104772
2022-04-27,2022,4,Asia Pacific,Office Supplies,Art,Consumer,7,0.3,386.9,-29.11,-0.07523907986559834
2024-04-29,2024,4,Latin America,Technology,Laptops,Home Office,4,0.1,1532.05,190.97,0.12464997878659313
2024-10-29,2024,10,Europe,Technology,Accessories,Corporate,1,0.0,495.21,110.34,0.2228145635185073
2022-12-07,2022,12,Europe,Technology,Laptops,Corporate,2,0.0,2474.97,700.32,0.28296100558794657
2022-04-13,2022,4,North America,Office Supplies,Paper,Corporate,3,0.1,266.74,-0.93,-0.0034865412011696783
2024-01-25,2024,1,Europe,Office Supplies,Storage,Corporate,1,0.2,149.17,9.49,0.06361869008513776
2023-12-20,2023,12,Europe,Office Supplies,Paper,Consumer,5,0.2,407.84,5.0,0.01225970969007454
2024-11-04,2024,11,North America,Office Supplies,Binders,Consumer,5,0.3,372.45,-37.06,-0.09950328903208486
2024-11-23,2024,11,Latin America,Office Supplies,Art,Corporate,3,0.15,354.88,53.39,0.15044522091974752
2024-01-26,2024,1,Asia Pacific,Office Supplies,Binders,Home Office,6,0.3,264.51,-30.74,-0.11621488790593928
2024-07-11,2024,7,North America,Technology,Accessories,Home Office,2,0.1,1359.55,219.22,0.1612445294398882
2024-03-23,2024,3,Middle East & Africa,Office Supplies,Art,Corporate,5,0.4,528.28,-89.47,-0.1693609449534338
2021-11-05,2021,11,North America,Furniture,Furnishings,Consumer,1,0.3,254.89,-44.15,-0.17321197379261644
2024-03-03,2024,3,North America,Office Supplies,Storage,Corporate,6,0.3,530.2,-43.3,-0.08166729536024141
2022-12-04,2022,12,Asia Pacific,Office Supplies,Paper,Corporate,4,0.3,420.69,-25.93,-0.061636834723905964
2024-12-27,2024,12,Asia Pacific,Technology,Phones,Consumer,2,0.1,1720.9,286.51,0.16648846533790457
2021-12-27,2021,12,North America,Technology,Accessories,Corporate,3,0.2,2133.71,161.22,0.07555853419630597
2021-12-28,2021,12,North America,Furniture,Bookcases,Home Office,9,0.0,3196.27,464.46,0.14531313061787646
2022-10-19,2022,10,Middle East & Africa,Office Supplies,Storage,Corporate,5,0.0,364.14,89.07,0.24460372384247817
2022-07-31,2022,7,Europe,Office Supplies,Storage,Consumer,7,0.3,581.81,-102.98,-0.17699936405355704
2023-02-09,2023,2,Latin America,Office Supplies,Art,Consumer,4,0.3,168.63,-20.66,-0.12251675265373896
2022-04-01,2022,4,North America,Office Supplies,Paper,Consumer,1,0.15,56.84,4.72,0.08304011259676283
2022-08-07,2022,8,North America,Technology,Laptops,Consumer,2,0.0,1090.01,315.41,0.2893643177585527
2024-02-23,2024,2,North America,Office Supplies,Storage,Corporate,2,0.0,124.29,23.08,0.18569474615817844
2022-02-02,2022,2,Asia Pacific,Technology,Laptops,Consumer,4,0.1,2197.74,385.96,0.17561676995458972
2023-02-26,2023,2,Asia Pacific,Technology,Phones,Consumer,5,0.15,3011.66,428.28,0.14220728767523558
2022-11-11,2022,11,Asia Pacific,Technology,Copiers,Consumer,5,0.15,3349.14,639.52,0.19095051266892396
2024-09-08,2024,9,Europe,Office Supplies,Storage,Corporate,4,0.3,249.77,-36.19,-0.14489330183769067
2022-04-08,2022,4,Europe,Technology,Copiers,Home Office,4,0.1,1444.42,163.67,0.1133119175862976
2022-06-26,2022,6,Europe,Technology,Copiers,Consumer,8,0.3,5686.7,811.76,0.14274711168164314
2021-07-12,2021,7,Asia Pacific,Technology,Accessories,Corporate,6,0.0,4145.97,968.26,0.23354245206791172
2021-02-01,2021,2,North America,Office Supplies,Art,Corporate,2,0.4,68.68,-15.46,-0.22510192195690157
2023-07-24,2023,7,Asia Pacific,Office Supplies,Binders,Corporate,5,0.3,393.0,-13.02,-0.033129770992366414
2024-11-30,2024,11,Asia Pacific,Furniture,Bookcases,Corporate,1,0.0,765.26,75.91,0.0991950448213679
2024-11-02,2024,11,Europe,Office Supplies,Art,Corporate,5,0.0,684.98,193.58,0.2826067914391661
2023-05-28,2023,5,North America,Furniture,Bookcases,Consumer,5,0.2,1331.22,-92.69,-0.06962786015835098
2021-06-25,2021,6,Europe,Furniture,Furnishings,Consumer,4,0.15,1493.27,-134.95,-0.09037213631828135
2022-01-19,2022,1,Latin America,Furniture,Chairs,Corporate,4,0.4,636.76,-153.48,-0.24103272818644386
2022-05-26,2022,5,Asia Pacific,Office Supplies,Storage,Home Office,3,0.1,173.93,26.33,0.15138274018283215
2024-06-26,2024,6,Europe,Technology,Copiers,Consumer,1,0.0,572.53,150.92,0.2636019073236337
2024-09-17,2024,9,Asia Pacific,Technology,Copiers,Home Office,2,0.1,1297.55,179.94,0.13867673692728605
2022-08-12,2022,8,Europe,Technology,Laptops,Home Office,2,0.0,651.84,174.0,0.26693667157584683
2021-09-16,2021,9,Latin America,Technology,Laptops,Corporate,3,0.15,1187.87,222.03,0.18691439298913182
2024-12-06,2024,12,North America,Technology,Laptops,Consumer,2,0.4,3177.37,-194.36,-0.061170087210491705
2024-06-16,2024,6,North America,Furniture,Chairs,Consumer,1,0.2,471.77,-27.12,-0.057485639188587664
2023-04-27,2023,4,North America,Office Supplies,Paper,Consumer,2,0.15,112.42,11.07,0.09847002312755737
2022-07-17,2022,7,Asia Pacific,Technology,Phones,Consumer,5,0.4,4086.22,-339.55,-0.08309635800324017
2023-01-20,2023,1,North America,Office Supplies,Art,Home Office,5,0.2,298.23,35.15,0.1178620527780572
2023-07-09,2023,7,Middle East & Africa,Office Supplies,Art,Consumer,3,0.4,207.21,-35.15,-0.16963467014140243
2022-07-09,2022,7,Latin America,Office Supplies,Storage,Consumer,2,0.15,193.91,3.1,0.015986797999071736
2023-08-27,2023,8,Asia Pacific,Office Supplies,Binders,Consumer,4,0.0,623.38,99.8,0.16009496615226668
2024-07-06,2024,7,Asia Pacific,Technology,Laptops,Home Office,1,0.0,1126.29,350.35,0.3110655337435297
2024-09-20,2024,9,Asia Pacific,Furniture,Bookcases,Corporate,4,0.2,824.7,-36.24,-0.043943252091669695
2021-04-16,2021,4,Europe,Office Supplies,Paper,Corporate,2,0.15,93.8,7.61,0.08113006396588486
2023-11-02,2023,11,Asia Pacific,Office Supplies,Paper,Home Office,3,0.1,347.04,56.57,0.16300714615029968
2021-11-17,2021,11,Europe,Office Supplies,Storage,Consumer,5,0.1,754.74,97.81,0.1295942973739301
2021-06-17,2021,6,Europe,Office Supplies,Art,Corporate,2,0.0,127.05,32.09,0.25257772530499806
2022-10-08,2022,10,North America,Office Supplies,Art,Consumer,6,0.2,295.42,-13.69,-0.04634080292464965
2024-01-19,2024,1,Europe,Office Supplies,Paper,Consumer,2,0.15,168.77,3.95,0.023404633524915563
2022-09-06,2022,9,North America,Technology,Laptops,Corporate,4,0.0,1110.74,338.74,0.30496785926499453
2024-11-24,2024,11,North America,Furniture,Furnishings,Home Office,8,0.0,2856.68,245.83,0.08605444081941276
2022-03-16,2022,3,Europe,Technology,Copiers,Consumer,1,0.2,197.69,12.97,0.06560776974050281
2023-04-02,2023,4,Europe,Office Supplies,Storage,Corporate,3,0.0,156.7,26.24,0.16745373324824506
2024-02-09,2024,2,Asia Pacific,Technology,Accessories,Home Office,2,0.3,525.99,70.21,0.13348162512595296
2024-07-02,2024,7,Asia Pacific,Office Supplies,Art,Home Office,6,0.1,230.63,30.26,0.13120582751593463
2021-09-08,2021,9,Europe,Technology,Accessories,Consumer,3,0.15,1260.25,247.17,0.19612775243007338
2022-10-01,2022,10,Asia Pacific,Office Supplies,Binders,Consumer,2,0.1,136.17,10.15,0.07453917896746715
2022-10-23,2022,10,Asia Pacific,Office Supplies,Art,Corporate,1,0.1,66.61,3.72,0.05584747034979733
2021-01-28,2021,1,Europe,Office Supplies,Storage,Corporate,6,0.4,325.58,-32.81,-0.10077400331715708
2023-11-15,2023,11,Latin America,Furniture,Chairs,Consumer,3,0.2,1408.9,-133.77,-0.09494641209454184
2022-02-26,2022,2,North America,Furniture,Tables,Consumer,3,0.2,457.02,-58.57,-0.1281563170101965
2022-07-25,2022,7,Latin America,Office Supplies,Storage,Consumer,6,0.3,274.99,-34.05,-0.12382268446125312
2024-11-28,2024,11,Asia Pacific,Technology,Phones,Home Office,1,0.1,911.92,166.97,0.1830972015089043
2022-06-11,2022,6,North America,Technology,Laptops,Consumer,3,0.3,1827.2,67.4,0.03688704028021016
2023-03-08,2023,3,North America,Technology,Accessories,Corporate,1,0.2,559.96,107.84,0.19258518465604685
2022-05-07,2022,5,Asia Pacific,Furniture,Tables,Corporate,3,0.1,1230.54,101.98,0.0828741853170153
2021-06-29,2021,6,North America,Office Supplies,Art,Home Office,2,0.1,71.79,10.14,0.14124529878813205
2021-11-30,2021,11,Latin America,Technology,Copiers,Consumer,2,0.1,1507.72,216.02,0.1432759398296766
2024-08-09,2024,8,North America,Office Supplies,Binders,Home Office,5,0.4,326.49,-58.3,-0.17856595914116816
2021-05-22,2021,5,Europe,Office Supplies,Storage,Consumer,5,0.0,310.64,52.44,0.16881277362863764
2021-01-11,2021,1,Asia Pacific,Technology,Accessories,Consumer,4,0.2,2034.85,70.17,0.034484114308179964
2022-02-12,2022,2,North America,Technology,Accessories,Corporate,4,0.0,1812.56,500.17,0.2759467272807521
2024-01-21,2024,1,North America,Office Supplies,Binders,Consumer,5,0.0,248.95,37.02,0.1487045591484234
2022-07-03,2022,7,Latin America,Office Supplies,Storage,Consumer,6,0.2,484.88,45.47,0.09377577957432767
2024-06-23,2024,6,Middle East & Africa,Office Supplies,Binders,Corporate,4,0.3,336.61,-11.71,-0.034788033629422774
2022-08-17,2022,8,Europe,Technology,Laptops,Home Office,3,0.0,1175.22,248.07,0.21108388216674323
2021-03-04,2021,3,Europe,Technology,Phones,Consumer,3,0.5,1419.51,-236.98,-0.1669449317017844
2021-06-11,2021,6,Europe,Office Supplies,Paper,Corporate,2,0.0,171.59,34.67,0.20205140159682966
2021-08-16,2021,8,North America,Office Supplies,Paper,Consumer,2,0.0,91.52,15.72,0.17176573426573427
2023-09-04,2023,9,Middle East & Africa,Office Supplies,Art,Corporate,2,0.0,154.46,14.45,0.09355172860287451
2024-10-03,2024,10,North America,Furniture,Tables,Consumer,3,0.3,1002.0,-174.72,-0.17437125748502993
2022-07-23,2022,7,North America,Furniture,Furnishings,Consumer,2,0.1,706.73,5.99,0.00847565548370665
2021-05-27,2021,5,North America,Office Supplies,Art,Corporate,2,0.3,124.25,-13.77,-0.11082494969818914
2023-12-12,2023,12,North America,Office Supplies,Art,Corporate,4,0.15,353.64,18.56,0.05248275082004298
2021-07-16,2021,7,Europe,Office Supplies,Paper,Corporate,2,0.2,147.83,9.36,0.0633159710478252
2023-02-18,2023,2,Europe,Office Supplies,Paper,Home Office,2,0.15,63.6,-4.6,-0.07232704402515723
2022-12-03,2022,12,Europe,Technology,Laptops,Corporate,1,0.3,855.34,-113.6,-0.13281268267589497
2021-06-03,2021,6,Asia Pacific,Office Supplies,Paper,Consumer,5,0.3,313.54,-46.58,-0.1485615870383364
2023-08-31,2023,8,North America,Furniture,Tables,Home Office,2,0.1,535.86,-26.74,-0.049901093569215835
2024-11-19,2024,11,Europe,Technology,Accessories,Home Office,4,0.15,4435.91,1104.61,0.24901542186383402
2024-02-21,2024,2,North America,Office Supplies,Storage,Corporate,6,0.3,215.31,-21.02,-0.09762667781338535
2024-05-25,2024,5,North America,Furniture,Tables,Corporate,8,0.0,2068.39,389.0,0.1880689811882672
2024-01-31,2024,1,Asia Pacific,Technology,Copiers,Home Office,1,0.0,753.99,231.38,0.306874096473428
2024-02-01,2024,2,Asia Pacific,Office Supplies,Art,Corporate,1,0.15,49.86,2.96,0.059366225431207384
2022-03-02,2022,3,Asia Pacific,Office Supplies,Storage,Consumer,1,0.1,49.66,1.53,0.030809504631494164
2021-06-27,2021,6,Middle East & Africa,Office Supplies,Art,Consumer,2,0.4,93.48,-16.61,-0.17768506632434744
2022-02-18,2022,2,Middle East & Africa,Technology,Accessories,Home Office,1,0.15,294.11,19.71,0.06701574240930264
2022-01-21,2022,1,Asia Pacific,Furniture,Furnishings,Consumer,3,0.2,601.31,-19.64,-0.03266202125359632
2022-05-13,2022,5,Europe,Furniture,Furnishings,Home Office,1,0.3,363.51,-8.68,-0.023878297708453688
2024-12-02,2024,12,North America,Office Supplies,Art,Consumer,1,0.0,166.74,37.94,0.22753988245172121
2022-09-20,2022,9,Asia Pacific,Furniture,Chairs,Corporate,3,0.15,725.08,-7.02,-0.009681690296243172
2023-12-30,2023,12,Middle East & Africa,Office Supplies,Binders,Home Office,1,0.3,97.89,-10.21,-0.10430074573500869
2024-11-20,2024,11,Europe,Office Supplies,Binders,Consumer,8,0.3,1001.88,-91.52,-0.09134826526130874
2024-10-20,2024,10,North America,Technology,Phones,Consumer,3,0.2,838.04,17.93,0.02139516013555439
2022-03-17,2022,3,North America,Office Supplies,Binders,Corporate,2,0.15,87.81,8.91,0.10146908097027674
2024-11-18,2024,11,Latin America,Furniture,Furnishings,Home Office,6,0.4,4954.3,-870.14,-0.17563328825464747
2023-12-07,2023,12,Asia Pacific,Furniture,Furnishings,Corporate,1,0.4,310.88,-81.69,-0.26277020072053525
2023-10-27,2023,10,North America,Office Supplies,Art,Consumer,3,0.1,381.5,62.87,0.16479685452162515
2024-05-25,2024,5,Asia Pacific,Office Supplies,Paper,Home Office,2,0.1,138.89,13.21,0.09511123911008713
2022-09-20,2022,9,North America,Office Supplies,Paper,Corporate,1,0.1,40.99,2.6,0.06343010490363503
2022-08-23,2022,8,North America,Office Supplies,Binders,Corporate,1,0.3,59.91,-6.62,-0.11049908195626774
2021-03-10,2021,3,Asia Pacific,Furniture,Furnishings,Corporate,2,0.15,499.1,-20.21,-0.04049288719695452
2022-12-28,2022,12,Asia Pacific,Office Supplies,Storage,Corporate,2,0.1,120.77,23.27,0.19268030139935416
2022-06-11,2022,6,North America,Office Supplies,Storage,Consumer,1,0.15,65.51,-1.45,-0.0221340253396428
2022-03-31,2022,3,North America,Furniture,Tables,Consumer,4,0.15,2258.43,-135.56,-0.060023998972737705
2024-09-28,2024,9,Latin America,Office Supplies,Storage,Home Office,2,0.15,114.87,8.56,0.07451902150256812
2024-11-28,2024,11,North America,Technology,Copiers,Corporate,1,0.2,906.4,79.59,0.0878089143865843
2024-02-08,2024,2,Latin America,Office Supplies,Storage,Corporate,2,0.1,131.47,16.25,0.12360234273978854
2021-05-24,2021,5,North America,Office Supplies,Binders,Corporate,3,0.2,172.32,7.37,0.04276926648096565
2023-10-26,2023,10,Middle East & Africa,Furniture,Bookcases,Home Office,4,0.1,1767.37,49.71,0.028126538302675728
2021-10-12,2021,10,North America,Office Supplies,Binders,Corporate,4,0.3,243.98,-26.47,-0.1084924993851955
2023-06-28,2023,6,Europe,Office Supplies,Art,Home Office,3,0.1,185.89,-3.08,-0.01656893861961375
2021-09-08,2021,9,North America,Office Supplies,Paper,Home Office,2,0.3,234.92,-4.38,-0.01864464498552699
2023-10-16,2023,10,Asia Pacific,Technology,Accessories,Consumer,2,0.0,1966.21,639.75,0.3253721626886243
2024-01-01,2024,1,Europe,Furniture,Bookcases,Consumer,1,0.3,226.79,-33.3,-0.1468318708937784
2022-01-27,2022,1,Europe,Technology,Phones,Home Office,2,0.15,905.48,121.8,0.13451429076291027
2021-09-07,2021,9,Europe,Technology,Phones,Consumer,1,0.3,578.91,0.59,0.0010191566910227841
2024-04-09,2024,4,North America,Technology,Laptops,Corporate,3,0.1,1118.95,191.69,0.17131239108092408
2022-07-29,2022,7,Asia Pacific,Office Supplies,Storage,Corporate,5,0.0,495.03,83.35,0.1683736339211765
2021-04-21,2021,4,Middle East & Africa,Office Supplies,Art,Home Office,2,0.0,113.19,24.04,0.21238625320257973
2022-03-07,2022,3,Europe,Office Supplies,Binders,Corporate,5,0.2,470.0,29.22,0.062170212765957446
2021-09-18,2021,9,Europe,Technology,Laptops,Consumer,2,0.2,1174.03,113.24,0.09645409401804042
2022-05-08,2022,5,North America,Technology,Laptops,Consumer,2,0.1,1115.03,272.32,0.24422661273687704
2024-12-22,2024,12,Latin America,Furniture,Chairs,Consumer,2,0.2,1487.28,-63.6,-0.0427626270776182
2024-12-28,2024,12,Asia Pacific,Furniture,Furnishings,Consumer,3,0.1,1840.72,181.4,0.09854839410665392
2021-03-24,2021,3,Europe,Office Supplies,Binders,Consumer,2,0.1,123.74,13.73,0.1109584612898012
2023-04-13,2023,4,Europe,Technology,Phones,Consumer,5,0.0,2552.72,690.03,0.27031166755460845
2022-03-25,2022,3,Asia Pacific,Office Supplies,Art,Corporate,4,0.0,346.87,80.18,0.23115288148297636
2022-03-19,2022,3,Europe,Office Supplies,Paper,Home Office,6,0.2,315.54,35.07,0.11114280281422323
2022-07-10,2022,7,Europe,Office Supplies,Binders,Corporate,3,0.0,228.09,49.07,0.21513437678109518
2024-08-09,2024,8,Latin America,Technology,Copiers,Consumer,1,0.2,478.15,36.43,0.07618948028861236
2023-05-03,2023,5,North America,Technology,Phones,Consumer,1,0.1,529.67,91.9,0.17350425736779507
2023-11-23,2023,11,North America,Furniture,Bookcases,Corporate,1,0.2,881.82,-133.47,-0.15135741988160847
2023-01-31,2023,1,Europe,Technology,Copiers,Corporate,4,0.4,1725.86,-172.15,-0.09974737232452227
2021-10-06,2021,10,North America,Technology,Accessories,Consumer,1,0.0,858.33,238.06,0.27735253340789673
2022-05-24,2022,5,Asia Pacific,Office Supplies,Paper,Corporate,3,0.1,179.32,9.34,0.05208565692616551
2021-10-04,2021,10,Europe,Technology,Copiers,Home Office,3,0.0,2166.15,737.85,0.34062738037532025
2023-11-01,2023,11,North America,Technology,Copiers,Corporate,4,0.2,1713.62,137.92,0.08048458818174391
2023-01-09,2023,1,Middle East & Africa,Office Supplies,Art,Consumer,2,0.0,95.44,18.21,0.1908005029337804
2024-07-10,2024,7,Asia Pacific,Technology,Copiers,Consumer,6,0.0,3581.13,925.56,0.25845473356175286
2024-05-15,2024,5,North America,Technology,Accessories,Corporate,4,0.2,4313.04,388.33,0.09003626212601784
2022-10-09,2022,10,Europe,Furniture,Tables,Consumer,4,0.1,757.15,-45.11,-0.059578683219969626
2021-10-26,2021,10,Europe,Office Supplies,Binders,Consumer,6,0.2,263.32,-13.72,-0.052103903995139
2023-10-09,2023,10,North America,Office Supplies,Art,Home Office,2,0.15,150.02,6.01,0.040061325156645775
2024-03-31,2024,3,North America,Technology,Copiers,Consumer,1,0.4,647.08,-89.17,-0.1378036718798294
2021-08-27,2021,8,Asia Pacific,Office Supplies,Storage,Home Office,2,0.15,89.99,4.37,0.04856095121680187
2022-12-12,2022,12,North America,Technology,Accessories,Consumer,1,0.0,928.86,257.6,0.277329199233469
2024-08-25,2024,8,Europe,Technology,Copiers,Corporate,3,0.3,922.8,-40.32,-0.04369310793237972
2024-09-19,2024,9,North America,Technology,Phones,Consumer,1,0.15,745.5,80.41,0.10786049631120054
2023-05-15,2023,5,Latin America,Office Supplies,Binders,Corporate,4,0.1,274.33,-11.59,-0.042248386979185655
2021-02-12,2021,2,Asia Pacific,Technology,Phones,Corporate,1,0.3,218.44,0.19,0.0008698040651895257
2022-04-18,2022,4,North America,Office Supplies,Binders,Consumer,6,0.0,520.64,88.97,0.17088583282114322
2022-07-21,2022,7,Latin America,Technology,Phones,Consumer,1,0.15,769.21,101.61,0.13209656660729838
2024-03-18,2024,3,North America,Office Supplies,Art,Home Office,1,0.15,101.31,1.81,0.017865955976705164
2023-06-07,2023,6,Asia Pacific,Technology,Copiers,Consumer,3,0.0,1646.3,472.08,0.28675211079390145
2023-02-21,2023,2,North America,Office Supplies,Art,Corporate,4,0.1,89.72,7.37,0.08214444939812751
2024-05-27,2024,5,Asia Pacific,Technology,Phones,Consumer,4,0.0,2496.22,673.04,0.2696236709905377
2021-10-08,2021,10,North America,Office Supplies,Storage,Home Office,1,0.15,74.4,11.38,0.15295698924731183
2022-06-20,2022,6,North America,Furniture,Chairs,Corporate,7,0.0,2570.46,292.32,0.11372283560140986
2021-07-30,2021,7,Europe,Furniture,Bookcases,Corporate,3,0.1,618.4,46.6,0.07535575679172057
2021-04-05,2021,4,Europe,Technology,Accessories,Consumer,5,0.4,1902.22,-278.33,-0.1463185120543365
2023-09-25,2023,9,Middle East & Africa,Office Supplies,Paper,Consumer,5,0.3,434.02,-34.1,-0.07856780793511821
2024-07-01,2024,7,North America,Technology,Accessories,Home Office,5,0.2,4508.31,255.59,0.056693084548311894
2024-02-05,2024,2,Europe,Office Supplies,Art,Consumer,1,0.2,68.47,-1.67,-0.024390243902439025
2023-03-23,2023,3,Europe,Furniture,Furnishings,Consumer,3,0.5,1017.16,-248.0,-0.24381611545872822
2022-12-10,2022,12,Middle East & Africa,Furniture,Tables,Consumer,3,0.3,2980.86,-366.7,-0.12301818938158786
2022-11-29,2022,11,Asia Pacific,Office Supplies,Paper,Home Office,1,0.2,69.22,-5.01,-0.07237792545507078
2021-09-01,2021,9,Asia Pacific,Technology,Accessories,Home Office,2,0.15,851.44,149.27,0.17531476087569295
2021-03-31,2021,3,Middle East & Africa,Technology,Accessories,Corporate,6,0.1,1446.84,396.11,0.2737759531116088
2021-01-14,2021,1,North America,Furniture,Bookcases,Consumer,1,0.0,205.23,26.11,0.12722311552891877
2022-08-08,2022,8,Latin America,Technology,Laptops,Consumer,2,0.15,500.9,95.38,0.1904172489518866
2023-04-03,2023,4,Asia Pacific,Technology,Phones,Consumer,3,0.5,762.6,-29.92,-0.03923419879360084
2022-04-03,2022,4,Latin America,Technology,Laptops,Corporate,3,0.15,820.06,147.87,0.18031607443357806
2023-07-05,2023,7,North America,Office Supplies,Storage,Corporate,3,0.2,130.75,5.41,0.04137667304015297
2021-06-11,2021,6,Asia Pacific,Office Supplies,Binders,Home Office,2,0.15,97.46,1.73,0.017750872152678024
2023-12-28,2023,12,Europe,Technology,Accessories,Home Office,4,0.0,2645.89,722.46,0.2730499000336371
2022-06-07,2022,6,Latin America,Office Supplies,Storage,Consumer,1,0.0,76.78,13.96,0.18181818181818182
2023-03-28,2023,3,Asia Pacific,Office Supplies,Paper,Consumer,2,0.15,155.65,7.84,0.05036941856729842
2021-08-11,2021,8,Asia Pacific,Office Supplies,Binders,Consumer,4,0.3,361.18,-27.04,-0.07486571792458054
2023-05-02,2023,5,North America,Furniture,Bookcases,Corporate,5,0.0,1870.49,171.63,0.09175670546220509
2023-05-01,2023,5,Europe,Office Supplies,Paper,Consumer,2,0.15,165.14,1.1,0.006661014896451497
2022-08-03,2022,8,Middle East & Africa,Office Supplies,Binders,Home Office,3,0.4,195.2,-35.57,-0.18222336065573772
2021-11-17,2021,11,Europe,Technology,Laptops,Consumer,3,0.15,1715.99,34.77,0.02026235584123451
2023-11-09,2023,11,Middle East & Africa,Office Supplies,Binders,Corporate,3,0.15,421.24,51.53,0.1223293134555123
2021-10-22,2021,10,Asia Pacific,Technology,Copiers,Consumer,3,0.15,1358.31,224.72,0.1654408787390213
2023-12-21,2023,12,Europe,Office Supplies,Binders,Consumer,4,0.0,386.9,112.2,0.2899974153528044
2023-09-12,2023,9,Asia Pacific,Office Supplies,Art,Corporate,2,0.2,134.64,5.22,0.03877005347593583
2021-09-15,2021,9,Latin America,Office Supplies,Art,Home Office,7,0.2,595.31,18.96,0.0318489526465203
2021-03-28,2021,3,Europe,Office Supplies,Binders,Consumer,1,0.0,24.04,5.6,0.23294509151414308
2024-09-20,2024,9,Europe,Office Supplies,Storage,Corporate,4,0.3,334.48,-55.72,-0.1665869409232241
2021-05-26,2021,5,North America,Office Supplies,Binders,Consumer,5,0.15,388.29,18.83,0.048494681809987374
2023-05-02,2023,5,Middle East & Africa,Technology,Laptops,Consumer,7,0.1,5755.23,1311.29,0.22784319653602028
2023-12-03,2023,12,Asia Pacific,Furniture,Tables,Corporate,2,0.1,918.97,-48.13,-0.052373853335799865
2021-02-03,2021,2,North America,Office Supplies,Art,Corporate,1,0.4,42.02,-5.03,-0.11970490242741551
2023-10-18,2023,10,Asia Pacific,Furniture,Bookcases,Consumer,2,0.15,1339.02,22.77,0.017004973786799302
2024-08-24,2024,8,Latin America,Technology,Laptops,Consumer,3,0.2,1602.03,255.94,0.15975980474772633
2023-01-27,2023,1,Asia Pacific,Office Supplies,Binders,Corporate,4,0.1,279.79,39.83,0.14235676757568175
2021-02-12,2021,2,Asia Pacific,Office Supplies,Storage,Consumer,3,0.0,175.79,54.5,0.31002901188918597
2024-05-14,2024,5,Middle East & Africa,Furniture,Bookcases,Corporate,3,0.2,755.88,-2.24,-0.0029634333492088694
2024-01-03,2024,1,Europe,Office Supplies,Paper,Consumer,4,0.1,215.6,54.69,0.2536641929499072
2023-10-17,2023,10,Europe,Furniture,Chairs,Corporate,3,0.15,1877.09,62.75,0.033429404024314234
2021-10-13,2021,10,Asia Pacific,Office Supplies,Storage,Corporate,3,0.0,110.21,11.68,0.10597949369385719
2021-11-22,2021,11,Europe,Office Supplies,Binders,Corporate,4,0.2,273.66,25.18,0.09201198567565591
2023-02-08,2023,2,North America,Office Supplies,Storage,Consumer,3,0.0,175.53,33.42,0.19039480430695607
2022-03-26,2022,3,Europe,Technology,Laptops,Corporate,2,0.2,869.29,100.75,0.11589918209113184
2022-07-08,2022,7,Asia Pacific,Office Supplies,Storage,Corporate,5,0.2,262.69,14.31,0.05447485629449161
2024-12-18,2024,12,Europe,Technology,Accessories,Corporate,5,0.15,3048.89,390.62,0.12811875797421357
2024-12-15,2024,12,North America,Technology,Accessories,Consumer,3,0.3,1811.94,-133.07,-0.07344062165413866
2023-07-16,2023,7,Latin America,Office Supplies,Storage,Consumer,3,0.2,233.46,20.7,0.08866615265998458
2023-11-08,2023,11,Europe,Furniture,Furnishings,Consumer,4,0.1,1138.88,10.34,0.009079095251475133
2021-09-15,2021,9,Asia Pacific,Technology,Copiers,Consumer,4,0.0,2065.4,516.73,0.25018398373196477
2023-06-16,2023,6,Latin America,Office Supplies,Paper,Corporate,3,0.4,186.92,-38.94,-0.20832441686282901
2021-04-17,2021,4,North America,Office Supplies,Binders,Corporate,3,0.0,95.69,18.16,0.18977949629010346
2024-10-27,2024,10,Asia Pacific,Technology,Accessories,Consumer,2,0.15,1965.7,282.55,0.14374014346034492
2022-04-06,2022,4,Asia Pacific,Technology,Laptops,Corporate,1,0.1,324.33,72.95,0.22492523047513338
2024-10-03,2024,10,Europe,Technology,Copiers,Corporate,1,0.1,480.57,109.37,0.2275839107726242
2024-08-15,2024,8,Asia Pacific,Office Supplies,Art,Corporate,5,0.2,365.53,-8.82,-0.024129346428473725
2022-02-03,2022,2,Europe,Office Supplies,Art,Corporate,4,0.1,360.94,81.19,0.224940433313016
2021-09-22,2021,9,Europe,Technology,Copiers,Home Office,1,0.1,470.01,27.6,0.0587221548477692
2024-01-13,2024,1,Europe,Furniture,Chairs,Consumer,3,0.5,1345.48,-481.45,-0.3578276897464102
2024-11-06,2024,11,Asia Pacific,Office Supplies,Art,Corporate,2,0.2,262.63,17.59,0.06697635456726193
2022-11-23,2022,11,Latin America,Furniture,Chairs,Consumer,2,0.3,875.8,-193.85,-0.22134048869604933
2024-05-08,2024,5,North America,Furniture,Bookcases,Consumer,4,0.15,993.11,-28.49,-0.0286876579633676
2022-01-17,2022,1,North America,Technology,Phones,Consumer,6,0.15,2800.78,419.7,0.14985111290426237
2022-06-01,2022,6,Middle East & Africa,Office Supplies,Storage,Consumer,2,0.0,170.65,19.56,0.11462056841488426
2023-01-25,2023,1,North America,Office Supplies,Art,Corporate,1,0.1,62.97,6.43,0.10211211688105447
2023-11-19,2023,11,North America,Office Supplies,Binders,Corporate,1,0.3,116.22,-11.48,-0.09877817931509207
2022-02-17,2022,2,North America,Technology,Accessories,Home Office,5,0.15,1382.7,216.46,0.15654878136978376
2021-09-05,2021,9,Europe,Furniture,Bookcases,Consumer,2,0.2,907.46,-80.14,-0.08831243250391202
2021-10-22,2021,10,North America,Furniture,Furnishings,Corporate,1,0.0,255.54,36.07,0.14115207012600767
2021-06-29,2021,6,Latin America,Technology,Laptops,Home Office,5,0.0,1816.17,627.67,0.34560090740404253
2023-04-09,2023,4,North America,Office Supplies,Binders,Consumer,4,0.1,240.89,40.19,0.16683963634854082
2023-05-27,2023,5,Asia Pacific,Technology,Phones,Corporate,4,0.0,2437.5,914.65,0.3752410256410256
2024-03-25,2024,3,Europe,Technology,Accessories,Consumer,5,0.0,5342.41,1479.72,0.2769761212636245
2023-08-17,2023,8,Asia Pacific,Technology,Copiers,Home Office,2,0.15,1215.06,117.71,0.09687587444241437
2024-04-01,2024,4,Latin America,Office Supplies,Paper,Consumer,2,0.1,96.46,11.97,0.12409288824383166
2021-10-05,2021,10,North America,Technology,Accessories,Corporate,5,0.3,2626.1,24.47,0.009318000076158562
2024-03-04,2024,3,North America,Furniture,Chairs,Consumer,1,0.0,301.97,25.81,0.08547206676159882
2024-01-26,2024,1,North America,Office Supplies,Art,Consumer,3,0.3,156.84,0.54,0.003442999234889059
2022-09-18,2022,9,Asia Pacific,Office Supplies,Art,Corporate,5,0.0,329.8,68.99,0.20918738629472405
2022-05-25,2022,5,North America,Technology,Phones,Consumer,3,0.0,730.07,187.25,0.25648225512622075
2023-02-13,2023,2,North America,Office Supplies,Storage,Corporate,2,0.5,75.83,-18.88,-0.24897797705393643
2021-10-16,2021,10,North America,Furniture,Tables,Home Office,1,0.1,406.77,1.91,0.004695528185461071
2022-09-22,2022,9,Middle East & Africa,Office Supplies,Storage,Corporate,2,0.2,87.4,-3.4,-0.038901601830663615
2024-07-13,2024,7,North America,Technology,Laptops,Consumer,2,0.3,1331.17,24.78,0.01861520316713868
2023-10-24,2023,10,Europe,Office Supplies,Binders,Corporate,1,0.2,40.16,-0.92,-0.022908366533864546
2022-10-15,2022,10,Europe,Office Supplies,Binders,Home Office,6,0.2,524.82,-23.45,-0.04468198620479402
2021-06-19,2021,6,North America,Furniture,Tables,Home Office,7,0.1,1256.02,4.47,0.003558860527698603
2021-05-06,2021,5,Asia Pacific,Office Supplies,Paper,Corporate,6,0.2,201.22,5.26,0.02614054268959348
2024-08-27,2024,8,Europe,Technology,Phones,Consumer,4,0.2,4340.1,409.29,0.09430427870325568
2022-06-27,2022,6,Europe,Technology,Accessories,Consumer,1,0.3,508.87,61.7,0.12124904199500855
2022-12-20,2022,12,Asia Pacific,Technology,Phones,Corporate,4,0.0,2275.77,609.14,0.2676632524376365
2021-03-29,2021,3,Asia Pacific,Furniture,Tables,Consumer,5,0.4,1440.8,-404.34,-0.28063575791227097
2024-07-25,2024,7,Latin America,Office Supplies,Paper,Consumer,2,0.1,235.22,-5.83,-0.024785307371822125
2022-11-16,2022,11,Asia Pacific,Office Supplies,Storage,Corporate,4,0.2,313.66,17.82,0.05681310973665752
2022-11-24,2022,11,Latin America,Furniture,Tables,Consumer,2,0.2,657.18,-45.88,-0.06981344532700326
2023-10-07,2023,10,Asia Pacific,Technology,Copiers,Corporate,3,0.2,2342.75,79.71,0.03402411695656813
2023-10-05,2023,10,Asia Pacific,Technology,Laptops,Consumer,3,0.1,2086.58,463.6,0.22218175195774906
2024-05-23,2024,5,North America,Technology,Phones,Consumer,2,0.3,1030.57,-72.33,-0.07018446102642227
2023-06-23,2023,6,North America,Furniture,Furnishings,Consumer,3,0.0,1335.68,106.24,0.07954000958313368
2024-11-06,2024,11,Europe,Technology,Laptops,Consumer,3,0.0,3920.79,906.23,0.23113454176326712
2021-04-29,2021,4,Latin America,Office Supplies,Binders,Consumer,1,0.1,45.45,3.92,0.08624862486248625
2024-05-16,2024,5,Europe,Technology,Accessories,Consumer,3,0.3,966.58,65.5,0.06776469614517164
2023-12-31,2023,12,North America,Technology,Phones,Consumer,1,0.0,952.02,305.35,0.32073906010377934
2022-12-25,2022,12,North America,Furniture,Bookcases,Consumer,6,0.3,4775.33,-538.75,-0.11281942818611489
2023-12-02,2023,12,Europe,Office Supplies,Binders,Consumer,3,0.2,211.63,-18.37,-0.08680243821764401
2024-02-01,2024,2,Asia Pacific,Technology,Laptops,Corporate,4,0.0,1418.46,427.82,0.30160878699434596
2023-01-13,2023,1,Middle East & Africa,Furniture,Tables,Consumer,2,0.3,449.46,-116.12,-0.2583544698082143
2023-01-17,2023,1,Middle East & Africa,Furniture,Tables,Corporate,1,0.0,306.56,42.05,0.13716727557411273
2023-05-04,2023,5,Latin America,Office Supplies,Paper,Consumer,1,0.4,93.49,-15.49,-0.1656861696438122
2022-10-01,2022,10,Asia Pacific,Office Supplies,Storage,Consumer,1,0.0,37.09,5.73,0.15448908061472094
2023-10-26,2023,10,North America,Technology,Laptops,Consumer,3,0.0,1127.68,342.71,0.3039071367763904
2021-05-02,2021,5,North America,Office Supplies,Art,Consumer,4,0.5,224.44,-59.99,-0.2672874710390305
2023-12-13,2023,12,North America,Furniture,Furnishings,Home Office,4,0.3,1924.51,-593.32,-0.308296657330957
2022-12-06,2022,12,Europe,Office Supplies,Paper,Corporate,1,0.1,46.16,5.48,0.11871750433275564
2024-01-24,2024,1,North America,Office Supplies,Binders,Corporate,1,0.3,39.26,-1.36,-0.034640855832908816
2022-12-03,2022,12,Asia Pacific,Technology,Copiers,Corporate,5,0.2,2074.5,224.82,0.10837310195227766
2022-07-27,2022,7,Europe,Office Supplies,Binders,Consumer,3,0.2,267.36,20.38,0.07622681029323758
2024-04-12,2024,4,Asia Pacific,Furniture,Bookcases,Consumer,1,0.0,288.86,47.25,0.16357404971266357
2024-08-20,2024,8,Europe,Technology,Accessories,Consumer,4,0.0,1493.5,420.61,0.28162705055239373
2023-09-12,2023,9,North America,Technology,Laptops,Consumer,2,0.15,1203.53,196.55,0.16331125937866112
2023-01-24,2023,1,Latin America,Office Supplies,Paper,Consumer,4,0.15,181.73,8.24,0.0453419908655698
2023-10-12,2023,10,North America,Office Supplies,Art,Home Office,1,0.1,70.66,6.64,0.09397112935182564
2022-02-18,2022,2,Asia Pacific,Technology,Copiers,Consumer,3,0.0,640.39,201.98,0.31540155217914084
2022-03-29,2022,3,Asia Pacific,Office Supplies,Binders,Corporate,5,0.0,207.23,36.37,0.17550547700622496
2022-09-04,2022,9,Europe,Office Supplies,Paper,Corporate,3,0.15,152.52,16.03,0.10510097036454236
2022-09-02,2022,9,Europe,Technology,Copiers,Consumer,2,0.15,646.54,129.73,0.20065270516905373
2021-06-23,2021,6,North America,Technology,Laptops,Consumer,2,0.2,619.7,51.4,0.08294335969017265
2024-07-12,2024,7,Europe,Office Supplies,Binders,Consumer,4,0.15,267.77,-9.94,-0.03712141016544049
2021-11-22,2021,11,Europe,Office Supplies,Binders,Consumer,6,0.15,530.69,32.12,0.060524976916844095
2024-09-22,2024,9,Asia Pacific,Technology,Laptops,Consumer,3,0.15,2147.78,434.27,0.20219482442335804
2021-12-27,2021,12,North America,Technology,Laptops,Consumer,3,0.15,2083.78,523.23,0.2510965648964862
2021-01-28,2021,1,Europe,Technology,Copiers,Consumer,4,0.0,1069.87,252.17,0.23570153383121314
2024-11-14,2024,11,North America,Technology,Copiers,Consumer,1,0.0,691.38,212.42,0.3072405912812057
2022-05-23,2022,5,Europe,Office Supplies,Paper,Consumer,3,0.0,162.64,21.28,0.13084112149532712
2022-04-01,2022,4,Asia Pacific,Office Supplies,Art,Consumer,2,0.0,157.82,38.84,0.24610315549360035
2023-07-14,2023,7,Asia Pacific,Office Supplies,Storage,Corporate,2,0.2,118.9,-7.75,-0.06518082422203532
2024-11-26,2024,11,Latin America,Furniture,Tables,Consumer,3,0.15,1208.0,-49.07,-0.040620860927152315
2021-03-23,2021,3,Middle East & Africa,Office Supplies,Art,Corporate,2,0.0,94.38,20.6,0.21826658190294557
2022-03-23,2022,3,Asia Pacific,Office Supplies,Paper,Consumer,2,0.0,163.63,42.76,0.2613212736050846
2024-07-24,2024,7,Europe,Furniture,Bookcases,Consumer,4,0.15,1264.51,-50.21,-0.03970708021288879
2021-05-17,2021,5,Asia Pacific,Office Supplies,Art,Consumer,3,0.3,282.0,-40.62,-0.14404255319148934
2023-12-20,2023,12,Asia Pacific,Office Supplies,Binders,Consumer,1,0.1,188.82,20.22,0.10708611375913568
2024-01-04,2024,1,North America,Technology,Laptops,Corporate,5,0.0,3220.06,809.08,0.25126239883728874
2023-07-12,2023,7,Europe,Technology,Copiers,Corporate,4,0.0,3792.26,1122.07,0.29588424844288097
2021-03-12,2021,3,Latin America,Office Supplies,Paper,Corporate,4,0.3,315.86,12.2,0.03862470714873678
2024-04-05,2024,4,North America,Furniture,Chairs,Home Office,4,0.2,1598.5,-143.19,-0.08957772912105098
2021-04-20,2021,4,Asia Pacific,Office Supplies,Storage,Corporate,1,0.0,43.89,9.67,0.22032353611300978
2023-05-22,2023,5,Middle East & Africa,Office Supplies,Paper,Consumer,8,0.15,611.27,32.76,0.05359333845927331
2022-10-12,2022,10,Europe,Furniture,Chairs,Corporate,3,0.1,523.07,0.86,0.001644139407727455
2024-06-25,2024,6,Middle East & Africa,Office Supplies,Art,Consumer,4,0.2,413.91,14.88,0.03594984416902225
2023-12-28,2023,12,Asia Pacific,Technology,Accessories,Consumer,3,0.3,1581.01,-77.57,-0.04906357328543146
2023-10-11,2023,10,Asia Pacific,Office Supplies,Binders,Consumer,1,0.15,97.48,2.75,0.028210915059499384
2021-03-05,2021,3,Asia Pacific,Office Supplies,Binders,Consumer,4,0.0,335.86,81.88,0.24379205621389863
2021-11-11,2021,11,Europe,Technology,Accessories,Consumer,3,0.1,1883.64,356.87,0.18945764583466054
2022-05-19,2022,5,North America,Office Supplies,Binders,Consumer,3,0.1,139.7,2.42,0.01732283464566929
2023-08-15,2023,8,North America,Furniture,Furnishings,Consumer,5,0.15,1325.62,12.63,0.009527617265883135
2021-09-15,2021,9,Asia Pacific,Office Supplies,Binders,Corporate,2,0.15,135.47,5.83,0.04303535838192958
2023-03-01,2023,3,Asia Pacific,Technology,Laptops,Consumer,2,0.0,1172.74,186.02,0.15861998396916624
2024-05-23,2024,5,Europe,Office Supplies,Art,Consumer,2,0.5,125.14,-30.15,-0.24093015822279046
2023-05-26,2023,5,Europe,Technology,Phones,Corporate,3,0.0,1240.75,315.69,0.25443481765061454
2021-03-31,2021,3,Europe,Technology,Phones,Consumer,2,0.2,571.28,101.01,0.1768134715025907
2024-04-10,2024,4,Europe,Technology,Phones,Home Office,2,0.2,891.61,88.5,0.09925864447460213
2024-10-25,2024,10,Latin America,Office Supplies,Storage,Consumer,3,0.5,342.22,-81.36,-0.23774180351820465
2024-12-27,2024,12,North America,Furniture,Furnishings,Corporate,6,0.3,2433.12,-232.11,-0.09539603472085224
2022-03-26,2022,3,Asia Pacific,Technology,Copiers,Consumer,5,0.0,1295.25,326.66,0.2521984172939587
2023-11-18,2023,11,Asia Pacific,Technology,Copiers,Consumer,3,0.15,2629.16,235.47,0.08956092440171005
2022-08-11,2022,8,Europe,Office Supplies,Binders,Consumer,3,0.15,221.22,18.78,0.0848928668294006
2022-11-01,2022,11,North America,Furniture,Bookcases,Consumer,1,0.2,465.96,0.49,0.0010515924113657824
2022-10-27,2022,10,Asia Pacific,Office Supplies,Binders,Corporate,3,0.1,195.27,29.18,0.14943411686382957
2022-01-09,2022,1,Asia Pacific,Technology,Laptops,Consumer,2,0.4,1208.11,-175.24,-0.1450530166954996
2023-09-08,2023,9,North America,Office Supplies,Art,Consumer,3,0.2,274.1,-10.04,-0.0366289675300985
2022-02-11,2022,2,Latin America,Office Supplies,Storage,Corporate,1,0.15,44.89,3.95,0.08799287146357763
2023-05-13,2023,5,Europe,Office Supplies,Paper,Consumer,4,0.1,191.43,15.02,0.07846210102909679
2021-05-22,2021,5,Asia Pacific,Office Supplies,Art,Consumer,1,0.2,73.41,5.45,0.07424056668028879
2024-07-13,2024,7,Asia Pacific,Office Supplies,Storage,Consumer,5,0.1,380.31,61.4,0.1614472404091399
2024-11-12,2024,11,Europe,Furniture,Bookcases,Corporate,1,0.0,472.94,30.33,0.06413075654417051
2021-09-08,2021,9,Asia Pacific,Furniture,Furnishings,Consumer,1,0.1,175.51,-4.97,-0.028317474787761383
2024-01-03,2024,1,Asia Pacific,Office Supplies,Binders,Home Office,3,0.0,137.68,23.35,0.169596165020337
2021-05-07,2021,5,North America,Technology,Copiers,Home Office,4,0.1,1362.32,222.73,0.16349315872922662
2022-06-29,2022,6,Middle East & Africa,Furniture,Tables,Consumer,3,0.0,991.69,54.77,0.05522895259607337
2021-05-19,2021,5,Europe,Furniture,Bookcases,Consumer,5,0.1,1304.18,88.58,0.06792007238264657
2023-04-25,2023,4,Europe,Furniture,Furnishings,Corporate,1,0.1,401.7,-15.86,-0.039482200647249194
2021-03-10,2021,3,Europe,Office Supplies,Storage,Home Office,2,0.3,130.77,-12.55,-0.09597002370574291
2023-04-19,2023,4,North America,Office Supplies,Storage,Consumer,4,0.3,321.93,-50.47,-0.1567732115677321
2024-10-22,2024,10,North America,Technology,Phones,Corporate,1,0.1,492.0,72.53,0.14741869918699188
2024-07-03,2024,7,North America,Furniture,Bookcases,Consumer,4,0.0,1055.17,103.87,0.09843911407640475
2021-09-14,2021,9,Europe,Technology,Copiers,Consumer,3,0.0,1613.74,463.56,0.28725817046116475
2022-02-11,2022,2,Asia Pacific,Office Supplies,Binders,Consumer,3,0.0,146.02,32.68,0.22380495822490068
2021-05-28,2021,5,North America,Technology,Phones,Corporate,4,0.3,1740.99,1.28,0.000735213872566758
2021-05-24,2021,5,Middle East & Africa,Office Supplies,Art,Corporate,2,0.1,82.04,2.27,0.02766942954656265
2021-05-09,2021,5,Asia Pacific,Office Supplies,Art,Consumer,3,0.2,137.4,-5.39,-0.03922852983988355
2023-03-03,2023,3,Europe,Office Supplies,Storage,Consumer,3,0.1,108.6,4.35,0.04005524861878453
2021-07-18,2021,7,Asia Pacific,Technology,Copiers,Consumer,4,0.1,2130.32,517.89,0.24310432235532686
2022-04-07,2022,4,Europe,Office Supplies,Binders,Consumer,3,0.0,212.51,28.79,0.13547597760105407
2024-01-06,2024,1,North America,Office Supplies,Storage,Consumer,4,0.1,182.54,19.72,0.10803111646762353
2023-06-02,2023,6,Latin America,Office Supplies,Art,Home Office,3,0.0,313.62,52.98,0.16893055289841208
2023-01-12,2023,1,Latin America,Technology,Laptops,Consumer,10,0.2,4200.23,770.91,0.18353994900279272
2023-06-02,2023,6,Asia Pacific,Furniture,Chairs,Consumer,3,0.2,905.08,-89.0,-0.09833384894153002
2023-09-12,2023,9,Europe,Technology,Phones,Consumer,2,0.5,1156.76,-160.13,-0.1384297520661157
2024-09-14,2024,9,Asia Pacific,Office Supplies,Binders,Home Office,3,0.1,297.82,32.42,0.10885769928144517
2024-11-19,2024,11,Europe,Office Supplies,Art,Corporate,9,0.0,932.75,199.71,0.21410881801125706
2022-09-28,2022,9,North America,Technology,Phones,Home Office,3,0.5,898.17,-100.7,-0.11211685983722458
2024-07-03,2024,7,Middle East & Africa,Office Supplies,Art,Home Office,4,0.15,453.72,45.77,0.10087719298245613
2023-08-13,2023,8,North America,Office Supplies,Paper,Corporate,1,0.2,60.39,-0.93,-0.015399900645802286
2023-06-27,2023,6,Asia Pacific,Technology,Phones,Consumer,2,0.15,795.59,70.55,0.08867632825953066
2022-02-06,2022,2,Asia Pacific,Furniture,Tables,Consumer,2,0.0,596.35,44.75,0.07503982560576843
2024-08-23,2024,8,North America,Office Supplies,Paper,Corporate,1,0.1,122.7,4.17,0.03398533007334963
2024-08-19,2024,8,Europe,Technology,Copiers,Corporate,5,0.4,4766.21,201.01,0.04217397051325896
2023-11-08,2023,11,North America,Furniture,Furnishings,Consumer,4,0.1,4360.65,-318.79,-0.07310607363581119
2022-02-19,2022,2,North America,Furniture,Tables,Corporate,4,0.0,1675.46,206.89,0.12348250629677819
2021-10-09,2021,10,North America,Furniture,Furnishings,Consumer,4,0.1,1462.71,-71.02,-0.04855371194563515
2024-02-06,2024,2,Asia Pacific,Furniture,Bookcases,Consumer,3,0.2,579.03,-58.55,-0.10111738597309293
2023-01-12,2023,1,North America,Office Supplies,Art,Consumer,3,0.5,133.84,-29.86,-0.22310221159593543
2023-03-04,2023,3,North America,Office Supplies,Binders,Corporate,6,0.1,435.64,28.79,0.06608667707281242
2024-10-04,2024,10,Latin America,Office Supplies,Storage,Consumer,4,0.5,218.32,-60.18,-0.27565042139978013
2021-08-24,2021,8,Asia Pacific,Office Supplies,Art,Consumer,2,0.2,72.62,-3.0,-0.04131093362709997
2021-07-04,2021,7,Asia Pacific,Office Supplies,Binders,Consumer,2,0.4,111.69,-28.97,-0.2593786372996687
2022-09-04,2022,9,North America,Technology,Copiers,Consumer,2,0.0,1113.89,194.64,0.17473897781648096
2023-09-15,2023,9,Asia Pacific,Office Supplies,Paper,Consumer,4,0.3,162.55,-11.02,-0.06779452476161181
2024-05-20,2024,5,Europe,Office Supplies,Binders,Corporate,3,0.15,116.72,3.15,0.026987662782727895
2022-06-12,2022,6,Europe,Office Supplies,Art,Home Office,5,0.0,233.4,49.93,0.21392459297343616
2023-11-08,2023,11,North America,Technology,Copiers,Consumer,6,0.0,3882.08,1092.36,0.2813852367802827
2023-08-14,2023,8,North America,Office Supplies,Storage,Consumer,1,0.0,60.2,5.95,0.09883720930232558
2021-11-29,2021,11,Europe,Furniture,Furnishings,Corporate,2,0.1,794.22,29.56,0.03721890660018634
2023-09-10,2023,9,Asia Pacific,Office Supplies,Art,Consumer,1,0.4,58.62,-8.66,-0.1477311497782327
2023-11-15,2023,11,Asia Pacific,Office Supplies,Binders,Consumer,1,0.2,79.59,-1.08,-0.013569543912551829
2021-09-11,2021,9,Europe,Office Supplies,Storage,Consumer,2,0.0,54.76,12.23,0.2233382030679328
2024-09-08,2024,9,Europe,Office Supplies,Storage,Corporate,3,0.15,265.93,9.15,0.034407550859248674
2022-11-13,2022,11,Europe,Technology,Phones,Consumer,1,0.3,439.95,18.71,0.04252755994999432
2022-10-11,2022,10,Asia Pacific,Technology,Copiers,Consumer,2,0.1,771.54,137.13,0.17773543821448012
2021-07-05,2021,7,North America,Office Supplies,Storage,Consumer,1,0.15,77.68,10.28,0.13233779608650872
2023-10-25,2023,10,Europe,Technology,Accessories,Consumer,1,0.0,485.89,92.3,0.18996069069130872
2023-12-07,2023,12,Europe,Furniture,Bookcases,Consumer,1,0.0,730.93,66.28,0.09067899798886352
2024-04-21,2024,4,North America,Technology,Phones,Corporate,1,0.15,588.65,110.58,0.18785356323791727
2024-08-29,2024,8,Europe,Office Supplies,Art,Consumer,3,0.15,135.2,7.02,0.051923076923076926
2021-05-10,2021,5,North America,Office Supplies,Binders,Consumer,1,0.0,63.71,10.34,0.16229791241563332
2024-06-21,2024,6,Europe,Office Supplies,Paper,Corporate,4,0.0,499.98,121.02,0.24204968198727947
2021-05-04,2021,5,Asia Pacific,Technology,Copiers,Corporate,1,0.2,269.9,11.27,0.041756206002223045
2021-10-23,2021,10,Asia Pacific,Furniture,Chairs,Consumer,1,0.15,582.69,-43.54,-0.07472240814155039
2024-12-30,2024,12,Europe,Furniture,Bookcases,Corporate,3,0.15,2376.73,-97.63,-0.041077446744055904
2022-11-13,2022,11,Middle East & Africa,Technology,Laptops,Consumer,4,0.1,3659.35,717.08,0.19595829860494351
2023-03-31,2023,3,Middle East & Africa,Technology,Accessories,Corporate,2,0.0,857.87,267.59,0.3119237180458577
2023-05-30,2023,5,North America,Office Supplies,Storage,Corporate,4,0.1,191.05,12.76,0.06678879874378435
2023-12-17,2023,12,Europe,Technology,Phones,Home Office,4,0.0,3726.04,1043.07,0.27994063402432606
2024-05-02,2024,5,Europe,Technology,Laptops,Consumer,4,0.1,2699.98,503.2,0.18637175090185853
2021-08-21,2021,8,Asia Pacific,Office Supplies,Paper,Corporate,3,0.0,154.52,29.64,0.19181982914833032
2021-12-29,2021,12,North America,Technology,Phones,Consumer,6,0.15,3097.09,204.61,0.06606524188835326
2022-04-18,2022,4,Europe,Furniture,Furnishings,Consumer,3,0.4,750.38,-179.47,-0.23917215277592688
2023-12-25,2023,12,Asia Pacific,Office Supplies,Storage,Home Office,10,0.1,1065.53,60.28,0.05657278537441461
2022-03-07,2022,3,Europe,Furniture,Furnishings,Consumer,3,0.15,1118.61,34.08,0.030466382385281734
2024-06-25,2024,6,North America,Office Supplies,Paper,Corporate,4,0.0,296.67,50.91,0.17160481342906259
2023-01-23,2023,1,Asia Pacific,Office Supplies,Binders,Home Office,1,0.3,58.84,-3.92,-0.06662134602311352
2021-03-02,2021,3,Latin America,Office Supplies,Art,Consumer,5,0.1,149.74,18.52,0.12368104714839054
2022-05-16,2022,5,Middle East & Africa,Office Supplies,Binders,Corporate,3,0.5,138.44,-26.93,-0.19452470384282
2021-01-08,2021,1,Asia Pacific,Furniture,Tables,Consumer,7,0.4,1691.8,-569.81,-0.33680695117626197
2024-12-22,2024,12,Asia Pacific,Office Supplies,Paper,Corporate,2,0.1,255.92,11.27,0.04403719912472648
2023-03-31,2023,3,Asia Pacific,Furniture,Furnishings,Consumer,3,0.1,1225.98,99.26,0.08096380038826083
2024-08-07,2024,8,North America,Technology,Phones,Home Office,4,0.3,2150.43,-182.06,-0.08466213733997387
2023-09-21,2023,9,Europe,Office Supplies,Paper,Corporate,5,0.5,786.89,-188.2,-0.23916938835161203
2021-08-03,2021,8,Latin America,Furniture,Tables,Consumer,4,0.1,999.3,-6.6,-0.006604623236265385
2021-12-15,2021,12,Europe,Office Supplies,Art,Consumer,3,0.0,217.04,32.07,0.1477607814227792
2021-04-09,2021,4,North America,Office Supplies,Storage,Corporate,1,0.1,104.5,13.3,0.1272727272727273
2023-06-19,2023,6,Europe,Technology,Laptops,Consumer,5,0.1,1469.16,211.13,0.14370796917966727
2023-03-18,2023,3,North America,Technology,Laptops,Consumer,1,0.0,1237.06,331.46,0.2679417328181333
2022-12-18,2022,12,Europe,Technology,Phones,Consumer,4,0.0,2991.66,915.31,0.30595388513400584
2021-03-07,2021,3,Europe,Furniture,Tables,Corporate,4,0.2,1978.54,-203.84,-0.10302546322035441
2023-12-31,2023,12,Asia Pacific,Office Supplies,Paper,Consumer,1,0.15,97.25,7.14,0.07341902313624678
2024-07-09,2024,7,Middle East & Africa,Furniture,Furnishings,Corporate,3,0.15,1356.85,-56.74,-0.04181744481703947
2021-05-04,2021,5,Latin America,Office Supplies,Binders,Consumer,3,0.3,182.81,-24.17,-0.13221377386357422
2023-12-17,2023,12,Latin America,Office Supplies,Art,Consumer,4,0.2,398.69,17.72,0.04444555920640096
2022-09-04,2022,9,Latin America,Technology,Phones,Consumer,1,0.15,317.78,63.66,0.20032727043866827
2023-12-26,2023,12,North America,Technology,Accessories,Consumer,3,0.4,1829.97,-142.28,-0.07774990846844483
2022-05-15,2022,5,North America,Office Supplies,Art,Consumer,3,0.1,273.02,33.09,0.12119991209435209
2024-02-07,2024,2,Europe,Office Supplies,Art,Consumer,6,0.15,213.16,25.82,0.1211296678551323
2022-09-21,2022,9,Asia Pacific,Technology,Laptops,Consumer,2,0.4,861.2,-139.3,-0.16175104505341384
2023-02-23,2023,2,Middle East & Africa,Technology,Phones,Consumer,1,0.1,433.28,80.59,0.18599981536189072
2024-10-18,2024,10,Asia Pacific,Furniture,Bookcases,Home Office,5,0.1,1709.7,12.35,0.007223489501082061
2023-08-07,2023,8,Latin America,Office Supplies,Art,Consumer,4,0.2,257.67,-15.94,-0.06186207164202274
2023-03-19,2023,3,Latin America,Furniture,Tables,Corporate,3,0.2,1008.34,-48.63,-0.04822778031219628
2024-10-13,2024,10,North America,Furniture,Tables,Corporate,6,0.15,4028.65,-282.68,-0.07016742581261713
2022-06-06,2022,6,Europe,Office Supplies,Art,Corporate,1,0.4,56.81,-14.89,-0.2621017426509417
2023-04-15,2023,4,Middle East & Africa,Office Supplies,Art,Consumer,1,0.15,67.36,1.5,0.022268408551068885
2021-05-17,2021,5,Europe,Office Supplies,Binders,Consumer,5,0.2,247.23,12.74,0.05153096307082474
2022-08-12,2022,8,Asia Pacific,Technology,Phones,Consumer,2,0.3,1302.01,-31.69,-0.02433929078885723
2022-06-16,2022,6,Europe,Furniture,Furnishings,Home Office,4,0.15,1533.19,11.77,0.007676804570862058
2023-06-02,2023,6,North America,Office Supplies,Binders,Home Office,6,0.2,819.3,-29.93,-0.03653118515806176
2023-02-10,2023,2,North America,Technology,Phones,Consumer,2,0.2,513.25,101.45,0.1976619581100828
2024-03-10,2024,3,North America,Office Supplies,Binders,Home Office,1,0.1,65.19,7.84,0.12026384414787544
2023-05-27,2023,5,Latin America,Office Supplies,Binders,Consumer,4,0.0,215.41,44.96,0.20871825820528295
2021-04-03,2021,4,Europe,Furniture,Furnishings,Consumer,2,0.3,607.55,-120.3,-0.19800839437083367
2022-10-07,2022,10,Asia Pacific,Technology,Phones,Consumer,3,0.15,1391.96,237.0,0.17026351331934825
2024-04-28,2024,4,North America,Technology,Phones,Consumer,3,0.1,1150.73,226.03,0.19642314009367967
2023-07-28,2023,7,Asia Pacific,Office Supplies,Binders,Corporate,5,0.1,488.89,-7.71,-0.015770418703593855
2021-08-01,2021,8,North America,Furniture,Furnishings,Corporate,4,0.15,787.37,5.68,0.0072138892769600055
2024-10-08,2024,10,North America,Furniture,Bookcases,Corporate,2,0.1,1233.18,45.17,0.03662887818485541
2022-09-27,2022,9,Europe,Technology,Copiers,Corporate,4,0.0,1847.15,750.61,0.40636115096229325
2021-02-19,2021,2,North America,Technology,Laptops,Consumer,4,0.15,1677.89,178.11,0.10615117796756642
2022-07-13,2022,7,Asia Pacific,Furniture,Bookcases,Corporate,1,0.15,302.12,-12.13,-0.040149609426717865
2021-07-27,2021,7,North America,Furniture,Tables,Consumer,3,0.15,1062.97,-111.65,-0.1050358900063031
2023-12-27,2023,12,Asia Pacific,Office Supplies,Storage,Home Office,1,0.2,123.26,3.2,0.025961382443615122
2023-09-03,2023,9,Asia Pacific,Technology,Copiers,Home Office,1,0.0,575.06,216.85,0.37709108614753245
2023-12-03,2023,12,Europe,Furniture,Chairs,Consumer,8,0.5,3006.22,-895.1,-0.2977493330494774
2022-06-25,2022,6,North America,Office Supplies,Storage,Consumer,1,0.3,35.27,-2.84,-0.08052168982137793
2024-08-10,2024,8,Latin America,Furniture,Bookcases,Corporate,4,0.5,1072.21,-341.08,-0.3181093255985301
2024-12-08,2024,12,Asia Pacific,Office Supplies,Storage,Consumer,4,0.2,432.18,-7.6,-0.017585265398676476
2024-02-03,2024,2,Latin America,Technology,Copiers,Consumer,2,0.1,1142.34,310.21,0.2715566293747921
2021-12-23,2021,12,Europe,Office Supplies,Art,Corporate,3,0.15,234.39,43.57,0.18588676991339223
2021-02-16,2021,2,Europe,Office Supplies,Binders,Corporate,5,0.1,248.56,22.17,0.08919375603476022
2022-03-22,2022,3,North America,Office Supplies,Art,Corporate,4,0.0,213.91,53.98,0.25234911878827543
2021-09-15,2021,9,Latin America,Technology,Phones,Corporate,1,0.1,195.98,13.48,0.0687825288294724
2022-11-29,2022,11,Asia Pacific,Furniture,Bookcases,Consumer,2,0.3,1024.46,-134.32,-0.1311129765925463
2022-06-14,2022,6,North America,Office Supplies,Paper,Home Office,1,0.0,62.74,10.36,0.16512591648071404
2023-10-17,2023,10,Asia Pacific,Technology,Accessories,Consumer,2,0.2,865.14,106.12,0.12266222807869247
2021-01-09,2021,1,Asia Pacific,Furniture,Chairs,Home Office,4,0.15,1330.81,4.14,0.003110887354318047
2024-11-14,2024,11,North America,Technology,Laptops,Corporate,2,0.3,1376.44,6.42,0.0046642062131295224
2023-05-16,2023,5,North America,Technology,Accessories,Corporate,10,0.0,6323.55,1832.28,0.2897549635884906
2024-07-15,2024,7,North America,Technology,Phones,Consumer,3,0.0,2223.73,693.49,0.3118589037338166
2024-09-24,2024,9,Europe,Technology,Accessories,Home Office,2,0.0,1183.54,325.02,0.27461682748365074
2023-02-17,2023,2,Asia Pacific,Technology,Laptops,Corporate,2,0.3,1256.01,-37.12,-0.02955390482559852
2021-02-15,2021,2,Asia Pacific,Office Supplies,Binders,Corporate,4,0.4,236.42,-54.2,-0.22925302427882585
2022-01-11,2022,1,North America,Technology,Phones,Corporate,5,0.0,2985.84,909.82,0.3047115719529513
2023-11-23,2023,11,Asia Pacific,Furniture,Tables,Corporate,3,0.0,1153.64,216.86,0.18797891890017682
2022-08-17,2022,8,North America,Office Supplies,Art,Home Office,7,0.3,337.3,-23.29,-0.0690483249332938
2023-05-13,2023,5,Europe,Office Supplies,Paper,Consumer,1,0.2,90.51,-5.62,-0.06209258645453541
2022-08-06,2022,8,Asia Pacific,Technology,Copiers,Consumer,2,0.2,912.6,143.11,0.15681569143107607
2023-08-21,2023,8,Middle East & Africa,Technology,Phones,Consumer,1,0.3,951.03,-0.63,-0.0006624396706728494
2021-03-26,2021,3,Asia Pacific,Furniture,Bookcases,Home Office,5,0.0,1244.49,151.37,0.12163215453719999
2022-06-30,2022,6,Europe,Office Supplies,Binders,Corporate,4,0.2,267.47,-7.95,-0.02972295958425244
2024-06-07,2024,6,Asia Pacific,Technology,Accessories,Consumer,2,0.1,889.89,105.98,0.11909337109080899
2024-07-02,2024,7,Asia Pacific,Office Supplies,Art,Consumer,3,0.15,202.76,6.77,0.033389228644703096
2021-03-12,2021,3,Asia Pacific,Office Supplies,Paper,Home Office,6,0.1,189.63,13.13,0.06924009914043137
2022-08-10,2022,8,North America,Technology,Copiers,Corporate,4,0.0,1255.69,370.54,0.29508875598276646
2021-06-11,2021,6,Asia Pacific,Office Supplies,Art,Consumer,1,0.15,76.84,6.19,0.08055700156168662
2024-10-11,2024,10,Europe,Furniture,Chairs,Consumer,1,0.0,393.0,47.44,0.12071246819338421
2023-08-24,2023,8,Asia Pacific,Office Supplies,Paper,Consumer,1,0.15,84.12,5.13,0.06098430813124108
2021-06-02,2021,6,Asia Pacific,Office Supplies,Art,Consumer,7,0.2,346.73,19.5,0.05623972543477634
2023-04-09,2023,4,Middle East & Africa,Office Supplies,Binders,Consumer,1,0.1,40.37,2.98,0.07381719098340352
2024-04-04,2024,4,Latin America,Office Supplies,Paper,Corporate,1,0.0,83.36,10.18,0.12212092130518235
2023-12-05,2023,12,North America,Office Supplies,Binders,Corporate,2,0.2,219.95,-14.23,-0.06469652193680382
2023-04-15,2023,4,North America,Furniture,Bookcases,Home Office,3,0.0,956.27,176.6,0.18467587606010855
2023-11-23,2023,11,North America,Technology,Laptops,Corporate,2,0.1,1427.13,329.97,0.23121229320384268
2023-09-08,2023,9,Europe,Technology,Phones,Consumer,6,0.0,4728.0,1202.06,0.25424280879864636
2024-10-26,2024,10,Latin America,Office Supplies,Binders,Corporate,6,0.5,312.11,-61.19,-0.19605267373682353
2022-01-07,2022,1,North America,Technology,Phones,Corporate,1,0.4,322.84,-5.62,-0.017408003964812294
2022-12-28,2022,12,Europe,Technology,Laptops,Corporate,2,0.0,1273.57,444.29,0.34885400880988093
2023-03-25,2023,3,Asia Pacific,Office Supplies,Paper,Consumer,2,0.0,142.59,34.71,0.24342520513359983
2022-09-04,2022,9,North America,Office Supplies,Art,Home Office,4,0.0,302.06,72.08,0.23862808713500627
2022-04-09,2022,4,Asia Pacific,Technology,Laptops,Home Office,3,0.1,971.19,287.6,0.29613154995417995
2022-06-07,2022,6,Europe,Technology,Accessories,Consumer,5,0.0,4668.71,1021.97,0.21889772549590786
2022-10-02,2022,10,Europe,Office Supplies,Paper,Home Office,1,0.0,39.74,10.38,0.26119778560644186
2023-08-28,2023,8,Latin America,Technology,Copiers,Consumer,4,0.3,3591.68,171.4,0.047721400570206705
2024-11-04,2024,11,North America,Office Supplies,Storage,Consumer,2,0.2,167.1,5.44,0.032555356074207065
2021-03-09,2021,3,North America,Office Supplies,Storage,Corporate,5,0.3,227.27,-14.87,-0.06542878514542173
2024-11-05,2024,11,North America,Technology,Accessories,Consumer,4,0.5,2812.78,-259.42,-0.09222904030887591
2022-05-03,2022,5,Europe,Office Supplies,Paper,Corporate,2,0.1,111.41,0.56,0.005026478772103044
2021-05-06,2021,5,Latin America,Office Supplies,Art,Home Office,2,0.1,167.87,18.94,0.11282540060761304
2021-06-04,2021,6,Asia Pacific,Office Supplies,Art,Consumer,5,0.2,293.41,-2.11,-0.007191302273269485
2021-02-24,2021,2,Asia Pacific,Furniture,Bookcases,Consumer,3,0.15,583.49,-34.65,-0.05938405114055082
2024-10-11,2024,10,Europe,Office Supplies,Storage,Corporate,4,0.1,299.6,35.69,0.11912550066755673
2024-10-14,2024,10,Europe,Technology,Laptops,Corporate,3,0.15,1236.63,128.29,0.10374162037149348
2021-12-18,2021,12,Europe,Furniture,Chairs,Corporate,3,0.1,1655.84,136.77,0.0825985602473669
2021-06-06,2021,6,Asia Pacific,Technology,Accessories,Home Office,3,0.2,2662.01,274.93,0.10327910113034887
2022-06-30,2022,6,North America,Furniture,Furnishings,Consumer,3,0.2,959.74,-118.59,-0.12356471544376602
2021-05-29,2021,5,Asia Pacific,Office Supplies,Paper,Consumer,5,0.0,442.74,79.39,0.1793151736911054
2022-12-29,2022,12,North America,Technology,Phones,Corporate,3,0.1,1250.96,228.97,0.18303542879068874
2021-11-13,2021,11,Latin America,Office Supplies,Art,Corporate,6,0.3,941.52,-163.16,-0.17329424759962614
2023-12-28,2023,12,Europe,Technology,Phones,Home Office,2,0.2,1036.59,101.56,0.09797509140547372
2021-09-13,2021,9,North America,Technology,Laptops,Corporate,2,0.0,452.36,119.79,0.26481121230878063
2021-09-07,2021,9,Asia Pacific,Office Supplies,Art,Consumer,3,0.3,166.86,-12.15,-0.07281553398058252
2021-08-22,2021,8,Asia Pacific,Office Supplies,Art,Corporate,3,0.0,107.59,16.11,0.14973510549307556
2023-09-22,2023,9,Europe,Technology,Accessories,Corporate,5,0.0,4543.19,997.58,0.2195769932580412
2021-02-09,2021,2,Europe,Office Supplies,Paper,Consumer,2,0.4,151.08,-34.6,-0.22901773894625363
2023-04-15,2023,4,Latin America,Office Supplies,Binders,Corporate,2,0.0,161.33,17.09,0.10593194074257732
2023-09-10,2023,9,North America,Furniture,Chairs,Corporate,3,0.0,353.38,71.23,0.20156771747127739
2024-01-12,2024,1,Asia Pacific,Technology,Laptops,Consumer,1,0.0,624.4,95.48,0.15291479820627804
2024-07-13,2024,7,North America,Office Supplies,Paper,Home Office,2,0.4,111.03,-18.8,-0.16932360623254977
2024-12-16,2024,12,Asia Pacific,Technology,Laptops,Consumer,2,0.0,2344.3,545.62,0.2327432495840976
2023-02-10,2023,2,Latin America,Office Supplies,Binders,Consumer,3,0.15,110.07,2.3,0.02089579358589988
2023-07-27,2023,7,Europe,Office Supplies,Storage,Consumer,4,0.1,145.32,25.23,0.1736168455821635
2023-05-28,2023,5,North America,Furniture,Tables,Consumer,3,0.1,1755.42,69.77,0.03974547401761402
2021-03-12,2021,3,Asia Pacific,Office Supplies,Art,Consumer,2,0.1,83.8,10.12,0.120763723150358
2022-08-18,2022,8,North America,Technology,Copiers,Corporate,1,0.0,507.97,169.94,0.3345473157863653
2024-05-16,2024,5,North America,Technology,Accessories,Consumer,3,0.5,1536.11,-262.22,-0.17070392094316164
2021-01-15,2021,1,North America,Furniture,Tables,Corporate,2,0.1,419.63,2.84,0.0067678669303910585
2024-09-08,2024,9,North America,Office Supplies,Paper,Consumer,1,0.3,81.02,-12.42,-0.15329548259688966
2024-01-29,2024,1,North America,Technology,Copiers,Consumer,5,0.15,1868.2,427.36,0.22875495129001178
2024-02-21,2024,2,Europe,Office Supplies,Storage,Corporate,1,0.0,64.14,11.63,0.18132210788899283
2024-05-01,2024,5,North America,Technology,Copiers,Consumer,2,0.0,438.91,137.82,0.3140051491194094
2022-09-29,2022,9,Asia Pacific,Furniture,Chairs,Corporate,2,0.0,612.16,69.45,0.11345073183481444
2022-05-20,2022,5,Middle East & Africa,Technology,Accessories,Consumer,3,0.1,801.12,203.16,0.2535949670461354
2023-12-07,2023,12,North America,Office Supplies,Art,Corporate,4,0.0,287.19,75.29,0.2621609387513493
2023-11-17,2023,11,Asia Pacific,Office Supplies,Storage,Home Office,1,0.2,54.02,0.25,0.004627915586819696
2021-07-13,2021,7,Europe,Office Supplies,Storage,Corporate,1,0.0,72.81,8.9,0.12223595659936821
2024-06-10,2024,6,Middle East & Africa,Technology,Copiers,Consumer,1,0.15,328.78,62.43,0.1898838128839954
2021-09-29,2021,9,Asia Pacific,Office Supplies,Binders,Corporate,2,0.1,78.01,10.17,0.1303679015510832
2023-06-06,2023,6,Asia Pacific,Technology,Laptops,Consumer,1,0.3,724.64,-17.72,-0.024453521748730403
2023-05-06,2023,5,North America,Technology,Laptops,Consumer,2,0.2,1604.69,167.79,0.10456225189912069
2022-03-08,2022,3,Middle East & Africa,Office Supplies,Art,Corporate,4,0.3,355.53,-1.71,-0.0048097206986752175
2022-12-22,2022,12,Latin America,Office Supplies,Binders,Home Office,5,0.1,355.11,19.39,0.05460279913266312
2024-11-06,2024,11,Latin America,Office Supplies,Storage,Consumer,2,0.4,215.69,-28.17,-0.13060410774722983
2021-12-30,2021,12,North America,Office Supplies,Art,Consumer,2,0.1,187.17,-4.14,-0.022118929315595448
2022-08-03,2022,8,North America,Furniture,Chairs,Home Office,2,0.0,701.4,90.78,0.12942686056458513
2024-11-14,2024,11,North America,Office Supplies,Art,Consumer,3,0.0,314.21,51.12,0.16269373985551064
2021-02-17,2021,2,North America,Office Supplies,Binders,Consumer,1,0.15,52.72,2.9,0.055007587253414265
2024-03-14,2024,3,Asia Pacific,Office Supplies,Art,Consumer,2,0.1,175.78,22.25,0.12657867789282057
2024-09-12,2024,9,Europe,Office Supplies,Art,Home Office,2,0.2,196.67,-13.18,-0.06701581329130014
2021-06-28,2021,6,Europe,Office Supplies,Art,Consumer,3,0.0,171.15,43.39,0.25352030382705226
2022-12-14,2022,12,Asia Pacific,Office Supplies,Art,Consumer,3,0.4,255.83,-48.01,-0.18766368291443536
2022-10-12,2022,10,Asia Pacific,Office Supplies,Art,Corporate,2,0.0,138.11,37.0,0.2679023966403591
2023-10-01,2023,10,Latin America,Office Supplies,Storage,Corporate,2,0.3,68.08,-12.14,-0.1783196239717979
2024-10-19,2024,10,Europe,Technology,Accessories,Consumer,2,0.15,824.57,74.36,0.09018033641776925
2023-04-02,2023,4,North America,Furniture,Tables,Corporate,3,0.3,1200.3,-197.43,-0.16448387903024245
2023-04-27,2023,4,Europe,Office Supplies,Art,Corporate,1,0.3,62.96,-5.74,-0.0911689961880559
2021-04-18,2021,4,Latin America,Technology,Accessories,Consumer,1,0.0,236.94,48.85,0.2061703384823162
2022-04-13,2022,4,Europe,Technology,Copiers,Home Office,4,0.0,2734.29,693.69,0.2537002293099854
2023-07-02,2023,7,Europe,Technology,Copiers,Consumer,5,0.1,1907.4,318.38,0.16691831812939079
2022-11-14,2022,11,North America,Furniture,Chairs,Consumer,2,0.0,697.03,87.35,0.1253174181886002
2024-07-16,2024,7,North America,Furniture,Tables,Corporate,2,0.0,522.93,32.25,0.06167173426653664
2024-03-24,2024,3,Latin America,Office Supplies,Paper,Consumer,7,0.15,504.25,-7.54,-0.014952900347050074
2024-07-21,2024,7,North America,Office Supplies,Binders,Consumer,5,0.2,259.94,11.19,0.043048395783642376
2024-10-02,2024,10,Latin America,Office Supplies,Paper,Corporate,3,0.0,277.36,52.63,0.18975338909720219
2022-03-29,2022,3,Asia Pacific,Office Supplies,Storage,Home Office,4,0.1,239.53,10.83,0.045213543188744626
2023-02-22,2023,2,Asia Pacific,Furniture,Bookcases,Consumer,1,0.0,170.14,27.21,0.15992711884330554
2024-04-06,2024,4,North America,Furniture,Chairs,Home Office,3,0.15,1132.17,38.5,0.034005493874594804
2024-02-20,2024,2,Europe,Furniture,Tables,Corporate,2,0.1,590.24,26.46,0.0448292220113852
2023-06-17,2023,6,Europe,Office Supplies,Art,Corporate,3,0.0,194.45,40.06,0.20601697094368734
2023-11-30,2023,11,North America,Furniture,Tables,Home Office,1,0.2,355.54,-37.59,-0.10572650053439839
2024-04-15,2024,4,North America,Technology,Laptops,Consumer,1,0.1,858.18,213.04,0.24824628865739123
2024-04-26,2024,4,Europe,Furniture,Furnishings,Corporate,2,0.2,2172.21,-117.61,-0.05414301563845116
2022-05-16,2022,5,Asia Pacific,Technology,Copiers,Consumer,1,0.0,366.49,112.03,0.3056836475756501
2022-05-14,2022,5,Latin America,Office Supplies,Paper,Consumer,5,0.1,496.09,-5.75,-0.011590638795379872
2022-01-30,2022,1,North America,Office Supplies,Art,Consumer,4,0.0,211.33,24.6,0.11640562153977192
2021-11-18,2021,11,Asia Pacific,Office Supplies,Storage,Corporate,3,0.0,275.94,62.68,0.2271508298905559
2021-12-05,2021,12,Asia Pacific,Furniture,Furnishings,Corporate,3,0.15,1068.12,81.03,0.07586226266711606
2023-10-27,2023,10,Europe,Office Supplies,Storage,Corporate,5,0.15,512.29,42.3,0.08257041909855746
2024-04-17,2024,4,North America,Technology,Copiers,Consumer,5,0.15,867.84,88.34,0.10179295722713864
2023-04-09,2023,4,North America,Office Supplies,Storage,Home Office,2,0.15,102.6,6.69,0.06520467836257311
2021-12-26,2021,12,North America,Office Supplies,Storage,Corporate,2,0.15,148.48,6.81,0.04586476293103448
2022-11-18,2022,11,North America,Furniture,Chairs,Consumer,4,0.1,1282.81,22.95,0.017890412453909776
2022-09-23,2022,9,North America,Office Supplies,Binders,Consumer,1,0.0,69.31,6.46,0.093204443803203
2021-01-07,2021,1,Europe,Office Supplies,Storage,Consumer,3,0.1,119.77,11.43,0.09543291308340987
2022-01-14,2022,1,Asia Pacific,Office Supplies,Art,Consumer,3,0.2,156.99,-10.7,-0.06815720746544365
2022-06-19,2022,6,North America,Technology,Phones,Corporate,2,0.1,1233.11,239.25,0.19402162013121296
2022-04-25,2022,4,Asia Pacific,Technology,Laptops,Consumer,5,0.2,2600.48,351.36,0.1351135175044607
2022-08-31,2022,8,Europe,Office Supplies,Storage,Corporate,2,0.5,171.66,-54.28,-0.3162064546195969
2024-07-27,2024,7,Europe,Furniture,Tables,Corporate,1,0.2,401.76,-22.88,-0.05694942254082039
2023-09-15,2023,9,Asia Pacific,Technology,Laptops,Home Office,3,0.5,2059.34,-433.21,-0.2103635145240708
2024-01-17,2024,1,Europe,Technology,Accessories,Home Office,5,0.4,4415.81,-224.77,-0.05090119366548832
2022-06-14,2022,6,Asia Pacific,Office Supplies,Paper,Consumer,3,0.5,224.77,-87.53,-0.3894202963028874
2021-02-25,2021,2,North America,Office Supplies,Storage,Consumer,1,0.15,54.87,1.73,0.03152906870785493
2023-06-25,2023,6,Europe,Technology,Accessories,Consumer,6,0.0,2752.09,683.1,0.24821135936688116
2022-02-13,2022,2,North America,Technology,Copiers,Consumer,4,0.15,1696.37,63.13,0.03721475857271704
2021-07-12,2021,7,North America,Office Supplies,Art,Corporate,2,0.15,111.45,1.23,0.011036339165545087
2022-07-26,2022,7,North America,Furniture,Bookcases,Corporate,1,0.1,406.77,-9.31,-0.022887626914472554
2023-10-10,2023,10,Europe,Office Supplies,Binders,Corporate,1,0.1,66.88,4.19,0.06264952153110048
2022-02-21,2022,2,North America,Furniture,Tables,Consumer,1,0.15,242.56,2.14,0.008822559366754619
2023-06-10,2023,6,North America,Furniture,Furnishings,Consumer,6,0.1,1979.62,58.78,0.029692567260383308
2021-03-04,2021,3,North America,Office Supplies,Storage,Corporate,3,0.0,132.64,19.49,0.14693908323281063
2023-07-08,2023,7,Middle East & Africa,Office Supplies,Paper,Consumer,4,0.15,281.86,22.72,0.08060739374157383
2022-02-03,2022,2,Asia Pacific,Furniture,Bookcases,Consumer,1,0.3,254.8,-42.33,-0.1661302982731554
2022-02-14,2022,2,North America,Furniture,Furnishings,Corporate,7,0.0,1197.34,110.47,0.09226284931598377
2023-07-02,2023,7,North America,Technology,Laptops,Consumer,5,0.2,3004.93,437.54,0.14560738519699296
2024-08-22,2024,8,Middle East & Africa,Office Supplies,Storage,Home Office,4,0.0,232.28,43.08,0.18546581711727225
2021-08-09,2021,8,Europe,Office Supplies,Paper,Corporate,2,0.1,161.26,19.06,0.11819422051345653
2024-06-17,2024,6,Latin America,Technology,Copiers,Home Office,5,0.3,1949.04,216.67,0.11116754915240323
2024-08-20,2024,8,Europe,Technology,Laptops,Home Office,3,0.0,1368.45,321.66,0.23505425846760936
2022-12-13,2022,12,Asia Pacific,Technology,Accessories,Consumer,4,0.2,2404.98,419.35,0.17436735440627366
2022-11-02,2022,11,Europe,Technology,Copiers,Home Office,2,0.1,1738.65,284.53,0.1636499583009806
2024-08-24,2024,8,North America,Technology,Copiers,Consumer,4,0.0,1968.61,606.97,0.308324147494933
2021-11-12,2021,11,Europe,Office Supplies,Paper,Corporate,2,0.5,91.86,-21.65,-0.23568473764424122
2023-05-10,2023,5,Middle East & Africa,Office Supplies,Binders,Home Office,4,0.0,191.55,39.55,0.2064735056121117
2024-07-16,2024,7,Europe,Office Supplies,Art,Home Office,3,0.2,301.91,-4.7,-0.01556755324434434
2022-10-03,2022,10,Middle East & Africa,Furniture,Chairs,Corporate,1,0.0,270.98,42.82,0.15801904199571923
2022-10-10,2022,10,Asia Pacific,Office Supplies,Paper,Home Office,2,0.15,180.89,-10.16,-0.056166731162585
2021-06-10,2021,6,Asia Pacific,Office Supplies,Storage,Consumer,2,0.1,160.45,24.9,0.15518853225303833
2021-05-20,2021,5,North America,Furniture,Chairs,Corporate,4,0.15,1127.17,-6.08,-0.0053940399407365345
2022-02-27,2022,2,Asia Pacific,Office Supplies,Paper,Consumer,1,0.2,27.1,1.74,0.06420664206642065
2023-09-22,2023,9,Asia Pacific,Furniture,Bookcases,Consumer,1,0.0,244.96,29.16,0.1190398432397126
2022-09-22,2022,9,Latin America,Furniture,Furnishings,Consumer,2,0.2,483.69,-39.32,-0.08129173644276293
2021-03-21,2021,3,North America,Furniture,Furnishings,Home Office,3,0.4,761.05,-205.18,-0.26960120885618555
2023-09-10,2023,9,North America,Furniture,Chairs,Consumer,4,0.1,1298.31,-81.69,-0.06292025787369734
2022-12-03,2022,12,North America,Furniture,Bookcases,Consumer,6,0.1,2362.9,293.61,0.12425832663252782
2022-01-05,2022,1,Latin America,Technology,Phones,Consumer,3,0.0,1716.03,486.62,0.28357313100586823
2023-11-09,2023,11,Asia Pacific,Office Supplies,Paper,Corporate,1,0.15,98.12,0.62,0.006318793314309009
2023-01-14,2023,1,Asia Pacific,Office Supplies,Paper,Consumer,1,0.3,42.85,-2.54,-0.05927654609101517
2022-09-06,2022,9,Asia Pacific,Furniture,Tables,Consumer,1,0.2,231.57,-11.89,-0.05134516560867125
2023-10-08,2023,10,Europe,Furniture,Tables,Consumer,3,0.4,962.71,-224.27,-0.23295696523355944
2021-05-01,2021,5,North America,Technology,Accessories,Consumer,6,0.1,2711.69,747.33,0.27559566174599603
2022-01-07,2022,1,North America,Office Supplies,Storage,Consumer,5,0.1,511.14,50.5,0.09879876354814728
2024-08-09,2024,8,North America,Office Supplies,Binders,Home Office,1,0.15,43.88,-1.44,-0.03281677301731996
2022-11-25,2022,11,Europe,Office Supplies,Storage,Corporate,2,0.5,228.54,-43.06,-0.188413406843441
2022-11-04,2022,11,Asia Pacific,Office Supplies,Storage,Consumer,4,0.1,312.66,13.39,0.042826073050598094
2024-12-31,2024,12,North America,Office Supplies,Art,Corporate,4,0.15,428.53,22.62,0.05278510255991413
2024-12-04,2024,12,North America,Technology,Copiers,Home Office,7,0.1,4586.78,526.05,0.11468829985305595
2023-06-12,2023,6,Europe,Office Supplies,Art,Consumer,3,0.5,289.44,-97.23,-0.335924543946932
2021-05-08,2021,5,North America,Office Supplies,Paper,Consumer,2,0.2,160.2,12.14,0.07578027465667916
2022-12-16,2022,12,Asia Pacific,Technology,Laptops,Consumer,1,0.15,339.2,60.64,0.1787735849056604
2024-05-05,2024,5,Asia Pacific,Office Supplies,Storage,Consumer,2,0.1,202.14,23.81,0.1177896507371129
2023-03-09,2023,3,North America,Technology,Copiers,Consumer,4,0.1,2673.67,468.04,0.17505526112048234
2021-09-11,2021,9,Middle East & Africa,Office Supplies,Binders,Corporate,1,0.1,33.59,2.1,0.06251860672819291
2024-05-30,2024,5,Asia Pacific,Technology,Accessories,Consumer,2,0.1,1000.53,131.28,0.1312104584570178
2024-02-05,2024,2,Europe,Technology,Accessories,Corporate,3,0.2,1307.87,312.5,0.23893812076123777
2022-07-28,2022,7,North America,Office Supplies,Binders,Consumer,5,0.0,334.25,52.4,0.1567688855646971
2024-06-05,2024,6,Asia Pacific,Office Supplies,Storage,Home Office,7,0.0,864.72,131.73,0.15233832917013598
2024-10-07,2024,10,Asia Pacific,Furniture,Bookcases,Corporate,2,0.0,574.61,50.58,0.08802492125093542
2024-08-23,2024,8,North America,Office Supplies,Storage,Corporate,6,0.1,573.76,132.25,0.23049707194645846
2022-04-24,2022,4,North America,Furniture,Chairs,Consumer,2,0.15,495.29,12.05,0.02432918088392659
2023-09-15,2023,9,North America,Office Supplies,Paper,Consumer,3,0.2,110.75,7.9,0.07133182844243792
2021-01-23,2021,1,North America,Office Supplies,Storage,Consumer,2,0.2,84.8,10.53,0.12417452830188679
2022-10-07,2022,10,Europe,Furniture,Tables,Home Office,3,0.1,1537.27,74.64,0.04855360476689196
2022-02-09,2022,2,Asia Pacific,Technology,Accessories,Consumer,2,0.0,801.79,219.21,0.2734007657865526
2022-07-23,2022,7,Asia Pacific,Technology,Laptops,Consumer,4,0.1,1297.04,315.89,0.24354684512428298
2021-10-31,2021,10,Asia Pacific,Technology,Phones,Consumer,1,0.0,334.53,80.04,0.23926105282037488
2022-07-05,2022,7,Asia Pacific,Furniture,Tables,Consumer,2,0.3,564.78,-58.0,-0.10269485463366267
2021-10-23,2021,10,Latin America,Technology,Laptops,Corporate,4,0.1,2369.46,550.4,0.23228921357608906
2023-01-16,2023,1,Middle East & Africa,Technology,Phones,Corporate,4,0.2,4088.21,184.86,0.04521783372184893
2024-04-07,2024,4,Middle East & Africa,Technology,Copiers,Corporate,3,0.1,2852.93,396.24,0.13888879152310082
2022-05-31,2022,5,Europe,Furniture,Bookcases,Consumer,2,0.2,940.04,-93.5,-0.09946385260201694
2021-01-25,2021,1,North America,Technology,Accessories,Home Office,3,0.0,1286.16,269.02,0.20916526715183179
2021-09-19,2021,9,North America,Technology,Phones,Consumer,4,0.2,2331.48,211.3,0.09062912827903306
2022-12-21,2022,12,North America,Office Supplies,Storage,Home Office,1,0.0,60.69,10.71,0.17647058823529413
2023-11-17,2023,11,Europe,Furniture,Furnishings,Home Office,4,0.0,2099.96,115.68,0.055086763557401094
2021-05-26,2021,5,North America,Office Supplies,Storage,Consumer,2,0.1,110.23,9.52,0.08636487344643018
2023-06-03,2023,6,Europe,Technology,Copiers,Consumer,1,0.3,517.51,-29.06,-0.056153504280110525
2024-11-21,2024,11,North America,Furniture,Tables,Home Office,1,0.0,417.72,62.28,0.14909508761850043
2023-09-03,2023,9,North America,Technology,Phones,Corporate,4,0.1,1630.09,231.78,0.14218846812139208
2024-06-17,2024,6,Middle East & Africa,Technology,Phones,Home Office,2,0.4,1410.61,17.47,0.012384712996505058
2024-06-13,2024,6,Europe,Furniture,Tables,Consumer,3,0.2,1090.53,-41.83,-0.0383574958964907
2024-03-09,2024,3,North America,Furniture,Chairs,Corporate,2,0.4,1028.33,-230.12,-0.22378030398801943
2021-01-24,2021,1,North America,Furniture,Furnishings,Home Office,2,0.0,437.94,53.83,0.1229163812394392
2021-09-23,2021,9,North America,Office Supplies,Art,Consumer,4,0.1,660.82,36.67,0.055491661874640594
2022-05-28,2022,5,Asia Pacific,Furniture,Tables,Consumer,2,0.15,971.26,15.33,0.015783621275456624
2022-02-04,2022,2,Europe,Office Supplies,Paper,Home Office,1,0.2,38.09,2.15,0.05644526122341821
2021-01-24,2021,1,Europe,Furniture,Bookcases,Consumer,2,0.1,470.73,7.84,0.016654982686465702
2021-05-13,2021,5,North America,Office Supplies,Storage,Consumer,3,0.3,124.97,-14.57,-0.11658798111546771
2022-12-22,2022,12,North America,Office Supplies,Binders,Home Office,2,0.0,97.25,19.23,0.19773778920308482
2023-06-22,2023,6,Europe,Technology,Accessories,Consumer,4,0.0,1856.69,584.28,0.31468904340519954
2024-08-06,2024,8,Europe,Office Supplies,Binders,Consumer,1,0.1,73.96,8.33,0.11262844780962683
2021-08-14,2021,8,Latin America,Furniture,Bookcases,Consumer,1,0.0,386.93,41.72,0.1078231204610653
2021-10-09,2021,10,Middle East & Africa,Office Supplies,Paper,Corporate,6,0.1,360.46,3.47,0.009626588248349333
2023-10-27,2023,10,North America,Office Supplies,Art,Corporate,3,0.15,145.27,3.79,0.02608935086390858
2022-03-11,2022,3,Europe,Technology,Accessories,Corporate,3,0.3,1365.88,39.07,0.028604269774797197
2024-01-31,2024,1,Europe,Office Supplies,Binders,Consumer,1,0.0,53.08,9.77,0.18406179351921628
2022-01-10,2022,1,Asia Pacific,Office Supplies,Art,Consumer,1,0.2,77.82,-0.69,-0.008866615265998459
2021-06-30,2021,6,Europe,Technology,Copiers,Corporate,1,0.0,413.67,135.61,0.3278216936205188
2022-01-04,2022,1,North America,Furniture,Tables,Home Office,8,0.5,1436.65,-590.46,-0.41099780739915776
2022-06-04,2022,6,Latin America,Office Supplies,Paper,Corporate,7,0.1,474.19,49.33,0.10403003015668824
2024-03-06,2024,3,Europe,Technology,Laptops,Consumer,4,0.0,1807.78,621.75,0.3439301242407815
2021-11-04,2021,11,Asia Pacific,Technology,Laptops,Consumer,1,0.0,524.68,118.42,0.2256994739650835
2023-08-18,2023,8,Europe,Technology,Copiers,Corporate,1,0.2,238.34,18.85,0.07908869681966939
2024-06-17,2024,6,Europe,Office Supplies,Storage,Consumer,2,0.0,152.51,23.42,0.15356370074093503
2024-03-30,2024,3,North America,Technology,Laptops,Corporate,3,0.0,1000.98,301.45,0.30115486822913545
2023-03-06,2023,3,Asia Pacific,Technology,Accessories,Consumer,5,0.4,1745.14,-130.0,-0.07449259085230985
2021-03-24,2021,3,Asia Pacific,Office Supplies,Storage,Consumer,3,0.1,147.1,7.5,0.05098572399728076
2024-06-13,2024,6,Asia Pacific,Technology,Phones,Consumer,3,0.5,1412.54,-181.88,-0.12876095544196978
2021-01-07,2021,1,Asia Pacific,Technology,Accessories,Home Office,1,0.1,555.28,101.7,0.18315084281803776
2024-05-17,2024,5,North America,Technology,Copiers,Consumer,3,0.0,800.88,216.81,0.2707147138148037
2021-01-14,2021,1,Asia Pacific,Furniture,Bookcases,Corporate,1,0.1,165.97,-3.16,-0.01903958546725312
2023-08-13,2023,8,North America,Technology,Accessories,Consumer,1,0.1,366.89,95.39,0.259996184142386
2023-10-18,2023,10,Europe,Technology,Copiers,Corporate,2,0.2,1366.79,182.52,0.13353916841650876
2021-11-10,2021,11,Asia Pacific,Technology,Copiers,Corporate,4,0.5,2304.32,-508.84,-0.22082002499652822
2023-03-07,2023,3,North America,Furniture,Bookcases,Consumer,4,0.0,1029.99,105.88,0.10279711453509256
2022-04-12,2022,4,North America,Office Supplies,Paper,Corporate,1,0.1,109.51,7.9,0.07213953063647155
2024-03-29,2024,3,Latin America,Technology,Accessories,Consumer,4,0.1,1875.53,350.2,0.186720553656833
2023-07-04,2023,7,Europe,Furniture,Tables,Home Office,4,0.2,1262.22,-138.98,-0.11010758821758487
2024-06-14,2024,6,Latin America,Office Supplies,Binders,Consumer,1,0.2,99.6,-2.33,-0.023393574297188757
2021-06-26,2021,6,North America,Technology,Laptops,Consumer,3,0.1,1039.46,231.04,0.2222692551901949
2022-01-27,2022,1,Europe,Office Supplies,Paper,Home Office,1,0.0,61.66,10.48,0.16996432046707755
2022-06-30,2022,6,Europe,Furniture,Bookcases,Consumer,3,0.3,1749.3,-194.95,-0.11144457783113244
2022-09-25,2022,9,Europe,Technology,Phones,Consumer,3,0.0,1159.36,344.19,0.2968793127242617
2023-09-03,2023,9,North America,Technology,Accessories,Home Office,7,0.0,2703.59,1049.38,0.3881431725964366
2023-03-16,2023,3,North America,Office Supplies,Storage,Consumer,2,0.0,110.63,35.55,0.32134140829793
2021-02-03,2021,2,North America,Office Supplies,Binders,Consumer,7,0.3,351.04,-28.54,-0.08130127620783956
2023-12-16,2023,12,North America,Office Supplies,Paper,Consumer,1,0.0,114.35,22.81,0.1994752951464801
2024-03-27,2024,3,Asia Pacific,Office Supplies,Binders,Consumer,1,0.3,101.85,-8.14,-0.07992145311732941
2024-11-27,2024,11,North America,Technology,Accessories,Corporate,2,0.1,740.73,137.18,0.1851956853374374
2023-04-08,2023,4,North America,Office Supplies,Paper,Corporate,5,0.15,488.69,29.72,0.060815650003069426
2023-02-12,2023,2,Europe,Technology,Accessories,Corporate,1,0.3,160.2,-0.84,-0.0052434456928838954
2023-05-20,2023,5,Latin America,Office Supplies,Storage,Corporate,5,0.1,423.37,55.67,0.13149254788955286
2023-11-29,2023,11,North America,Office Supplies,Binders,Consumer,1,0.15,143.77,15.45,0.10746330945259788
2024-03-17,2024,3,Europe,Office Supplies,Binders,Home Office,4,0.15,221.01,14.1,0.0637980181892222
2024-11-25,2024,11,Latin America,Furniture,Chairs,Consumer,1,0.0,514.99,79.86,0.15507097225188837
2023-01-09,2023,1,Asia Pacific,Office Supplies,Binders,Home Office,1,0.3,76.0,-7.94,-0.10447368421052632
2024-09-03,2024,9,Latin America,Office Supplies,Storage,Corporate,3,0.1,216.58,31.46,0.1452581032412965
2022-11-22,2022,11,Asia Pacific,Office Supplies,Storage,Consumer,3,0.1,482.39,88.32,0.1830883724786998
2024-02-18,2024,2,North America,Furniture,Furnishings,Consumer,4,0.3,1364.75,-171.68,-0.1257959333211211
2024-11-22,2024,11,North America,Office Supplies,Paper,Consumer,5,0.3,641.18,-10.76,-0.01678155900059266
2024-02-10,2024,2,Asia Pacific,Furniture,Tables,Consumer,1,0.1,177.63,2.38,0.013398637617519563
2021-08-31,2021,8,Europe,Office Supplies,Art,Consumer,2,0.3,154.88,-6.4,-0.04132231404958678
2024-07-01,2024,7,Europe,Office Supplies,Art,Consumer,1,0.2,88.26,-2.85,-0.032290958531611146
2022-04-25,2022,4,Latin America,Technology,Accessories,Consumer,3,0.15,1301.44,240.13,0.1845110031964593
2021-09-22,2021,9,Europe,Office Supplies,Paper,Consumer,4,0.15,199.39,3.76,0.018857515422037213
2021-01-26,2021,1,Asia Pacific,Office Supplies,Paper,Corporate,5,0.2,209.31,-16.32,-0.07797047441593809
2024-04-14,2024,4,Latin America,Technology,Accessories,Corporate,2,0.0,1211.46,365.34,0.3015700064385122
2022-10-04,2022,10,Europe,Office Supplies,Binders,Consumer,2,0.3,93.21,-1.13,-0.012123162750777813
2023-03-26,2023,3,Middle East & Africa,Office Supplies,Storage,Corporate,1,0.1,66.73,3.34,0.050052450172336276
2023-11-04,2023,11,Latin America,Office Supplies,Binders,Consumer,3,0.2,241.62,0.42,0.0017382666997765085
2021-06-12,2021,6,North America,Office Supplies,Paper,Home Office,1,0.0,57.21,9.96,0.1740954378605139
2022-06-28,2022,6,Asia Pacific,Office Supplies,Paper,Home Office,1,0.2,45.54,1.89,0.04150197628458498
2024-08-12,2024,8,North America,Furniture,Tables,Consumer,2,0.2,826.46,-105.49,-0.12764078116303268
2023-09-11,2023,9,Europe,Office Supplies,Binders,Consumer,4,0.1,268.61,42.55,0.1584081009642232
2022-11-20,2022,11,Asia Pacific,Office Supplies,Paper,Consumer,2,0.0,208.34,41.82,0.2007295766535471
2023-03-28,2023,3,Asia Pacific,Office Supplies,Binders,Home Office,1,0.0,56.46,8.03,0.14222458377612468
2024-11-25,2024,11,Asia Pacific,Furniture,Bookcases,Consumer,3,0.5,1305.37,-398.46,-0.30524678826692814
2023-09-24,2023,9,Latin America,Office Supplies,Art,Corporate,4,0.0,215.84,55.11,0.25532802075611566
2023-03-20,2023,3,Europe,Technology,Laptops,Corporate,2,0.15,802.44,36.61,0.04562334878620208
2024-04-25,2024,4,Europe,Office Supplies,Binders,Corporate,1,0.15,55.94,-1.33,-0.023775473721844836
2022-03-24,2022,3,Asia Pacific,Office Supplies,Art,Home Office,2,0.0,83.45,16.17,0.19376872378669863
2024-03-20,2024,3,Asia Pacific,Office Supplies,Paper,Corporate,6,0.15,328.86,23.72,0.07212795718542844
2022-08-05,2022,8,Asia Pacific,Technology,Laptops,Corporate,2,0.1,869.42,231.98,0.26682155920038647
2023-11-22,2023,11,Middle East & Africa,Furniture,Chairs,Corporate,4,0.1,1738.04,-28.62,-0.01646682469908633
2023-09-10,2023,9,Latin America,Furniture,Bookcases,Consumer,5,0.0,1095.42,76.97,0.0702652863741761
2021-06-20,2021,6,Latin America,Office Supplies,Storage,Home Office,4,0.15,232.74,-2.56,-0.01099939847039615
2024-06-07,2024,6,Europe,Technology,Phones,Home Office,2,0.3,1183.49,80.56,0.06806986117330945
2021-08-10,2021,8,Europe,Office Supplies,Binders,Consumer,1,0.4,77.04,-16.16,-0.20976116303219106
2022-06-08,2022,6,Latin America,Furniture,Chairs,Consumer,4,0.0,674.93,63.66,0.09432089253700383
2021-01-11,2021,1,North America,Technology,Accessories,Consumer,3,0.3,2329.79,-16.78,-0.007202365878469734
2022-07-16,2022,7,Europe,Furniture,Tables,Consumer,2,0.0,857.75,96.11,0.11204896531623433
2024-11-03,2024,11,North America,Furniture,Tables,Corporate,3,0.3,918.17,-198.43,-0.21611466286199726
2023-01-13,2023,1,Europe,Office Supplies,Paper,Consumer,1,0.0,65.19,13.88,0.2129160914250652
2024-08-14,2024,8,Europe,Office Supplies,Art,Home Office,5,0.1,285.91,16.79,0.05872477353013185
2024-02-27,2024,2,Europe,Technology,Copiers,Consumer,2,0.2,668.25,61.81,0.09249532360643473
2021-06-23,2021,6,North America,Office Supplies,Art,Consumer,3,0.0,249.98,26.67,0.10668853508280664
2023-10-02,2023,10,Asia Pacific,Office Supplies,Art,Consumer,3,0.0,182.69,46.35,0.2537084678964366
2024-03-08,2024,3,Middle East & Africa,Office Supplies,Art,Consumer,3,0.0,297.48,39.33,0.13221056877773293
2024-12-31,2024,12,North America,Furniture,Bookcases,Corporate,1,0.1,980.93,78.47,0.07999551446076683
2023-12-11,2023,12,North America,Technology,Accessories,Home Office,4,0.0,2088.67,714.59,0.34212680796870737
2021-08-11,2021,8,North America,Office Supplies,Art,Consumer,2,0.1,122.04,10.66,0.08734841035725992
2023-04-05,2023,4,Europe,Technology,Laptops,Home Office,4,0.4,3033.19,-101.05,-0.03331476102716941
2021-04-04,2021,4,Asia Pacific,Technology,Copiers,Consumer,3,0.0,1878.76,442.75,0.23566075496604144
2023-04-16,2023,4,Europe,Office Supplies,Art,Home Office,3,0.3,228.54,-12.29,-0.05377614421983022
2023-10-10,2023,10,Latin America,Office Supplies,Paper,Consumer,1,0.0,69.11,16.78,0.24280133121111275
2024-02-16,2024,2,Asia Pacific,Office Supplies,Binders,Home Office,2,0.0,146.61,24.63,0.1679967260077757
2024-02-11,2024,2,Asia Pacific,Technology,Phones,Corporate,3,0.15,989.1,103.08,0.10421595389748256
2022-12-09,2022,12,North America,Office Supplies,Storage,Home Office,3,0.3,178.87,-9.7,-0.05422932856264325
2021-08-22,2021,8,Asia Pacific,Furniture,Furnishings,Home Office,6,0.3,1308.84,-423.85,-0.3238363741939428
2022-11-13,2022,11,North America,Furniture,Furnishings,Consumer,4,0.0,1852.14,103.27,0.0557571241914758
2021-01-11,2021,1,Asia Pacific,Office Supplies,Paper,Consumer,1,0.0,41.25,8.34,0.20218181818181818
2022-09-08,2022,9,Europe,Technology,Accessories,Corporate,2,0.2,860.43,134.93,0.15681694036702581
2022-05-20,2022,5,Asia Pacific,Office Supplies,Storage,Consumer,3,0.2,165.54,-3.13,-0.018907816841850913
2021-05-19,2021,5,North America,Furniture,Chairs,Consumer,4,0.15,858.88,57.96,0.06748323397913562
2024-01-13,2024,1,Latin America,Office Supplies,Paper,Corporate,5,0.15,253.51,13.78,0.05435683010532129
2023-05-01,2023,5,North America,Technology,Laptops,Consumer,4,0.2,1112.28,91.97,0.08268601431294278
2022-06-11,2022,6,Asia Pacific,Technology,Accessories,Consumer,3,0.2,1507.13,245.46,0.16286584435317458
2023-11-27,2023,11,North America,Furniture,Chairs,Corporate,3,0.1,1851.18,68.01,0.03673872881081256
2023-09-17,2023,9,Europe,Office Supplies,Art,Consumer,4,0.1,246.84,25.57,0.10358936963215037
2024-02-06,2024,2,North America,Office Supplies,Art,Corporate,3,0.4,283.85,-56.75,-0.1999295402501321
2024-03-04,2024,3,Asia Pacific,Office Supplies,Art,Corporate,1,0.1,82.46,3.16,0.038321610477807425
2024-05-22,2024,5,Europe,Technology,Copiers,Consumer,5,0.15,3821.51,710.7,0.18597360729135864
2022-09-01,2022,9,Europe,Technology,Phones,Corporate,1,0.0,572.05,162.56,0.2841709640765668
2024-06-05,2024,6,North America,Technology,Laptops,Consumer,4,0.0,3369.88,816.7,0.24235284342469168
2023-04-20,2023,4,Asia Pacific,Office Supplies,Paper,Corporate,4,0.15,244.87,16.97,0.06930207865397965
2021-07-03,2021,7,Europe,Technology,Laptops,Consumer,4,0.1,1434.08,304.47,0.21231033136226712
2021-12-28,2021,12,North America,Office Supplies,Paper,Consumer,1,0.3,168.93,-25.61,-0.15160125495767476
2021-12-15,2021,12,Latin America,Technology,Laptops,Consumer,2,0.2,1704.77,121.07,0.07101837784569179
2022-07-04,2022,7,Asia Pacific,Technology,Phones,Consumer,1,0.3,580.9,27.15,0.04673782062317094
2022-03-21,2022,3,Asia Pacific,Furniture,Chairs,Corporate,1,0.15,157.87,-4.77,-0.030214733641603847
2024-12-15,2024,12,Middle East & Africa,Office Supplies,Paper,Consumer,2,0.0,134.91,19.03,0.14105700096360538
2021-01-15,2021,1,North America,Technology,Phones,Consumer,2,0.2,982.7,-4.49,-0.004569044469319223
2024-02-23,2024,2,Europe,Office Supplies,Binders,Consumer,1,0.15,73.33,9.55,0.13023319241783718
2023-08-30,2023,8,Europe,Furniture,Chairs,Corporate,1,0.0,180.57,22.74,0.12593454062136566
2024-07-14,2024,7,North America,Technology,Phones,Consumer,4,0.15,2113.53,453.87,0.2147450000709713
2023-03-01,2023,3,Europe,Furniture,Chairs,Corporate,2,0.15,707.85,-44.01,-0.06217418944691672
2021-10-02,2021,10,North America,Technology,Phones,Corporate,3,0.5,1582.25,-117.71,-0.07439405909306367
2023-10-04,2023,10,Latin America,Office Supplies,Art,Home Office,2,0.15,170.39,5.63,0.033041845178707674
2021-02-15,2021,2,Europe,Office Supplies,Art,Consumer,1,0.1,46.09,5.56,0.12063354306791059
2023-01-09,2023,1,Asia Pacific,Furniture,Bookcases,Consumer,5,0.2,2109.54,-62.27,-0.029518283606852682
2021-12-07,2021,12,Europe,Technology,Copiers,Corporate,3,0.2,1704.27,178.31,0.10462544080456736
2022-04-22,2022,4,Asia Pacific,Office Supplies,Paper,Corporate,4,0.1,317.74,42.24,0.1329388808459747
2022-09-06,2022,9,Latin America,Furniture,Chairs,Corporate,6,0.0,1081.49,121.47,0.11231726599413772
2022-08-19,2022,8,Latin America,Furniture,Chairs,Corporate,3,0.1,956.99,-0.43,-0.00044932548929455896
2021-01-02,2021,1,Latin America,Furniture,Chairs,Consumer,2,0.1,600.05,-5.25,-0.00874927089409216
2022-08-24,2022,8,Asia Pacific,Technology,Phones,Consumer,1,0.3,496.76,-3.15,-0.0063410902649166595
2022-01-23,2022,1,Europe,Office Supplies,Art,Consumer,1,0.5,101.93,-16.11,-0.15804964191111545
2024-12-31,2024,12,Europe,Office Supplies,Paper,Corporate,1,0.0,208.64,42.36,0.20302914110429449
2021-03-20,2021,3,Latin America,Technology,Accessories,Consumer,2,0.1,1180.24,182.73,0.15482444248627397
2023-10-10,2023,10,Asia Pacific,Technology,Copiers,Consumer,2,0.1,708.65,105.67,0.1491145135116066
2023-09-01,2023,9,North America,Furniture,Chairs,Consumer,1,0.1,220.45,-2.58,-0.011703334089362668
2023-03-15,2023,3,Europe,Furniture,Furnishings,Home Office,2,0.5,387.93,-123.34,-0.3179439589616683
2022-09-09,2022,9,Europe,Furniture,Tables,Consumer,3,0.0,972.61,105.2,0.1081625728709349
2022-06-02,2022,6,Europe,Office Supplies,Art,Consumer,3,0.0,132.42,28.15,0.21258118109046972
2022-06-30,2022,6,North America,Technology,Laptops,Corporate,9,0.0,4175.18,1207.58,0.2892282488419661
2024-06-10,2024,6,Asia Pacific,Office Supplies,Paper,Consumer,3,0.3,359.04,-45.15,-0.12575200534759357
2022-02-21,2022,2,Europe,Office Supplies,Art,Corporate,4,0.2,135.19,2.26,0.01671721281159849
2022-02-20,2022,2,Europe,Office Supplies,Paper,Corporate,3,0.15,96.86,6.5,0.06710716498038406
2024-11-21,2024,11,Europe,Office Supplies,Paper,Consumer,2,0.0,146.12,31.21,0.21359156857377498
2024-04-22,2024,4,Europe,Office Supplies,Binders,Consumer,6,0.3,856.87,-50.08,-0.058445271744838774
2024-12-06,2024,12,Europe,Furniture,Bookcases,Home Office,3,0.4,970.37,-326.32,-0.33628409781835794
2022-06-20,2022,6,Asia Pacific,Office Supplies,Paper,Consumer,2,0.3,271.07,-31.41,-0.11587412845390489
2021-08-13,2021,8,Latin America,Technology,Phones,Consumer,4,0.5,1441.97,-207.65,-0.14400438289284798
2021-01-11,2021,1,North America,Technology,Laptops,Consumer,2,0.0,862.14,250.87,0.29098522281763983
2021-11-27,2021,11,North America,Technology,Copiers,Home Office,5,0.1,4069.36,1184.42,0.2910580533548273
2024-01-11,2024,1,North America,Office Supplies,Binders,Consumer,2,0.3,88.37,-8.88,-0.1004865904718796
2024-12-13,2024,12,North America,Office Supplies,Paper,Consumer,3,0.15,502.38,-17.91,-0.03565030455034038
2021-08-07,2021,8,North America,Technology,Phones,Consumer,2,0.15,1855.59,334.58,0.1803092277927775
2023-10-07,2023,10,North America,Technology,Accessories,Corporate,4,0.15,1369.98,137.41,0.1003007343172893
2022-02-09,2022,2,Asia Pacific,Office Supplies,Art,Consumer,1,0.1,32.53,1.89,0.058100215185982164
2024-06-10,2024,6,Europe,Office Supplies,Art,Corporate,3,0.0,260.04,43.62,0.16774342408860174
2023-04-17,2023,4,Europe,Technology,Phones,Corporate,6,0.3,3090.11,187.49,0.0606742154810023
2024-09-15,2024,9,Asia Pacific,Technology,Phones,Consumer,1,0.4,496.57,0.01,2.0138147693175184e-05
2023-04-08,2023,4,Middle East & Africa,Technology,Laptops,Corporate,4,0.15,1579.87,235.3,0.14893630488584506
2024-06-02,2024,6,Europe,Office Supplies,Storage,Corporate,1,0.0,144.93,12.65,0.08728351618022494
2023-05-04,2023,5,North America,Furniture,Bookcases,Consumer,7,0.1,2477.83,121.15,0.048893588341411644
2023-09-03,2023,9,Asia Pacific,Technology,Copiers,Corporate,4,0.0,1084.3,327.28,0.3018352854376095
2024-01-09,2024,1,Europe,Furniture,Chairs,Home Office,2,0.0,805.9,61.55,0.07637423998014642
2022-10-19,2022,10,North America,Office Supplies,Paper,Consumer,2,0.1,176.25,12.71,0.07211347517730497
2022-06-01,2022,6,Latin America,Technology,Laptops,Consumer,3,0.1,1531.82,256.88,0.1676959433876043
2023-02-01,2023,2,North America,Office Supplies,Art,Corporate,3,0.1,91.33,18.96,0.20759881747509035
2024-06-18,2024,6,North America,Office Supplies,Paper,Consumer,4,0.15,226.68,17.87,0.07883359802364567
2022-01-02,2022,1,Asia Pacific,Office Supplies,Paper,Corporate,3,0.2,130.52,7.98,0.061140055163959546
2022-11-03,2022,11,Asia Pacific,Office Supplies,Paper,Consumer,8,0.2,1524.56,-71.79,-0.04708899616938658
2024-02-15,2024,2,Asia Pacific,Office Supplies,Storage,Home Office,1,0.2,75.33,-5.08,-0.06743661223947962
2023-10-02,2023,10,North America,Office Supplies,Art,Home Office,1,0.1,51.61,2.82,0.054640573532261184
2022-03-10,2022,3,Europe,Office Supplies,Art,Home Office,2,0.1,120.13,2.75,0.02289186714392741
2021-06-08,2021,6,North America,Technology,Accessories,Home Office,1,0.0,293.11,78.01,0.2661458155641227
2024-03-24,2024,3,North America,Technology,Accessories,Consumer,3,0.0,3825.97,936.88,0.24487384898470194
2021-03-21,2021,3,Latin America,Office Supplies,Binders,Consumer,2,0.4,163.66,-16.83,-0.10283514603446169
2022-06-22,2022,6,Latin America,Office Supplies,Art,Consumer,3,0.2,128.48,1.41,0.010974470734744708
2022-09-12,2022,9,North America,Furniture,Furnishings,Consumer,3,0.0,733.3,66.83,0.09113596072548752
2024-05-17,2024,5,Europe,Technology,Laptops,Corporate,7,0.1,4776.21,710.67,0.14879370881933582
2024-06-06,2024,6,Middle East & Africa,Technology,Copiers,Corporate,2,0.0,1144.41,307.06,0.26831292980662524
2024-08-29,2024,8,North America,Technology,Accessories,Consumer,3,0.1,1452.39,257.25,0.17712184743767168
2021-05-16,2021,5,North America,Technology,Phones,Consumer,2,0.1,1017.56,219.64,0.21584967962577145
2024-09-23,2024,9,Asia Pacific,Office Supplies,Binders,Consumer,4,0.0,207.96,52.47,0.2523081361800346
2021-03-28,2021,3,Europe,Office Supplies,Paper,Consumer,5,0.0,240.22,55.7,0.23187078511364584
2021-01-27,2021,1,Europe,Furniture,Furnishings,Consumer,5,0.1,1247.25,79.89,0.06405291641611545
2024-08-08,2024,8,North America,Office Supplies,Binders,Corporate,1,0.2,115.44,8.12,0.07033957033957033
2022-01-15,2022,1,Asia Pacific,Furniture,Tables,Consumer,3,0.1,936.52,24.75,0.026427625678042115
2021-11-19,2021,11,Latin America,Technology,Copiers,Corporate,5,0.1,4157.82,701.98,0.16883366764313992
2022-02-25,2022,2,Latin America,Furniture,Tables,Consumer,3,0.2,315.63,-22.23,-0.07043056743655546
2021-12-27,2021,12,North America,Office Supplies,Paper,Consumer,3,0.3,235.03,-28.7,-0.12211207079947241
2023-12-28,2023,12,North America,Office Supplies,Paper,Consumer,4,0.15,267.95,21.8,0.08135846239970145
2022-08-08,2022,8,Asia Pacific,Office Supplies,Art,Corporate,1,0.15,46.96,1.59,0.03385860306643952
2022-08-13,2022,8,Latin America,Office Supplies,Art,Consumer,3,0.0,206.42,32.98,0.15977133998643542
2022-06-04,2022,6,Europe,Technology,Laptops,Home Office,5,0.0,2819.71,723.69,0.25665405307638023
2024-03-19,2024,3,Asia Pacific,Office Supplies,Paper,Home Office,1,0.1,79.31,7.56,0.09532215357458075
2022-04-25,2022,4,Europe,Furniture,Tables,Home Office,4,0.15,2089.62,-389.22,-0.18626353116834643
2022-12-24,2022,12,Middle East & Africa,Technology,Laptops,Corporate,2,0.2,2392.19,286.88,0.11992358466509767
2022-02-28,2022,2,North America,Technology,Copiers,Consumer,4,0.5,1428.66,-131.16,-0.09180630800890344
2022-02-12,2022,2,North America,Office Supplies,Binders,Consumer,2,0.1,145.07,14.06,0.09691872888950163
2023-05-10,2023,5,North America,Office Supplies,Art,Home Office,4,0.1,211.29,1.23,0.005821382933409059
2024-01-11,2024,1,Middle East & Africa,Technology,Copiers,Consumer,1,0.2,506.36,38.73,0.07648708428785843
2024-12-09,2024,12,Latin America,Office Supplies,Binders,Home Office,2,0.0,107.9,17.52,0.16237256719184429
2022-12-24,2022,12,Asia Pacific,Office Supplies,Paper,Consumer,5,0.15,407.72,8.21,0.020136368095751988
2023-02-02,2023,2,Europe,Furniture,Tables,Consumer,1,0.4,252.8,-41.76,-0.1651898734177215
2021-11-02,2021,11,North America,Furniture,Furnishings,Consumer,3,0.15,703.5,14.16,0.020127931769722815
2023-03-17,2023,3,Asia Pacific,Furniture,Chairs,Corporate,3,0.0,728.43,123.25,0.1691995112776794
2024-04-02,2024,4,Europe,Office Supplies,Paper,Consumer,1,0.15,61.97,1.73,0.027916733903501696
2024-10-23,2024,10,North America,Technology,Phones,Corporate,2,0.0,944.65,271.15,0.2870375271264489
2024-04-28,2024,4,North America,Technology,Phones,Corporate,4,0.15,1464.13,171.52,0.11714806745302671
2021-01-04,2021,1,Middle East & Africa,Office Supplies,Art,Corporate,3,0.2,135.99,-11.42,-0.0839767629972792
2022-01-30,2022,1,Asia Pacific,Office Supplies,Storage,Home Office,2,0.1,57.59,8.01,0.13908664698732418
2021-01-03,2021,1,Asia Pacific,Furniture,Bookcases,Home Office,3,0.15,881.82,-8.86,-0.01004740196411966
2022-09-28,2022,9,Asia Pacific,Technology,Accessories,Home Office,4,0.3,2126.91,222.15,0.10444729678265655
2023-06-26,2023,6,Europe,Furniture,Furnishings,Consumer,2,0.1,905.91,10.73,0.011844443708536169
2022-06-23,2022,6,Middle East & Africa,Office Supplies,Storage,Consumer,5,0.15,347.21,12.94,0.03726851185161718
2022-10-13,2022,10,Europe,Technology,Laptops,Consumer,5,0.3,2157.61,-6.22,-0.0028828194159278087
2022-01-31,2022,1,North America,Office Supplies,Binders,Consumer,5,0.15,501.96,62.47,0.1244521475814806
2024-04-29,2024,4,Latin America,Technology,Phones,Consumer,5,0.15,1859.42,244.7,0.1316001763990922
2022-03-21,2022,3,Asia Pacific,Furniture,Tables,Corporate,1,0.15,209.39,10.62,0.05071875447729118
2022-01-10,2022,1,Asia Pacific,Office Supplies,Art,Consumer,3,0.2,185.97,-0.12,-0.0006452653653815131
2021-02-05,2021,2,Europe,Office Supplies,Storage,Consumer,3,0.0,132.6,21.5,0.16214177978883862
2024-10-06,2024,10,Asia Pacific,Office Supplies,Paper,Consumer,4,0.0,356.47,68.33,0.19168513479395177
2022-08-16,2022,8,Asia Pacific,Office Supplies,Storage,Consumer,3,0.3,365.33,3.35,0.009169791695179702
2022-07-31,2022,7,Middle East & Africa,Technology,Laptops,Corporate,1,0.15,217.59,17.44,0.08015074222160945
2022-09-27,2022,9,Europe,Technology,Copiers,Home Office,5,0.15,1945.65,163.06,0.08380746794130496
2022-01-24,2022,1,North America,Office Supplies,Binders,Consumer,2,0.15,90.65,6.52,0.07192498621070048
2024-10-23,2024,10,North America,Office Supplies,Art,Consumer,4,0.0,306.7,72.11,0.23511574828822954
2022-09-14,2022,9,North America,Technology,Laptops,Corporate,3,0.0,836.09,247.95,0.2965589828846177
2022-07-01,2022,7,Latin America,Office Supplies,Art,Corporate,8,0.1,709.66,74.33,0.1047402981709551
2023-11-17,2023,11,North America,Technology,Phones,Consumer,1,0.2,567.6,69.51,0.12246300211416491
2023-11-19,2023,11,Europe,Technology,Copiers,Corporate,1,0.3,663.08,24.45,0.03687337877782469
2021-10-09,2021,10,Middle East & Africa,Technology,Laptops,Home Office,1,0.0,465.24,111.88,0.2404780328432637
2021-03-14,2021,3,North America,Technology,Phones,Home Office,3,0.0,866.95,170.7,0.19689716823346212
2024-06-03,2024,6,North America,Furniture,Bookcases,Consumer,1,0.3,502.8,-49.58,-0.09860779634049323
2021-12-08,2021,12,North America,Office Supplies,Art,Home Office,1,0.1,104.82,-0.56,-0.005342491890860524
2024-05-18,2024,5,Middle East & Africa,Technology,Accessories,Corporate,4,0.4,3208.58,38.83,0.012101926709011463
2022-03-10,2022,3,Asia Pacific,Office Supplies,Storage,Consumer,2,0.2,156.86,-7.12,-0.045390794338900926
2021-05-20,2021,5,Asia Pacific,Office Supplies,Paper,Consumer,1,0.2,49.79,2.98,0.05985137577826873
2021-03-11,2021,3,North America,Furniture,Bookcases,Home Office,2,0.4,582.66,-148.09,-0.2541619469330313
2022-09-16,2022,9,Latin America,Office Supplies,Binders,Consumer,8,0.2,458.95,5.69,0.012397864691142827
2022-09-30,2022,9,North America,Furniture,Tables,Consumer,3,0.0,1478.57,114.53,0.07745997822220119
2021-09-08,2021,9,North America,Office Supplies,Paper,Corporate,2,0.0,125.97,24.71,0.1961578153528618
2023-08-01,2023,8,Europe,Office Supplies,Art,Consumer,1,0.1,81.25,14.05,0.17292307692307693
2021-09-19,2021,9,Europe,Office Supplies,Art,Corporate,3,0.1,103.0,13.36,0.12970873786407766
2022-07-11,2022,7,Europe,Furniture,Tables,Consumer,3,0.1,583.52,19.77,0.0338805867836578
2024-01-08,2024,1,Europe,Furniture,Bookcases,Consumer,3,0.0,1488.81,293.87,0.19738583163734796
2024-02-01,2024,2,Europe,Office Supplies,Art,Corporate,2,0.2,160.66,-2.37,-0.014751649446035107
2024-10-31,2024,10,Asia Pacific,Office Supplies,Art,Consumer,2,0.1,166.89,-1.3,-0.007789561986937504
2024-09-01,2024,9,Latin America,Office Supplies,Art,Consumer,5,0.0,323.15,61.13,0.189169116509361
2021-04-28,2021,4,Middle East & Africa,Furniture,Furnishings,Home Office,1,0.0,355.33,44.45,0.12509498212928827
2021-03-31,2021,3,Asia Pacific,Technology,Phones,Home Office,3,0.1,1468.83,365.48,0.24882389384748407
2021-11-19,2021,11,Asia Pacific,Office Supplies,Storage,Consumer,1,0.2,40.79,5.06,0.12405001225790634
2023-11-23,2023,11,Middle East & Africa,Technology,Accessories,Corporate,1,0.15,428.48,82.59,0.1927511202389843
2024-08-28,2024,8,Europe,Furniture,Chairs,Consumer,3,0.15,1038.13,35.42,0.03411904096789419
2024-11-10,2024,11,Middle East & Africa,Office Supplies,Paper,Home Office,2,0.0,240.28,51.53,0.21445813217912435
2024-03-05,2024,3,Europe,Furniture,Furnishings,Corporate,2,0.0,689.94,84.8,0.12290923848450588
2022-02-17,2022,2,North America,Technology,Phones,Consumer,1,0.1,511.81,109.44,0.21382935073562453
2024-12-04,2024,12,Europe,Office Supplies,Storage,Corporate,3,0.0,476.77,88.56,0.18574994232019634
2023-06-18,2023,6,North America,Office Supplies,Binders,Home Office,6,0.15,278.57,44.94,0.16132390422514986
2021-06-04,2021,6,Europe,Furniture,Chairs,Home Office,4,0.0,954.88,200.46,0.2099321380697051
2023-10-16,2023,10,North America,Office Supplies,Binders,Consumer,2,0.1,110.08,13.26,0.12045784883720931
2021-11-23,2021,11,Asia Pacific,Technology,Phones,Corporate,3,0.0,1135.58,232.95,0.20513746279434297
2023-09-05,2023,9,North America,Furniture,Bookcases,Corporate,1,0.0,151.03,9.79,0.0648215586307356
2021-08-23,2021,8,Asia Pacific,Office Supplies,Binders,Consumer,4,0.15,348.26,32.48,0.0932636535921438
2021-09-17,2021,9,Asia Pacific,Technology,Laptops,Consumer,1,0.1,610.34,11.82,0.01936625487433234
2023-11-29,2023,11,North America,Office Supplies,Binders,Home Office,1,0.2,141.24,-5.64,-0.03993203058623619
2022-02-05,2022,2,Europe,Office Supplies,Storage,Corporate,3,0.1,84.71,5.7,0.06728839570298667
2024-08-23,2024,8,Asia Pacific,Office Supplies,Binders,Corporate,2,0.3,208.49,-11.91,-0.05712504196843973
2021-02-16,2021,2,Asia Pacific,Furniture,Bookcases,Home Office,2,0.0,408.42,20.36,0.04985064394495862
2024-10-14,2024,10,Asia Pacific,Technology,Laptops,Corporate,2,0.5,603.62,-88.13,-0.14600245187369537
2023-05-14,2023,5,Asia Pacific,Technology,Accessories,Consumer,4,0.2,1977.35,330.56,0.16717323690798291
2021-04-13,2021,4,Latin America,Technology,Laptops,Consumer,3,0.15,1037.86,230.99,0.2225637369202012
2024-06-20,2024,6,Asia Pacific,Office Supplies,Binders,Consumer,3,0.0,144.96,24.3,0.16763245033112584
2024-07-19,2024,7,North America,Furniture,Furnishings,Corporate,2,0.1,738.18,12.49,0.01691999241377442
2023-09-26,2023,9,Europe,Furniture,Chairs,Consumer,8,0.0,1396.76,212.35,0.1520304132420745
2024-07-15,2024,7,Europe,Office Supplies,Storage,Home Office,2,0.1,122.82,6.2,0.050480377788633776
2024-10-25,2024,10,North America,Technology,Laptops,Consumer,4,0.0,3314.78,911.45,0.2749654577377684
2021-11-02,2021,11,Asia Pacific,Technology,Phones,Consumer,1,0.15,434.18,77.09,0.17755308858077296
2021-11-21,2021,11,Latin America,Technology,Copiers,Corporate,8,0.1,5950.83,1498.92,0.2518841909447926
2022-08-30,2022,8,Asia Pacific,Furniture,Chairs,Consumer,3,0.0,445.97,76.81,0.1722313160078032
2021-08-04,2021,8,Europe,Office Supplies,Binders,Consumer,5,0.1,218.68,30.71,0.14043351015182
2023-07-01,2023,7,North America,Furniture,Chairs,Consumer,1,0.15,372.64,46.5,0.12478531558608845
2022-03-15,2022,3,Asia Pacific,Technology,Accessories,Corporate,5,0.0,1504.54,551.63,0.3666436252941098
2022-05-02,2022,5,Asia Pacific,Office Supplies,Paper,Consumer,8,0.4,751.66,-169.6,-0.2256339302344145
2021-05-05,2021,5,Europe,Furniture,Furnishings,Corporate,3,0.1,1093.19,-19.16,-0.017526687949944657
2024-03-16,2024,3,North America,Furniture,Furnishings,Consumer,1,0.15,348.52,-13.95,-0.040026397337312065
2023-01-18,2023,1,Asia Pacific,Office Supplies,Paper,Corporate,2,0.0,117.13,16.61,0.14180824724664903
2022-10-28,2022,10,Europe,Technology,Copiers,Consumer,2,0.0,635.04,159.52,0.25119677500629883
2022-01-18,2022,1,Europe,Office Supplies,Art,Consumer,5,0.1,338.39,72.22,0.21342238245811046
2024-10-20,2024,10,North America,Technology,Accessories,Consumer,5,0.0,1753.08,570.5,0.32542724804344353
2022-11-22,2022,11,Asia Pacific,Office Supplies,Storage,Home Office,2,0.15,348.32,30.15,0.08655833716123106
2022-02-25,2022,2,Asia Pacific,Office Supplies,Binders,Corporate,3,0.5,140.94,-38.58,-0.2737335036185611
2021-08-31,2021,8,North America,Technology,Copiers,Corporate,5,0.3,1562.22,58.24,0.03728028062628823
2022-02-10,2022,2,North America,Office Supplies,Paper,Consumer,3,0.0,94.42,21.68,0.22961237026053802
2021-06-05,2021,6,North America,Technology,Copiers,Consumer,2,0.15,783.25,164.02,0.20940951165017557
2021-08-09,2021,8,Asia Pacific,Technology,Phones,Consumer,3,0.1,672.99,113.94,0.1693041501359604
2024-07-11,2024,7,Asia Pacific,Office Supplies,Art,Home Office,4,0.15,342.08,25.43,0.07433933582787652
2023-02-15,2023,2,North America,Technology,Phones,Consumer,3,0.4,461.95,-6.36,-0.01376772377962983
2021-12-28,2021,12,North America,Furniture,Bookcases,Corporate,3,0.4,1552.31,-365.27,-0.2353073806134084
2023-10-29,2023,10,Asia Pacific,Technology,Copiers,Consumer,2,0.1,1004.31,163.13,0.1624299270145672
2022-05-27,2022,5,North America,Furniture,Bookcases,Consumer,4,0.1,1606.68,6.64,0.004132745786342022
2021-05-05,2021,5,Europe,Office Supplies,Paper,Home Office,8,0.15,436.13,44.93,0.10301974182009951
2022-07-02,2022,7,Asia Pacific,Technology,Laptops,Home Office,4,0.15,2333.52,321.09,0.13759899208063353
2022-09-16,2022,9,Europe,Furniture,Furnishings,Consumer,3,0.1,651.67,14.16,0.02172878911105314
2022-06-10,2022,6,Europe,Furniture,Chairs,Consumer,7,0.0,4050.86,578.87,0.14290051988960367
2024-04-15,2024,4,North America,Technology,Copiers,Consumer,2,0.15,1032.65,124.08,0.12015687793540888
2023-12-28,2023,12,Europe,Office Supplies,Paper,Corporate,2,0.2,179.6,7.63,0.04248329621380846
2022-03-18,2022,3,Middle East & Africa,Office Supplies,Paper,Corporate,3,0.15,163.08,-3.57,-0.02189109639440765
2021-12-01,2021,12,North America,Office Supplies,Storage,Home Office,3,0.5,205.71,-37.54,-0.18248991298429829
2021-01-12,2021,1,Asia Pacific,Technology,Copiers,Consumer,2,0.1,756.08,122.14,0.16154375198391704
2021-12-21,2021,12,Europe,Office Supplies,Storage,Corporate,6,0.2,932.04,46.91,0.05033045792026093
2022-07-18,2022,7,Latin America,Office Supplies,Storage,Corporate,2,0.1,121.89,9.51,0.07802116662564607
2022-10-27,2022,10,Asia Pacific,Office Supplies,Paper,Home Office,4,0.15,181.52,1.7,0.009365359189070074
2022-05-25,2022,5,Asia Pacific,Office Supplies,Storage,Consumer,3,0.0,127.55,17.48,0.13704429635437085
2022-12-18,2022,12,Asia Pacific,Office Supplies,Storage,Consumer,4,0.15,544.71,-21.74,-0.039911145380110515
2024-01-31,2024,1,Asia Pacific,Technology,Accessories,Consumer,3,0.0,2653.78,844.19,0.31810850937153795
2022-01-14,2022,1,Europe,Furniture,Tables,Home Office,2,0.15,422.06,31.84,0.07543951097000426
2023-08-12,2023,8,Europe,Office Supplies,Art,Home Office,2,0.2,145.77,1.83,0.012554023461617617
2022-02-27,2022,2,Europe,Technology,Copiers,Consumer,4,0.1,559.22,106.57,0.19056900683094308
2021-06-13,2021,6,Asia Pacific,Office Supplies,Binders,Consumer,3,0.3,192.95,-15.01,-0.07779217413837781
2023-03-22,2023,3,North America,Office Supplies,Binders,Consumer,2,0.0,108.41,19.27,0.17775112996956
2023-03-18,2023,3,Europe,Technology,Accessories,Consumer,1,0.0,714.41,217.19,0.30401310172030066
2023-04-22,2023,4,North America,Technology,Accessories,Consumer,4,0.15,1762.82,200.26,0.1136020694115111
2023-04-17,2023,4,North America,Office Supplies,Paper,Home Office,3,0.1,153.8,28.5,0.18530559167750324
2023-11-11,2023,11,Latin America,Furniture,Chairs,Consumer,1,0.1,478.85,-21.54,-0.044982771222721096
2024-11-28,2024,11,Middle East & Africa,Technology,Accessories,Consumer,1,0.0,1065.19,271.37,0.2547620612285132
2022-12-26,2022,12,North America,Office Supplies,Paper,Consumer,4,0.1,447.69,69.08,0.1543032008756059
2022-08-04,2022,8,North America,Office Supplies,Art,Corporate,4,0.3,368.98,-57.17,-0.15494064718954956
2021-05-11,2021,5,Asia Pacific,Furniture,Bookcases,Consumer,1,0.3,189.29,-29.1,-0.15373236832373607
2021-02-23,2021,2,Europe,Office Supplies,Storage,Corporate,4,0.1,189.41,11.91,0.06287946782112877
2021-01-25,2021,1,Europe,Office Supplies,Binders,Consumer,3,0.0,186.97,26.14,0.13980852543188746
2022-09-04,2022,9,North America,Office Supplies,Paper,Corporate,2,0.3,230.91,-39.89,-0.1727512883807544
2021-01-05,2021,1,North America,Office Supplies,Binders,Consumer,8,0.15,567.63,44.19,0.07785000792769937
2021-10-06,2021,10,Middle East & Africa,Technology,Laptops,Consumer,4,0.2,2249.66,273.94,0.12176951183734432
2024-06-06,2024,6,Asia Pacific,Technology,Laptops,Home Office,5,0.2,4171.11,449.62,0.10779384863981052
2022-10-02,2022,10,North America,Furniture,Furnishings,Consumer,3,0.0,530.92,45.51,0.08571912905899194
2021-06-13,2021,6,Asia Pacific,Office Supplies,Binders,Home Office,3,0.1,265.3,23.47,0.08846588767433093
2021-05-24,2021,5,Latin America,Furniture,Furnishings,Corporate,1,0.1,184.41,4.14,0.022449975597852608
2024-11-11,2024,11,Middle East & Africa,Technology,Laptops,Consumer,3,0.1,3322.46,907.01,0.272993504812699
2023-07-03,2023,7,North America,Technology,Copiers,Consumer,2,0.1,909.23,158.21,0.17400437733026847
2022-11-09,2022,11,Europe,Office Supplies,Storage,Home Office,4,0.1,822.4,58.87,0.07158317120622568
2024-07-15,2024,7,Middle East & Africa,Technology,Laptops,Consumer,6,0.0,3478.78,604.21,0.17368445259545012
2022-10-16,2022,10,North America,Office Supplies,Storage,Home Office,1,0.1,63.36,5.95,0.09390782828282829
2021-04-18,2021,4,Europe,Technology,Laptops,Consumer,3,0.5,1187.01,-196.13,-0.16523028449633953
2024-01-27,2024,1,North America,Technology,Laptops,Consumer,3,0.2,917.04,71.58,0.0780554828578906
2023-07-12,2023,7,Middle East & Africa,Office Supplies,Art,Corporate,1,0.2,71.79,3.27,0.04554951943167572
2022-08-28,2022,8,North America,Office Supplies,Storage,Consumer,2,0.0,71.33,11.29,0.1582784242254311
2024-06-14,2024,6,Europe,Office Supplies,Art,Consumer,3,0.3,200.61,-7.53,-0.03753551667414386
2022-10-29,2022,10,Latin America,Furniture,Chairs,Consumer,1,0.2,261.23,-4.58,-0.017532442675037323
2021-01-27,2021,1,Europe,Technology,Copiers,Consumer,6,0.2,3610.39,226.66,0.0627799212827423
2023-04-15,2023,4,Asia Pacific,Furniture,Chairs,Consumer,1,0.2,274.81,-7.03,-0.025581310723772788
2023-03-04,2023,3,Latin America,Technology,Phones,Home Office,3,0.2,1426.77,231.11,0.16198125836680055
2022-03-08,2022,3,Asia Pacific,Technology,Copiers,Consumer,5,0.0,3091.98,608.68,0.19685767695780695
2024-06-26,2024,6,Europe,Office Supplies,Paper,Corporate,3,0.1,581.8,43.91,0.07547267102096941
2021-08-28,2021,8,Europe,Office Supplies,Storage,Consumer,5,0.3,228.17,3.25,0.014243765613358461
2023-10-25,2023,10,Latin America,Technology,Phones,Consumer,1,0.0,885.63,241.66,0.2728679019455077
2022-05-24,2022,5,North America,Technology,Accessories,Consumer,1,0.3,313.7,-0.91,-0.0029008606949314634
2023-09-18,2023,9,Europe,Technology,Copiers,Corporate,4,0.2,2073.88,290.02,0.13984415684610488
2022-08-19,2022,8,Asia Pacific,Furniture,Tables,Consumer,5,0.2,2089.79,-184.09,-0.0880901908804234
2021-11-10,2021,11,Asia Pacific,Furniture,Tables,Corporate,1,0.0,437.66,46.55,0.10636110222547182
2022-05-04,2022,5,Europe,Office Supplies,Art,Corporate,3,0.1,248.04,31.43,0.1267134333172069
2023-08-24,2023,8,Asia Pacific,Office Supplies,Binders,Consumer,2,0.0,140.04,24.79,0.1770208511853756
2022-07-06,2022,7,North America,Furniture,Furnishings,Consumer,2,0.0,698.64,85.31,0.1221086682697813
2022-09-16,2022,9,North America,Office Supplies,Art,Consumer,3,0.1,107.72,26.84,0.24916450055699962
2024-04-30,2024,4,Asia Pacific,Office Supplies,Storage,Consumer,2,0.1,108.84,12.29,0.11291804483645718
2022-08-02,2022,8,North America,Office Supplies,Storage,Corporate,1,0.0,30.82,6.85,0.22225827384815053
2023-08-09,2023,8,Latin America,Technology,Phones,Consumer,4,0.0,1731.7,542.99,0.3135589305306924
2022-07-06,2022,7,Latin America,Office Supplies,Storage,Home Office,6,0.1,649.75,39.86,0.06134667179684494
2024-11-04,2024,11,North America,Furniture,Furnishings,Home Office,6,0.2,4781.55,-705.93,-0.14763622674655708
2023-08-17,2023,8,Latin America,Office Supplies,Storage,Consumer,2,0.15,112.23,14.28,0.1272387062282812
2021-03-19,2021,3,Europe,Office Supplies,Art,Home Office,4,0.0,107.79,20.19,0.1873086557194545
2023-05-09,2023,5,Europe,Office Supplies,Paper,Consumer,5,0.1,264.23,33.95,0.12848654581236044
2024-06-06,2024,6,Latin America,Office Supplies,Art,Home Office,4,0.15,332.76,19.93,0.0598930159874985
2023-08-29,2023,8,Asia Pacific,Office Supplies,Paper,Home Office,4,0.0,268.79,53.25,0.19811004873693216
2024-07-21,2024,7,Europe,Furniture,Furnishings,Consumer,1,0.2,616.8,-31.21,-0.050599870298313886
2022-04-03,2022,4,Asia Pacific,Technology,Phones,Consumer,2,0.0,656.85,179.73,0.27362411509477047
2023-05-09,2023,5,North America,Office Supplies,Art,Home Office,3,0.2,249.02,10.6,0.04256686209942976
2021-02-04,2021,2,Latin America,Office Supplies,Storage,Corporate,4,0.1,90.7,10.84,0.11951488423373759
2024-10-08,2024,10,North America,Office Supplies,Paper,Corporate,1,0.2,67.6,-3.16,-0.04674556213017752
2021-06-18,2021,6,Asia Pacific,Office Supplies,Storage,Corporate,2,0.0,118.88,20.09,0.16899394347240915
2021-12-07,2021,12,North America,Furniture,Furnishings,Home Office,7,0.1,1981.99,177.76,0.08968763717274052
2022-10-27,2022,10,Europe,Technology,Phones,Consumer,2,0.2,685.46,98.84,0.1441951390307239
2023-12-06,2023,12,Middle East & Africa,Office Supplies,Paper,Consumer,3,0.1,384.09,82.27,0.21419458980968004
2022-06-10,2022,6,Asia Pacific,Furniture,Bookcases,Consumer,2,0.1,543.98,-10.32,-0.01897128570903342
2021-10-18,2021,10,Asia Pacific,Office Supplies,Paper,Corporate,1,0.15,57.76,7.9,0.13677285318559557
2024-11-16,2024,11,Europe,Office Supplies,Art,Consumer,4,0.0,309.17,89.05,0.2880292395769318
2023-03-06,2023,3,Asia Pacific,Furniture,Bookcases,Consumer,7,0.3,2379.69,-551.95,-0.23194197563548194
2024-08-27,2024,8,Latin America,Furniture,Bookcases,Corporate,2,0.1,1138.11,-25.79,-0.022660375534878
2021-07-18,2021,7,Middle East & Africa,Office Supplies,Paper,Consumer,3,0.5,211.74,-54.78,-0.258713516576934
2022-01-28,2022,1,Asia Pacific,Technology,Accessories,Consumer,5,0.0,3693.36,1364.61,0.3694765741763597
2021-07-09,2021,7,North America,Technology,Laptops,Consumer,2,0.5,443.4,-112.93,-0.25469102390617954
2022-04-22,2022,4,Asia Pacific,Office Supplies,Binders,Corporate,4,0.4,253.62,-49.22,-0.19406986830691586
2022-05-17,2022,5,Middle East & Africa,Furniture,Furnishings,Corporate,3,0.4,818.52,-229.29,-0.2801275472804574
2022-08-10,2022,8,Asia Pacific,Furniture,Bookcases,Corporate,7,0.2,1852.15,-104.43,-0.05638312231730692
2023-12-11,2023,12,Europe,Technology,Laptops,Consumer,2,0.15,1499.54,120.55,0.08039132000480147
2021-02-21,2021,2,Europe,Furniture,Furnishings,Consumer,4,0.15,884.49,-86.48,-0.09777385838166627
2021-12-18,2021,12,Asia Pacific,Technology,Copiers,Consumer,1,0.15,499.33,27.06,0.054192618108265075
2023-12-27,2023,12,Europe,Office Supplies,Storage,Consumer,5,0.0,622.57,125.34,0.20132675843680228
2024-12-16,2024,12,Latin America,Technology,Phones,Corporate,3,0.0,2082.19,558.08,0.2680254923902238
2024-07-03,2024,7,North America,Furniture,Tables,Consumer,1,0.3,304.59,-72.03,-0.23648182803112383
2023-10-25,2023,10,Latin America,Technology,Copiers,Consumer,1,0.1,218.72,37.39,0.1709491587417703
2021-08-26,2021,8,North America,Technology,Copiers,Home Office,2,0.0,552.77,188.32,0.34068419053132404
2022-01-30,2022,1,Europe,Office Supplies,Binders,Home Office,1,0.0,54.58,10.06,0.18431659948699158
2024-09-17,2024,9,North America,Office Supplies,Binders,Consumer,6,0.5,391.67,-88.42,-0.22575127020195573
2023-04-01,2023,4,North America,Technology,Copiers,Corporate,3,0.2,1930.19,371.39,0.1924111097871194
2024-04-02,2024,4,Asia Pacific,Office Supplies,Binders,Corporate,5,0.4,305.24,-39.71,-0.13009435198532301
2022-05-15,2022,5,North America,Office Supplies,Binders,Consumer,1,0.0,56.93,7.13,0.12524152467943087
2024-07-05,2024,7,North America,Office Supplies,Storage,Consumer,3,0.4,159.68,-20.05,-0.125563627254509
2024-02-11,2024,2,Middle East & Africa,Office Supplies,Art,Consumer,1,0.1,47.1,7.34,0.15583864118895965
2021-09-23,2021,9,Asia Pacific,Furniture,Chairs,Corporate,1,0.1,190.08,-5.53,-0.029093013468013466
2023-06-05,2023,6,North America,Technology,Laptops,Consumer,3,0.0,1767.1,494.09,0.2796050025465452
2022-11-02,2022,11,Middle East & Africa,Technology,Copiers,Consumer,2,0.2,1416.28,114.38,0.08076086649532578
2021-04-29,2021,4,North America,Furniture,Furnishings,Consumer,4,0.0,1455.12,219.71,0.15099098356149324
2021-02-04,2021,2,Latin America,Office Supplies,Art,Corporate,4,0.2,291.93,5.73,0.01962799301202343
2024-10-07,2024,10,Europe,Office Supplies,Paper,Home Office,1,0.0,98.67,18.46,0.18708827404479578
2021-12-23,2021,12,North America,Office Supplies,Storage,Corporate,4,0.0,388.59,63.91,0.16446640417921202
2024-01-27,2024,1,North America,Office Supplies,Art,Corporate,3,0.15,203.74,1.84,0.009031118091685482
2021-05-02,2021,5,Europe,Technology,Laptops,Consumer,1,0.1,349.96,58.04,0.16584752543147788
2022-03-26,2022,3,Europe,Office Supplies,Binders,Consumer,1,0.15,56.05,-0.38,-0.006779661016949153
2023-12-07,2023,12,North America,Office Supplies,Paper,Consumer,4,0.4,491.44,-101.79,-0.2071259970698356
2022-11-24,2022,11,Asia Pacific,Office Supplies,Storage,Consumer,3,0.15,221.28,-4.13,-0.01866413593637021
2023-05-21,2023,5,Asia Pacific,Technology,Phones,Consumer,2,0.15,1188.58,216.06,0.18177993908697776
2023-10-15,2023,10,North America,Technology,Accessories,Consumer,6,0.2,2425.07,193.21,0.07967192699592177
2024-02-24,2024,2,Latin America,Furniture,Furnishings,Consumer,4,0.1,1838.67,-24.02,-0.013063790674781226
2022-10-09,2022,10,Asia Pacific,Technology,Accessories,Consumer,3,0.0,1195.42,376.47,0.3149269712736946
2021-06-20,2021,6,North America,Technology,Laptops,Corporate,4,0.2,1182.45,45.29,0.03830183094422597
2023-01-01,2023,1,North America,Technology,Copiers,Home Office,2,0.15,945.09,113.13,0.11970288543948195
2022-05-19,2022,5,North America,Office Supplies,Storage,Home Office,1,0.3,111.72,-14.42,-0.12907268170426064
2021-06-23,2021,6,Europe,Office Supplies,Art,Consumer,4,0.1,250.26,20.33,0.08123551506433309
2021-05-22,2021,5,Europe,Furniture,Tables,Home Office,2,0.0,414.62,56.76,0.1368964352901452
2021-09-08,2021,9,North America,Office Supplies,Binders,Consumer,4,0.15,181.47,6.4,0.035267537333994604
2024-07-12,2024,7,North America,Office Supplies,Binders,Home Office,2,0.0,256.83,59.19,0.2304637308725616
2024-06-14,2024,6,North America,Technology,Laptops,Consumer,1,0.1,546.09,139.04,0.2546100459631196
2022-10-28,2022,10,Europe,Office Supplies,Art,Consumer,1,0.0,45.96,7.86,0.17101827676240208
2024-10-20,2024,10,Middle East & Africa,Office Supplies,Binders,Home Office,5,0.2,466.2,1.94,0.004161304161304161
2022-07-11,2022,7,Europe,Office Supplies,Binders,Consumer,4,0.4,363.63,-66.59,-0.18312570469983225
2023-04-20,2023,4,North America,Technology,Laptops,Consumer,3,0.0,963.33,284.32,0.29514288976778463
2024-03-05,2024,3,North America,Technology,Laptops,Home Office,1,0.3,508.93,-24.62,-0.04837600455858369
2021-01-25,2021,1,Europe,Furniture,Tables,Consumer,1,0.15,197.02,-1.53,-0.007765709065069536
2024-03-16,2024,3,Latin America,Office Supplies,Art,Consumer,2,0.0,161.9,53.96,0.3332921556516368
2022-12-20,2022,12,North America,Office Supplies,Binders,Corporate,3,0.0,172.98,29.67,0.17152271938952482
2022-10-18,2022,10,Europe,Office Supplies,Storage,Corporate,4,0.15,429.06,28.57,0.06658742367034913
2021-09-01,2021,9,Asia Pacific,Technology,Copiers,Consumer,3,0.0,1591.76,523.36,0.32879328541991254
2022-05-05,2022,5,North America,Office Supplies,Storage,Consumer,3,0.15,326.46,26.94,0.08252159529498256
2024-09-29,2024,9,Latin America,Furniture,Bookcases,Corporate,3,0.0,603.3,100.32,0.16628543013426156
2024-11-09,2024,11,North America,Office Supplies,Art,Consumer,6,0.1,469.63,16.55,0.0352405084854034
2024-07-31,2024,7,Latin America,Technology,Accessories,Consumer,3,0.3,1180.86,-68.29,-0.057830733533187684
2024-07-21,2024,7,Asia Pacific,Furniture,Chairs,Corporate,7,0.3,1661.17,-174.44,-0.10501032404871265
2022-05-08,2022,5,North America,Office Supplies,Paper,Home Office,2,0.15,107.34,6.79,0.06325694056269797
2023-11-27,2023,11,Asia Pacific,Technology,Copiers,Corporate,4,0.5,2318.89,-368.51,-0.15891655059101553
2022-07-25,2022,7,Asia Pacific,Technology,Copiers,Home Office,2,0.15,937.5,123.2,0.13141333333333333
2024-05-09,2024,5,Middle East & Africa,Technology,Accessories,Consumer,3,0.1,1276.69,217.14,0.17008044239400322
2023-04-29,2023,4,Asia Pacific,Technology,Phones,Consumer,4,0.0,4249.57,900.68,0.2119461498457491
2022-01-11,2022,1,Asia Pacific,Office Supplies,Art,Consumer,3,0.15,163.28,3.13,0.01916952474277315
2021-06-25,2021,6,Asia Pacific,Furniture,Bookcases,Consumer,5,0.3,1755.78,-209.99,-0.11959926642290038
2024-10-21,2024,10,Europe,Office Supplies,Art,Consumer,1,0.2,115.98,-8.98,-0.07742714261079496
2024-05-10,2024,5,North America,Office Supplies,Binders,Consumer,4,0.0,243.81,46.45,0.190517206021082
2024-04-12,2024,4,North America,Office Supplies,Binders,Consumer,2,0.15,146.95,8.54,0.05811500510377679
2023-07-24,2023,7,Latin America,Office Supplies,Art,Consumer,6,0.3,469.52,10.29,0.021915999318452888
2021-11-27,2021,11,Europe,Office Supplies,Binders,Home Office,5,0.0,189.81,33.86,0.1783889152310205
2022-08-11,2022,8,Asia Pacific,Office Supplies,Paper,Corporate,3,0.15,133.52,13.82,0.10350509286998202
2024-08-20,2024,8,Latin America,Furniture,Furnishings,Home Office,5,0.0,2037.7,239.12,0.11734799038131226
2022-04-19,2022,4,Latin America,Technology,Phones,Corporate,3,0.15,1275.22,203.02,0.15920390207179938
2023-08-13,2023,8,Latin America,Technology,Laptops,Consumer,3,0.4,1077.55,-3.02,-0.0028026541691800848
2023-07-10,2023,7,Europe,Office Supplies,Art,Corporate,3,0.15,177.68,29.92,0.16839261593876634
2022-06-04,2022,6,Asia Pacific,Furniture,Bookcases,Consumer,3,0.4,1940.29,-476.32,-0.24548907637518103
2021-08-18,2021,8,Middle East & Africa,Technology,Accessories,Home Office,1,0.5,297.48,-69.2,-0.23262068038187442
2023-09-04,2023,9,Europe,Office Supplies,Art,Corporate,1,0.0,70.94,19.45,0.2741753594586975
2021-01-29,2021,1,North America,Office Supplies,Paper,Home Office,2,0.1,123.21,18.31,0.14860806752698644
2021-08-31,2021,8,Europe,Technology,Laptops,Home Office,5,0.1,1918.24,463.66,0.2417111518892318
2021-10-02,2021,10,North America,Technology,Laptops,Home Office,1,0.3,530.43,0.66,0.0012442735139415193
2024-03-04,2024,3,Asia Pacific,Furniture,Furnishings,Consumer,3,0.15,1190.44,-56.35,-0.04733543899734552
2023-01-22,2023,1,Asia Pacific,Furniture,Bookcases,Corporate,5,0.2,2080.85,-174.86,-0.08403296729701805
2024-05-25,2024,5,North America,Furniture,Bookcases,Consumer,2,0.0,698.06,71.1,0.1018537088502421
2023-07-03,2023,7,Europe,Furniture,Tables,Consumer,3,0.1,2293.82,36.89,0.01608234299116757
2023-05-05,2023,5,North America,Technology,Accessories,Corporate,1,0.4,386.54,-34.17,-0.08839964816060433
2022-05-01,2022,5,North America,Furniture,Bookcases,Consumer,6,0.1,1715.65,73.12,0.04261941538192522
2024-01-07,2024,1,Europe,Technology,Copiers,Consumer,3,0.2,795.45,107.49,0.13513105789175936
2023-07-07,2023,7,Europe,Technology,Accessories,Home Office,5,0.1,2348.7,491.38,0.20921360752756846
2022-06-09,2022,6,North America,Furniture,Tables,Consumer,1,0.15,356.64,1.07,0.0030002243158366985
2022-04-18,2022,4,Europe,Technology,Accessories,Consumer,3,0.0,762.66,114.71,0.1504077832848189
2021-10-02,2021,10,Asia Pacific,Office Supplies,Storage,Corporate,1,0.5,25.66,-7.11,-0.27708495713172254
2022-11-04,2022,11,Latin America,Technology,Accessories,Consumer,4,0.3,2072.33,-83.73,-0.0404037966926117
2022-10-24,2022,10,North America,Technology,Copiers,Consumer,3,0.1,1102.32,193.15,0.17522135133173672
2021-02-11,2021,2,North America,Office Supplies,Paper,Consumer,2,0.15,145.06,23.93,0.16496622087412105
2022-09-02,2022,9,Middle East & Africa,Technology,Copiers,Consumer,3,0.1,1863.22,418.83,0.22478826976953875
2022-09-06,2022,9,Middle East & Africa,Technology,Copiers,Home Office,4,0.0,3426.67,625.96,0.1826729740535272
2022-07-23,2022,7,Asia Pacific,Furniture,Bookcases,Home Office,3,0.2,1128.99,-118.34,-0.10481935181002489
2022-05-29,2022,5,Asia Pacific,Office Supplies,Art,Home Office,3,0.3,106.77,-17.7,-0.16577690362461364
2022-10-04,2022,10,Asia Pacific,Furniture,Bookcases,Corporate,4,0.3,894.8,-137.48,-0.1536432722396066
2023-01-09,2023,1,Europe,Office Supplies,Storage,Corporate,3,0.0,110.54,11.2,0.10132078885471321
2023-01-11,2023,1,North America,Office Supplies,Binders,Consumer,2,0.15,84.08,6.52,0.07754519505233111
2021-02-27,2021,2,Latin America,Technology,Copiers,Corporate,4,0.0,1624.58,348.46,0.2144923611025619
2021-06-28,2021,6,Middle East & Africa,Office Supplies,Paper,Consumer,2,0.15,288.57,8.54,0.029594205911910452
2022-07-10,2022,7,Middle East & Africa,Technology,Accessories,Consumer,5,0.5,2386.21,-340.42,-0.1426613751513907
2023-03-07,2023,3,Asia Pacific,Office Supplies,Paper,Consumer,1,0.3,66.73,-7.96,-0.11928667765622658
2021-02-16,2021,2,North America,Technology,Phones,Consumer,3,0.0,956.15,263.19,0.2752601579250118
2023-09-13,2023,9,North America,Office Supplies,Art,Corporate,2,0.1,112.6,14.09,0.12513321492007104
2022-05-31,2022,5,Europe,Technology,Phones,Consumer,6,0.4,2603.34,-61.11,-0.023473691488626148
2023-04-23,2023,4,North America,Furniture,Bookcases,Corporate,1,0.1,397.33,-1.47,-0.003699695467243853
2024-05-02,2024,5,Europe,Furniture,Furnishings,Consumer,1,0.15,220.2,-0.01,-4.5413260672116264e-05
2023-03-08,2023,3,Europe,Office Supplies,Art,Consumer,1,0.0,43.47,8.14,0.18725557855992642
2024-05-12,2024,5,North America,Office Supplies,Storage,Consumer,4,0.15,284.27,19.64,0.06908924613923384
2024-06-17,2024,6,Latin America,Office Supplies,Binders,Consumer,2,0.15,118.32,10.1,0.08536173089925625
2022-01-05,2022,1,North America,Office Supplies,Binders,Consumer,5,0.1,209.86,21.44,0.10216334699323358
2021-04-13,2021,4,Europe,Technology,Laptops,Corporate,3,0.2,1312.32,80.9,0.06164654962204341
2023-11-26,2023,11,Asia Pacific,Furniture,Furnishings,Consumer,1,0.1,740.17,-2.03,-0.002742613183457854
2022-06-25,2022,6,North America,Office Supplies,Art,Consumer,1,0.0,52.13,10.54,0.20218684059083059
2022-05-08,2022,5,North America,Furniture,Furnishings,Consumer,3,0.4,1029.46,-291.61,-0.283265012725118
2022-09-12,2022,9,North America,Technology,Copiers,Home Office,3,0.0,1309.03,265.29,0.20266151272316144
2024-07-13,2024,7,North America,Furniture,Tables,Consumer,2,0.1,535.08,-18.24,-0.03408836061897286
2022-06-21,2022,6,North America,Office Supplies,Storage,Consumer,4,0.3,193.19,-18.27,-0.09457011232465448
2022-08-11,2022,8,Latin America,Office Supplies,Binders,Consumer,3,0.3,168.77,-5.7,-0.03377377496000474
2023-01-02,2023,1,Asia Pacific,Technology,Accessories,Consumer,3,0.1,2412.58,757.06,0.3137968481874176
2021-06-30,2021,6,Asia Pacific,Technology,Phones,Corporate,1,0.5,408.59,-110.02,-0.2692674808487726
2024-02-22,2024,2,Asia Pacific,Office Supplies,Binders,Corporate,3,0.15,169.39,11.19,0.06606057028159867
2023-02-12,2023,2,Europe,Technology,Accessories,Consumer,1,0.1,568.03,50.52,0.08893896449131208
2021-10-20,2021,10,Europe,Office Supplies,Storage,Consumer,5,0.0,250.56,41.35,0.16503033205619413
2022-10-04,2022,10,Asia Pacific,Office Supplies,Art,Home Office,1,0.15,65.41,3.71,0.05671915609234062
2022-07-22,2022,7,North America,Furniture,Chairs,Home Office,1,0.0,255.21,3.7,0.014497864503742016
2023-04-13,2023,4,Asia Pacific,Office Supplies,Art,Consumer,4,0.1,289.48,19.89,0.0687094099765096
2022-09-25,2022,9,North America,Furniture,Bookcases,Corporate,1,0.0,152.67,-0.19,-0.0012445143119145872
2021-01-28,2021,1,Europe,Office Supplies,Binders,Corporate,1,0.3,57.92,-7.31,-0.1262085635359116
2024-07-23,2024,7,Latin America,Technology,Laptops,Home Office,1,0.2,947.35,74.99,0.07915765028764447
2024-07-12,2024,7,North America,Technology,Accessories,Home Office,4,0.1,2989.65,542.02,0.18129881424246985
2022-02-09,2022,2,North America,Office Supplies,Binders,Corporate,4,0.15,163.68,14.77,0.09023704789833821
2024-04-20,2024,4,Europe,Technology,Laptops,Corporate,4,0.3,1703.2,-27.9,-0.016380930014091123
2024-02-19,2024,2,North America,Furniture,Chairs,Consumer,1,0.15,164.58,-9.74,-0.0591809454368696
2022-06-23,2022,6,Asia Pacific,Furniture,Chairs,Consumer,2,0.3,1465.34,-261.46,-0.17842957948325985
2021-03-24,2021,3,Asia Pacific,Office Supplies,Storage,Consumer,3,0.3,111.38,-9.8,-0.0879870712874843
2021-11-13,2021,11,North America,Office Supplies,Binders,Corporate,4,0.2,335.85,20.02,0.05960994491588506
2024-04-05,2024,4,Europe,Furniture,Furnishings,Consumer,4,0.3,946.56,-200.29,-0.21159778566599055
2023-07-17,2023,7,North America,Furniture,Bookcases,Consumer,4,0.1,1746.59,32.72,0.01873364670586686
2021-09-09,2021,9,Europe,Office Supplies,Art,Corporate,4,0.1,189.22,13.1,0.06923158228517069
2022-05-20,2022,5,Europe,Office Supplies,Paper,Consumer,2,0.15,97.87,5.89,0.06018187391437621
2022-08-24,2022,8,Asia Pacific,Furniture,Chairs,Home Office,2,0.0,343.44,52.21,0.15202073142324715
2023-10-21,2023,10,Latin America,Office Supplies,Art,Home Office,1,0.3,28.32,0.59,0.020833333333333332
2022-08-15,2022,8,Europe,Office Supplies,Paper,Corporate,4,0.15,376.74,25.9,0.06874767744332962
2021-09-12,2021,9,North America,Office Supplies,Paper,Corporate,3,0.3,88.69,-10.24,-0.11545833803134514
2023-09-08,2023,9,Europe,Office Supplies,Binders,Consumer,2,0.15,178.37,-2.35,-0.013174861243482648
2024-06-17,2024,6,Latin America,Furniture,Furnishings,Consumer,3,0.2,1026.7,-70.0,-0.06817960455829356
2024-06-14,2024,6,North America,Technology,Accessories,Home Office,7,0.1,4772.33,818.71,0.17155351788329812
2022-07-13,2022,7,Europe,Furniture,Tables,Consumer,3,0.0,805.09,90.91,0.11291905252828875
2024-03-27,2024,3,Middle East & Africa,Office Supplies,Binders,Home Office,2,0.0,124.91,46.36,0.371147226002722
2021-01-31,2021,1,North America,Office Supplies,Binders,Consumer,5,0.0,320.47,54.0,0.16850251193559457
2024-07-30,2024,7,Asia Pacific,Office Supplies,Binders,Corporate,1,0.15,106.7,1.47,0.013776944704779756
2021-05-31,2021,5,North America,Furniture,Bookcases,Home Office,4,0.15,1502.54,-22.02,-0.014655183888615279
2021-12-11,2021,12,Europe,Office Supplies,Binders,Home Office,4,0.1,339.77,48.96,0.14409747770550668
2022-04-14,2022,4,Asia Pacific,Office Supplies,Paper,Corporate,4,0.1,265.64,23.47,0.08835265773226923
2023-05-04,2023,5,North America,Technology,Accessories,Consumer,3,0.0,1077.62,269.97,0.2505243035578405
2021-11-28,2021,11,Latin America,Technology,Phones,Corporate,1,0.15,432.91,59.36,0.13711856967961006
2022-11-26,2022,11,North America,Office Supplies,Binders,Corporate,3,0.2,326.72,6.06,0.01854799216454456
2022-04-01,2022,4,Latin America,Furniture,Bookcases,Consumer,7,0.3,2281.22,-350.66,-0.15371599407334674
2021-06-16,2021,6,North America,Technology,Copiers,Consumer,6,0.3,1934.06,71.74,0.037092954717020156
2023-06-17,2023,6,Europe,Furniture,Furnishings,Consumer,3,0.15,892.93,-63.52,-0.07113659525382729
2022-02-20,2022,2,Asia Pacific,Office Supplies,Storage,Consumer,5,0.2,172.57,10.6,0.06142434953931738
2023-07-05,2023,7,Asia Pacific,Technology,Accessories,Consumer,4,0.1,3130.55,522.0,0.1667438628994905
2021-10-06,2021,10,North America,Furniture,Furnishings,Consumer,3,0.4,563.78,-131.19,-0.23269715137110222
2021-09-26,2021,9,Europe,Technology,Accessories,Corporate,2,0.5,611.77,-187.89,-0.3071252268009219
2022-12-12,2022,12,Asia Pacific,Technology,Laptops,Corporate,6,0.15,3196.49,463.76,0.14508413916514679
2022-11-12,2022,11,Latin America,Technology,Accessories,Corporate,3,0.2,1730.82,200.02,0.11556372124195469
2024-08-13,2024,8,North America,Office Supplies,Binders,Home Office,3,0.0,94.76,22.14,0.23364288729421695
2021-11-11,2021,11,Europe,Furniture,Furnishings,Consumer,5,0.4,1903.04,-439.59,-0.23099356818563982
2024-08-05,2024,8,North America,Technology,Laptops,Consumer,5,0.2,3378.03,258.84,0.07662454152272181
2021-06-29,2021,6,North America,Office Supplies,Binders,Corporate,1,0.1,65.74,5.21,0.07925159720109523
2022-11-12,2022,11,Latin America,Technology,Copiers,Home Office,4,0.0,3161.33,923.17,0.2920194981226256
2021-11-26,2021,11,Middle East & Africa,Furniture,Chairs,Consumer,1,0.15,358.99,-30.14,-0.08395777041143207
2024-05-24,2024,5,North America,Office Supplies,Paper,Consumer,3,0.4,155.46,-29.38,-0.1889875209056992
2024-07-21,2024,7,Middle East & Africa,Technology,Copiers,Home Office,1,0.1,663.73,87.83,0.13232790441896553
2023-01-24,2023,1,North America,Technology,Copiers,Corporate,2,0.2,695.24,70.07,0.10078534031413612
2022-01-24,2022,1,North America,Office Supplies,Paper,Consumer,2,0.0,73.98,11.34,0.1532846715328467
2022-09-07,2022,9,North America,Technology,Laptops,Consumer,2,0.0,593.09,164.82,0.2779004872784906
2023-01-22,2023,1,North America,Furniture,Bookcases,Corporate,1,0.0,327.22,42.49,0.12985147607114478
2024-05-10,2024,5,Middle East & Africa,Technology,Phones,Consumer,1,0.0,729.69,232.73,0.31894366100672883
2023-12-26,2023,12,Europe,Technology,Phones,Corporate,3,0.1,1969.64,423.36,0.21494283219268495
2023-02-08,2023,2,Asia Pacific,Office Supplies,Art,Consumer,4,0.0,211.56,55.71,0.26332955190017016
2022-11-07,2022,11,North America,Office Supplies,Binders,Consumer,3,0.1,434.33,68.49,0.15769115649391016
2024-07-08,2024,7,Europe,Office Supplies,Storage,Consumer,2,0.15,169.13,3.85,0.02276355466209425
2023-08-19,2023,8,Asia Pacific,Furniture,Chairs,Corporate,2,0.0,643.08,91.08,0.14163090128755362
2024-01-26,2024,1,North America,Office Supplies,Art,Consumer,3,0.4,234.43,-34.43,-0.1468668685748411
2023-08-12,2023,8,North America,Technology,Accessories,Consumer,2,0.15,2034.06,351.71,0.1729103369615449
2022-03-26,2022,3,Middle East & Africa,Office Supplies,Storage,Home Office,2,0.15,235.79,7.24,0.03070528860426651
2023-06-24,2023,6,North America,Office Supplies,Paper,Consumer,4,0.1,300.65,22.33,0.07427240977881257
2021-07-18,2021,7,Latin America,Office Supplies,Art,Corporate,3,0.1,209.13,16.74,0.08004590446133983
2023-11-22,2023,11,Europe,Office Supplies,Art,Consumer,5,0.15,798.08,-28.04,-0.03513432237369687
2024-05-10,2024,5,Europe,Office Supplies,Binders,Consumer,2,0.0,124.58,16.65,0.1336490608444373
2023-11-27,2023,11,Europe,Office Supplies,Paper,Consumer,3,0.4,224.29,-28.91,-0.1288956261982255
2022-02-04,2022,2,North America,Office Supplies,Storage,Corporate,4,0.0,248.42,65.52,0.26374688028339105
2023-06-28,2023,6,Europe,Technology,Accessories,Corporate,3,0.2,869.24,96.47,0.11098200727071925
2022-07-22,2022,7,Latin America,Technology,Phones,Consumer,2,0.0,1110.35,214.91,0.19355158283424148
2022-04-28,2022,4,North America,Furniture,Furnishings,Corporate,4,0.2,860.12,-89.06,-0.10354369157791936
2024-08-14,2024,8,Latin America,Furniture,Tables,Corporate,4,0.1,1040.65,0.03,2.8828136260990724e-05
2024-04-25,2024,4,North America,Furniture,Tables,Corporate,3,0.2,706.26,-113.01,-0.16001189363690427
2024-05-25,2024,5,North America,Furniture,Chairs,Consumer,3,0.3,1281.3,-276.52,-0.21581206587060017
2024-12-08,2024,12,Asia Pacific,Technology,Copiers,Home Office,1,0.2,687.26,123.74,0.18004830777289527
2022-11-17,2022,11,Asia Pacific,Office Supplies,Art,Corporate,6,0.1,865.89,60.59,0.06997424615135872
2023-05-30,2023,5,Latin America,Technology,Copiers,Consumer,2,0.4,607.46,-30.2,-0.04971520758568465
2022-03-30,2022,3,Europe,Furniture,Furnishings,Corporate,2,0.1,584.27,-3.41,-0.0058363427867253155
2024-07-27,2024,7,Europe,Furniture,Chairs,Home Office,2,0.1,514.71,-25.39,-0.049328748227157035
2024-05-28,2024,5,Middle East & Africa,Office Supplies,Art,Consumer,2,0.1,112.57,12.51,0.1111308519143644
2024-08-27,2024,8,Europe,Technology,Laptops,Consumer,3,0.0,1191.92,248.97,0.20888146855493656
2021-01-31,2021,1,Europe,Furniture,Furnishings,Corporate,1,0.0,308.65,67.19,0.2176899400615584
2021-10-28,2021,10,Middle East & Africa,Technology,Accessories,Consumer,4,0.1,1031.38,153.91,0.14922724892861988
2021-10-16,2021,10,North America,Technology,Phones,Corporate,5,0.3,2169.14,-0.7,-0.00032270853886793844
2022-07-23,2022,7,Asia Pacific,Furniture,Chairs,Home Office,2,0.2,971.94,-13.7,-0.01409552029960697
2024-07-17,2024,7,Latin America,Furniture,Tables,Home Office,3,0.2,831.07,-34.79,-0.041861696367333674
2022-10-30,2022,10,Latin America,Office Supplies,Storage,Home Office,2,0.1,89.58,9.75,0.108841259209645
2022-04-30,2022,4,North America,Technology,Phones,Corporate,3,0.2,1760.43,196.41,0.11156933249262964
2022-04-08,2022,4,Asia Pacific,Office Supplies,Art,Home Office,4,0.3,164.03,-10.29,-0.06273242699506187
2024-11-03,2024,11,Europe,Technology,Accessories,Consumer,1,0.1,432.16,42.26,0.09778785634950017
2022-07-19,2022,7,Europe,Technology,Laptops,Consumer,6,0.4,3762.33,-210.73,-0.05601050412909021
2021-11-23,2021,11,North America,Office Supplies,Storage,Consumer,3,0.2,166.49,5.83,0.03501711814523395
2022-11-07,2022,11,Europe,Technology,Copiers,Home Office,4,0.1,2359.6,296.63,0.12571198508221731
2023-01-21,2023,1,Latin America,Technology,Accessories,Consumer,3,0.4,2078.8,-30.74,-0.014787377333076774
2022-07-22,2022,7,Asia Pacific,Office Supplies,Storage,Home Office,3,0.0,231.43,51.82,0.2239121980728514
2021-04-03,2021,4,Asia Pacific,Technology,Phones,Consumer,5,0.2,2182.77,-50.8,-0.023273180408380178
2024-12-12,2024,12,Asia Pacific,Furniture,Tables,Consumer,3,0.4,1474.59,-450.44,-0.30546796058565434
2021-04-11,2021,4,North America,Technology,Copiers,Consumer,3,0.1,1750.19,432.03,0.24684748513018584
2021-07-05,2021,7,North America,Technology,Copiers,Home Office,2,0.2,1096.64,161.55,0.14731361248905747
2024-11-15,2024,11,North America,Office Supplies,Art,Home Office,2,0.0,320.46,35.49,0.11074705111402361
2021-04-05,2021,4,Europe,Office Supplies,Storage,Home Office,9,0.2,669.0,25.56,0.03820627802690583
2022-03-17,2022,3,North America,Office Supplies,Art,Corporate,5,0.1,147.04,16.09,0.10942600652883569
2021-03-19,2021,3,Latin America,Furniture,Bookcases,Consumer,3,0.2,1032.01,-10.91,-0.010571602988343136
2021-07-05,2021,7,Latin America,Office Supplies,Paper,Consumer,4,0.1,227.63,36.66,0.16105082809822957
2022-07-12,2022,7,Latin America,Technology,Copiers,Corporate,1,0.15,896.4,202.04,0.2253904506916555
2024-02-11,2024,2,Europe,Furniture,Furnishings,Corporate,1,0.1,254.21,16.32,0.06419889068093308
2021-10-07,2021,10,Asia Pacific,Technology,Copiers,Consumer,3,0.0,1005.75,250.81,0.24937608749689286
2023-06-27,2023,6,Middle East & Africa,Technology,Phones,Corporate,2,0.1,1365.78,253.64,0.1857107294000498
2022-07-21,2022,7,Europe,Technology,Copiers,Corporate,1,0.2,616.64,63.51,0.10299364296834458
2021-03-11,2021,3,Latin America,Office Supplies,Storage,Corporate,1,0.15,171.7,8.03,0.046767617938264415
2024-05-13,2024,5,Europe,Technology,Phones,Home Office,2,0.0,1563.08,443.06,0.28345318217877524
2023-09-17,2023,9,North America,Office Supplies,Paper,Consumer,3,0.0,178.44,23.99,0.13444295001120823
2021-03-03,2021,3,Latin America,Office Supplies,Storage,Home Office,4,0.15,109.24,7.58,0.06938850238008056
2021-10-08,2021,10,North America,Furniture,Tables,Consumer,4,0.5,948.02,-287.16,-0.30290500200417714
2021-10-18,2021,10,North America,Furniture,Bookcases,Consumer,3,0.15,649.14,16.91,0.026049850571525403
2024-07-27,2024,7,North America,Technology,Phones,Corporate,8,0.5,8793.07,-1560.09,-0.17742267490193983
2022-08-07,2022,8,North America,Technology,Laptops,Consumer,5,0.2,1535.71,184.68,0.1202570797871994
2023-01-20,2023,1,Asia Pacific,Furniture,Chairs,Consumer,4,0.5,1963.3,-639.81,-0.32588498955839657
2022-03-16,2022,3,North America,Technology,Accessories,Consumer,3,0.0,2188.47,612.7,0.2799672830790461
2024-07-07,2024,7,Europe,Technology,Accessories,Home Office,5,0.2,3271.93,526.19,0.16081945518394344
2023-08-21,2023,8,Europe,Office Supplies,Binders,Consumer,2,0.0,172.8,34.87,0.20179398148148145
2021-03-12,2021,3,Europe,Office Supplies,Storage,Consumer,4,0.15,290.65,15.94,0.05484259418544642
2023-04-10,2023,4,Europe,Office Supplies,Art,Corporate,5,0.15,254.2,-7.65,-0.030094413847364283
2021-03-16,2021,3,Latin America,Office Supplies,Paper,Corporate,3,0.2,141.93,-5.35,-0.03769463820193052
2021-08-27,2021,8,Europe,Office Supplies,Binders,Consumer,4,0.0,110.35,13.57,0.12297236067059357
2024-05-17,2024,5,Asia Pacific,Furniture,Chairs,Consumer,3,0.0,935.52,85.78,0.09169232084829827
2023-07-22,2023,7,North America,Furniture,Bookcases,Consumer,2,0.1,384.25,4.24,0.01103448275862069
2022-08-06,2022,8,Latin America,Office Supplies,Binders,Home Office,1,0.4,37.17,-6.91,-0.1859026096314232
2021-12-24,2021,12,North America,Office Supplies,Binders,Corporate,3,0.1,209.64,26.49,0.12635947338294218
2024-11-22,2024,11,North America,Technology,Copiers,Consumer,3,0.0,2100.25,533.03,0.25379359600047613
2022-10-07,2022,10,Latin America,Technology,Accessories,Consumer,2,0.1,579.4,123.85,0.21375560925094925
2024-09-11,2024,9,Asia Pacific,Office Supplies,Art,Consumer,1,0.1,102.73,10.47,0.10191764820402999
2022-08-01,2022,8,North America,Technology,Laptops,Consumer,2,0.1,1240.87,310.75,0.25042913439764036
2024-05-25,2024,5,North America,Furniture,Chairs,Home Office,1,0.5,195.42,-76.88,-0.3934090676491659
2022-09-15,2022,9,North America,Technology,Laptops,Home Office,1,0.0,318.66,84.54,0.26529843720579926
2021-07-29,2021,7,Middle East & Africa,Technology,Accessories,Consumer,1,0.2,766.67,12.92,0.01685210064304068
2023-12-15,2023,12,Europe,Office Supplies,Binders,Home Office,5,0.3,945.3,-79.03,-0.08360308896646568
2024-08-05,2024,8,Asia Pacific,Office Supplies,Paper,Consumer,3,0.2,273.42,10.15,0.03712237583205325
2023-08-18,2023,8,Europe,Furniture,Chairs,Home Office,4,0.15,1721.06,-269.2,-0.1564152324730108
2024-04-26,2024,4,Latin America,Office Supplies,Paper,Consumer,3,0.1,162.45,32.18,0.19809172052939367
2024-11-10,2024,11,Middle East & Africa,Office Supplies,Binders,Consumer,2,0.0,466.75,109.45,0.2344938403856454
2024-11-02,2024,11,Europe,Office Supplies,Art,Corporate,6,0.0,787.58,101.18,0.1284694888138348
2024-01-27,2024,1,Europe,Office Supplies,Binders,Home Office,5,0.15,444.1,37.85,0.08522855212789912
2024-02-13,2024,2,Latin America,Office Supplies,Storage,Corporate,3,0.4,403.28,-16.15,-0.04004661773457647
2024-10-24,2024,10,North America,Office Supplies,Art,Consumer,2,0.1,183.17,6.28,0.03428509035322379
2022-06-12,2022,6,North America,Office Supplies,Binders,Consumer,2,0.0,106.27,20.58,0.1936576644396349
2022-09-24,2022,9,North America,Technology,Laptops,Consumer,4,0.0,1929.26,521.97,0.2705545131293864
2021-04-23,2021,4,North America,Technology,Accessories,Corporate,3,0.2,1621.36,122.09,0.07530098189174521
2023-06-18,2023,6,North America,Technology,Copiers,Consumer,3,0.0,1725.29,558.32,0.3236093642228263
2023-10-25,2023,10,Latin America,Technology,Accessories,Corporate,2,0.3,2245.93,139.33,0.062036661872809935
2023-08-19,2023,8,Europe,Furniture,Bookcases,Consumer,1,0.0,421.31,27.21,0.06458427286321236
2023-12-22,2023,12,Middle East & Africa,Technology,Accessories,Consumer,4,0.2,3853.94,425.8,0.11048433551119115
2021-12-26,2021,12,Europe,Technology,Copiers,Consumer,4,0.0,2063.23,610.7,0.29599220639482754
2023-05-18,2023,5,Europe,Office Supplies,Storage,Corporate,5,0.15,201.35,5.62,0.027911596722125655
2024-03-29,2024,3,North America,Office Supplies,Art,Corporate,2,0.0,172.61,32.75,0.18973408261398528
2021-09-26,2021,9,North America,Office Supplies,Art,Consumer,2,0.2,105.51,5.91,0.056013647995450666
2021-01-09,2021,1,Latin America,Furniture,Tables,Corporate,6,0.0,2014.86,237.31,0.11777989537734633
2024-05-17,2024,5,Asia Pacific,Technology,Phones,Corporate,11,0.2,7292.86,866.33,0.11879153034611936
2021-04-06,2021,4,Latin America,Office Supplies,Storage,Home Office,2,0.15,130.56,13.5,0.10340073529411764
2024-06-20,2024,6,North America,Office Supplies,Storage,Consumer,2,0.4,139.84,-25.19,-0.18013443935926773
2023-11-16,2023,11,Europe,Office Supplies,Storage,Consumer,3,0.2,222.88,24.71,0.11086683417085427
2021-02-04,2021,2,Middle East & Africa,Technology,Laptops,Corporate,4,0.4,1863.83,-357.53,-0.19182543472312388
2024-03-05,2024,3,Asia Pacific,Office Supplies,Storage,Home Office,1,0.3,71.57,-3.9,-0.05449210563085092
2024-06-20,2024,6,Europe,Office Supplies,Binders,Consumer,6,0.1,289.26,38.79,0.1341008089607965
2024-09-15,2024,9,North America,Technology,Copiers,Consumer,3,0.4,1605.47,-19.36,-0.01205877406616131
2021-08-08,2021,8,Europe,Office Supplies,Storage,Consumer,4,0.2,287.38,-2.58,-0.00897766024079616
2023-11-14,2023,11,Europe,Technology,Laptops,Home Office,4,0.15,2920.12,361.35,0.123744914592551
2023-11-08,2023,11,North America,Office Supplies,Art,Consumer,1,0.4,106.62,-22.04,-0.20671543800412678
2022-05-01,2022,5,Asia Pacific,Office Supplies,Binders,Home Office,4,0.0,261.42,44.12,0.16877056078341365
2022-07-31,2022,7,Europe,Furniture,Bookcases,Consumer,2,0.15,771.44,-5.86,-0.007596183760240589
2023-06-12,2023,6,Asia Pacific,Office Supplies,Paper,Home Office,1,0.1,95.26,7.15,0.07505773672055427
2024-12-21,2024,12,Asia Pacific,Technology,Laptops,Home Office,6,0.2,8644.88,843.68,0.09759302616114972
2024-07-31,2024,7,Europe,Furniture,Tables,Consumer,2,0.0,709.42,155.74,0.21953144822531084
2023-05-19,2023,5,Asia Pacific,Office Supplies,Storage,Consumer,4,0.2,330.08,17.46,0.052896267571497825
2021-04-09,2021,4,North America,Office Supplies,Art,Consumer,4,0.5,147.66,-42.02,-0.2845726669375593
2024-04-19,2024,4,Europe,Office Supplies,Paper,Consumer,6,0.15,367.52,27.25,0.07414562472790596
2023-05-16,2023,5,Asia Pacific,Office Supplies,Binders,Consumer,3,0.0,249.26,44.75,0.179531412982428
2023-11-24,2023,11,Asia Pacific,Furniture,Furnishings,Corporate,2,0.0,1398.61,188.0,0.13441917332208408
2022-01-08,2022,1,Asia Pacific,Office Supplies,Binders,Corporate,5,0.1,340.8,24.17,0.07092136150234742
2023-07-16,2023,7,Asia Pacific,Furniture,Bookcases,Consumer,1,0.1,368.77,7.49,0.020310762806085094
2022-09-02,2022,9,Europe,Technology,Accessories,Home Office,5,0.2,1544.66,131.53,0.08515142490904147
2023-07-19,2023,7,North America,Office Supplies,Paper,Home Office,1,0.2,55.47,6.5,0.11718045790517397
2023-09-29,2023,9,Latin America,Office Supplies,Storage,Home Office,6,0.0,301.56,56.35,0.18686165273909006
2023-01-16,2023,1,Europe,Furniture,Bookcases,Consumer,3,0.3,1049.0,-186.93,-0.17819828408007626
2023-12-23,2023,12,Latin America,Office Supplies,Binders,Corporate,3,0.0,179.83,30.06,0.16715787132291607
2021-05-03,2021,5,Asia Pacific,Office Supplies,Art,Home Office,4,0.0,236.47,31.81,0.134520235124963
2021-11-18,2021,11,North America,Furniture,Bookcases,Consumer,1,0.3,275.41,-33.6,-0.1219999273809956
2021-11-05,2021,11,Latin America,Furniture,Tables,Corporate,3,0.15,1097.29,9.75,0.008885527071239144
2021-02-08,2021,2,Latin America,Office Supplies,Paper,Corporate,2,0.0,97.28,19.71,0.20261101973684212
2021-07-04,2021,7,North America,Office Supplies,Binders,Consumer,2,0.15,96.07,4.5,0.046840845217029255
2022-11-03,2022,11,Europe,Office Supplies,Paper,Consumer,5,0.15,599.47,-8.4,-0.014012377600213522
2024-08-24,2024,8,North America,Office Supplies,Binders,Corporate,1,0.0,68.88,14.27,0.20717189314750292
2022-01-17,2022,1,Latin America,Office Supplies,Binders,Home Office,3,0.15,189.17,15.45,0.08167256964634985
2022-04-26,2022,4,Asia Pacific,Office Supplies,Storage,Corporate,4,0.15,261.84,25.83,0.09864802933088909
2022-04-27,2022,4,North America,Office Supplies,Paper,Consumer,4,0.2,230.67,29.39,0.1274114535917111
2021-12-15,2021,12,North America,Technology,Laptops,Consumer,3,0.3,2109.1,-111.19,-0.052719169313925375
2022-11-30,2022,11,Asia Pacific,Furniture,Furnishings,Consumer,3,0.4,1479.75,-386.01,-0.2608616320324379
2021-12-09,2021,12,Latin America,Office Supplies,Art,Corporate,2,0.0,108.66,18.14,0.1669427572243696
2021-03-21,2021,3,Asia Pacific,Technology,Laptops,Consumer,1,0.1,377.89,99.19,0.2624837915795602
2021-06-16,2021,6,Latin America,Office Supplies,Binders,Consumer,1,0.1,34.33,4.82,0.1404019807748325
2024-11-30,2024,11,North America,Furniture,Tables,Corporate,6,0.1,1713.09,23.78,0.01388134890752967
2022-08-23,2022,8,Middle East & Africa,Furniture,Tables,Consumer,3,0.0,680.83,75.1,0.11030653760850725
2024-04-29,2024,4,North America,Technology,Laptops,Consumer,2,0.1,988.18,121.64,0.12309498269546035
2024-03-06,2024,3,Asia Pacific,Office Supplies,Paper,Consumer,4,0.3,249.56,-23.18,-0.0928834749158519
2024-05-08,2024,5,North America,Technology,Copiers,Corporate,2,0.1,2273.36,404.68,0.178009642115635
2022-06-19,2022,6,Asia Pacific,Furniture,Chairs,Home Office,4,0.0,1097.54,124.61,0.11353572534941779
2022-04-13,2022,4,North America,Furniture,Bookcases,Corporate,1,0.0,202.23,16.26,0.08040350096424864
2021-09-15,2021,9,Europe,Furniture,Chairs,Corporate,1,0.1,111.24,-6.13,-0.055106076950737146
2023-01-12,2023,1,Europe,Furniture,Furnishings,Consumer,4,0.1,1462.61,-6.32,-0.004321042519878847
2022-10-02,2022,10,Europe,Furniture,Bookcases,Consumer,5,0.2,1539.14,-129.48,-0.08412490091869484
2021-08-27,2021,8,North America,Furniture,Bookcases,Corporate,2,0.3,424.54,-9.22,-0.02171762378103359
2022-01-14,2022,1,Europe,Technology,Phones,Corporate,6,0.15,3386.51,532.86,0.15734783006694206
2021-10-11,2021,10,Middle East & Africa,Office Supplies,Art,Consumer,3,0.1,136.66,29.72,0.21747402312307917
2021-11-25,2021,11,North America,Office Supplies,Art,Corporate,3,0.3,314.32,-31.7,-0.10085263425808094
2022-02-18,2022,2,Asia Pacific,Technology,Copiers,Home Office,5,0.0,2362.55,674.86,0.28564898097394764
2022-07-11,2022,7,Asia Pacific,Office Supplies,Storage,Home Office,1,0.0,60.14,12.3,0.20452278017958098
2024-10-10,2024,10,North America,Office Supplies,Binders,Consumer,5,0.2,237.07,-9.32,-0.03931328299658329
2021-01-18,2021,1,North America,Technology,Laptops,Consumer,1,0.15,557.73,127.27,0.22819285317268212
2022-09-25,2022,9,Asia Pacific,Office Supplies,Storage,Consumer,5,0.5,207.2,-60.32,-0.29111969111969116
2024-03-01,2024,3,North America,Technology,Accessories,Home Office,1,0.0,228.75,63.38,0.27707103825136614
2024-11-25,2024,11,Asia Pacific,Office Supplies,Paper,Consumer,1,0.1,115.35,15.94,0.13818812310359774
2024-10-26,2024,10,Middle East & Africa,Office Supplies,Binders,Home Office,3,0.0,334.51,62.75,0.1875878150130041
2024-07-12,2024,7,Asia Pacific,Furniture,Furnishings,Consumer,5,0.1,1441.96,68.64,0.04760187522538767
2024-06-03,2024,6,North America,Technology,Phones,Consumer,1,0.0,672.1,217.47,0.32356792144026186
2023-09-16,2023,9,Europe,Office Supplies,Paper,Consumer,2,0.2,131.29,3.66,0.027877218371543912
2022-01-09,2022,1,Europe,Office Supplies,Storage,Consumer,4,0.15,313.46,-1.81,-0.005774261468767946
2022-03-09,2022,3,North America,Technology,Phones,Consumer,4,0.2,3235.63,416.25,0.12864573514276972
2021-08-03,2021,8,North America,Technology,Laptops,Home Office,3,0.0,682.19,155.34,0.22770782333367537
2022-12-27,2022,12,North America,Office Supplies,Storage,Consumer,5,0.4,449.72,-56.33,-0.12525571466690383
2024-04-10,2024,4,Latin America,Technology,Accessories,Home Office,2,0.1,1556.68,408.51,0.26242387645501963
2022-10-14,2022,10,Europe,Furniture,Furnishings,Home Office,4,0.2,1538.18,-138.62,-0.09011949186701167
2022-01-05,2022,1,Asia Pacific,Furniture,Furnishings,Corporate,1,0.1,402.71,1.94,0.004817362369943632
2024-03-10,2024,3,Asia Pacific,Technology,Phones,Consumer,4,0.0,1591.67,481.57,0.3025564344367865
2023-01-29,2023,1,North America,Technology,Copiers,Consumer,4,0.1,2181.82,485.18,0.22237398135501552
2021-01-10,2021,1,Latin America,Furniture,Chairs,Consumer,3,0.4,973.55,-231.57,-0.23786143495454778
2024-05-26,2024,5,Europe,Office Supplies,Storage,Consumer,3,0.1,204.24,39.91,0.19540736388562474
2023-07-18,2023,7,Europe,Office Supplies,Binders,Corporate,1,0.1,72.89,11.73,0.16092742488681575
2023-06-17,2023,6,Europe,Technology,Copiers,Home Office,2,0.1,2632.88,679.89,0.2582305308255598
2023-02-03,2023,2,Europe,Furniture,Bookcases,Corporate,4,0.0,522.01,86.54,0.16578226470757268
2024-04-05,2024,4,North America,Technology,Accessories,Corporate,6,0.1,8572.42,2490.91,0.2905725571075612
2023-03-07,2023,3,North America,Furniture,Tables,Home Office,5,0.4,1624.9,-407.11,-0.2505446489014709
2021-01-03,2021,1,North America,Technology,Phones,Home Office,5,0.15,3203.88,522.99,0.16323645080340088
2024-10-16,2024,10,North America,Office Supplies,Art,Consumer,1,0.2,94.61,-4.75,-0.05020610929077265
2023-05-03,2023,5,Europe,Technology,Copiers,Corporate,3,0.3,930.67,52.05,0.05592745011658268
2023-03-23,2023,3,North America,Office Supplies,Art,Consumer,3,0.4,463.98,-72.97,-0.15726970990128883
2022-04-19,2022,4,Asia Pacific,Office Supplies,Art,Consumer,4,0.1,282.02,44.85,0.15903127437770373
2024-07-24,2024,7,Europe,Technology,Laptops,Consumer,5,0.2,3045.01,119.78,0.03933648822171355
2021-12-11,2021,12,Europe,Technology,Phones,Consumer,3,0.0,1766.57,581.08,0.3289312056697442
2022-09-02,2022,9,North America,Technology,Accessories,Corporate,4,0.0,2471.44,670.74,0.27139643284886544
2023-08-17,2023,8,Asia Pacific,Furniture,Tables,Consumer,2,0.1,422.8,11.56,0.027341532639545887
2021-08-05,2021,8,North America,Office Supplies,Binders,Consumer,3,0.3,288.46,-16.1,-0.05581363100603204
2021-09-02,2021,9,Asia Pacific,Furniture,Furnishings,Consumer,5,0.15,1645.25,-74.29,-0.045154231879653554
2021-08-06,2021,8,North America,Furniture,Bookcases,Consumer,3,0.2,762.34,-36.03,-0.04726237636750007
2021-02-23,2021,2,North America,Office Supplies,Paper,Home Office,1,0.2,51.28,4.18,0.08151326053042121
2024-10-08,2024,10,Latin America,Office Supplies,Binders,Corporate,5,0.1,219.1,20.13,0.09187585577361936
2021-02-18,2021,2,North America,Office Supplies,Storage,Consumer,4,0.3,139.24,-23.42,-0.168198793450158
2022-04-19,2022,4,North America,Furniture,Tables,Consumer,3,0.15,858.01,15.18,0.017692101490658616
2021-06-22,2021,6,Latin America,Office Supplies,Art,Consumer,2,0.2,242.58,-2.59,-0.010676890098111963
2024-04-25,2024,4,North America,Furniture,Bookcases,Home Office,2,0.15,466.96,-21.08,-0.04514305293815316
2023-09-03,2023,9,Latin America,Office Supplies,Paper,Consumer,3,0.15,196.66,11.3,0.0574595749008441
2022-03-01,2022,3,North America,Technology,Phones,Consumer,3,0.1,525.44,77.93,0.14831379415347137
2021-01-11,2021,1,Middle East & Africa,Furniture,Tables,Consumer,6,0.0,1306.9,152.06,0.1163516718953248
2023-02-02,2023,2,North America,Office Supplies,Binders,Corporate,3,0.1,137.06,10.87,0.07930833211732087
2021-05-07,2021,5,North America,Furniture,Furnishings,Home Office,2,0.5,517.6,-199.51,-0.38545208655332297
2024-03-27,2024,3,Europe,Office Supplies,Storage,Corporate,2,0.15,177.15,10.12,0.05712672876093705
2022-11-05,2022,11,Asia Pacific,Office Supplies,Paper,Home Office,6,0.5,361.74,-79.53,-0.2198540388124067
2024-07-18,2024,7,Latin America,Office Supplies,Art,Home Office,3,0.1,169.3,15.74,0.09297105729474306
2024-02-08,2024,2,Europe,Office Supplies,Paper,Home Office,2,0.0,40.24,4.85,0.12052683896620277
2022-10-28,2022,10,North America,Office Supplies,Binders,Consumer,1,0.0,49.16,11.25,0.2288445890968267
2024-10-28,2024,10,Latin America,Technology,Phones,Consumer,1,0.0,669.62,198.97,0.2971386756667961
2021-05-30,2021,5,North America,Office Supplies,Art,Consumer,7,0.4,571.02,-102.66,-0.1797835452348429
2024-02-25,2024,2,Middle East & Africa,Office Supplies,Binders,Corporate,1,0.5,55.61,-15.45,-0.27782772882575074
2024-09-23,2024,9,North America,Office Supplies,Binders,Corporate,2,0.3,118.2,-0.92,-0.0077834179357022
2021-07-18,2021,7,Asia Pacific,Furniture,Tables,Consumer,5,0.15,1405.56,-44.73,-0.031823614786988814
2024-05-04,2024,5,North America,Technology,Laptops,Corporate,1,0.4,402.66,-16.25,-0.040356628421000344
2021-11-17,2021,11,North America,Office Supplies,Paper,Consumer,3,0.0,248.78,52.06,0.2092611946297934
2021-01-21,2021,1,Middle East & Africa,Office Supplies,Binders,Corporate,3,0.15,134.39,6.85,0.05097105439392812
2024-05-02,2024,5,Europe,Office Supplies,Storage,Corporate,4,0.0,314.45,59.89,0.19045953251709336
2021-09-29,2021,9,North America,Furniture,Chairs,Home Office,5,0.1,1270.3,-25.2,-0.01983783358261828
2023-08-11,2023,8,North America,Furniture,Bookcases,Consumer,3,0.0,781.88,109.79,0.14041796695145037
2023-02-13,2023,2,Latin America,Office Supplies,Art,Corporate,3,0.0,147.1,15.31,0.10407885791978247
2024-01-21,2024,1,Europe,Technology,Accessories,Corporate,4,0.15,1909.68,249.68,0.13074441791294877
2023-09-17,2023,9,Latin America,Technology,Laptops,Corporate,2,0.1,680.26,156.03,0.22936818275365303
2024-11-15,2024,11,Europe,Technology,Laptops,Consumer,2,0.1,1007.1,234.29,0.23263826829510476
2024-08-06,2024,8,North America,Technology,Copiers,Consumer,5,0.3,2309.56,150.12,0.06499939382393183
2022-04-12,2022,4,Latin America,Furniture,Tables,Consumer,3,0.0,1400.85,213.15,0.15215761858871402
2022-04-24,2022,4,North America,Technology,Laptops,Home Office,4,0.15,1113.8,219.98,0.19750404022266116
2024-08-03,2024,8,Europe,Furniture,Furnishings,Consumer,3,0.2,2026.41,-233.21,-0.11508529863157012
2024-05-06,2024,5,North America,Office Supplies,Art,Consumer,4,0.0,346.39,103.73,0.29946014607812005
2024-08-01,2024,8,Latin America,Office Supplies,Storage,Corporate,2,0.15,120.75,16.14,0.13366459627329194
2023-09-09,2023,9,North America,Office Supplies,Paper,Corporate,3,0.15,170.93,14.52,0.0849470543497338
2023-09-07,2023,9,Latin America,Office Supplies,Paper,Corporate,5,0.3,420.89,-65.12,-0.15471976050749603
2022-11-05,2022,11,Middle East & Africa,Furniture,Chairs,Consumer,4,0.0,2341.9,258.6,0.11042316068149793
2021-12-11,2021,12,North America,Office Supplies,Paper,Consumer,2,0.3,219.04,-19.56,-0.08929875821767713
2023-01-17,2023,1,Europe,Office Supplies,Binders,Corporate,2,0.1,177.2,22.18,0.12516930022573364
2023-04-06,2023,4,Europe,Office Supplies,Art,Consumer,1,0.1,43.81,4.58,0.10454234193106596
2023-05-12,2023,5,Europe,Office Supplies,Storage,Consumer,4,0.5,153.54,-39.73,-0.25875993226520777
2024-04-29,2024,4,North America,Office Supplies,Art,Consumer,3,0.15,151.63,6.37,0.042010156301523445
2024-02-07,2024,2,Europe,Furniture,Tables,Home Office,3,0.15,1309.87,104.53,0.07980181239359632
2024-09-29,2024,9,Europe,Office Supplies,Storage,Home Office,5,0.15,413.79,5.34,0.012905096788225911
2023-12-07,2023,12,North America,Technology,Copiers,Corporate,3,0.0,2242.55,713.79,0.3182939064903792
2022-09-22,2022,9,Latin America,Technology,Accessories,Home Office,2,0.2,654.87,110.12,0.16815551178096416
2024-01-17,2024,1,Europe,Office Supplies,Art,Consumer,3,0.1,183.67,20.79,0.11319213807371917
2021-06-30,2021,6,Europe,Furniture,Tables,Consumer,3,0.3,1200.18,-223.14,-0.1859221116832475
2024-03-03,2024,3,North America,Office Supplies,Binders,Consumer,4,0.0,237.79,19.13,0.08044913579208546
2021-08-20,2021,8,Asia Pacific,Furniture,Tables,Consumer,4,0.1,791.76,6.58,0.008310599171466102
2022-06-07,2022,6,Europe,Office Supplies,Art,Consumer,8,0.15,336.73,23.45,0.06964036468387134
2021-07-04,2021,7,Asia Pacific,Office Supplies,Binders,Consumer,4,0.1,390.98,38.42,0.09826589595375723
2023-07-22,2023,7,Europe,Office Supplies,Paper,Consumer,1,0.3,62.49,-4.1,-0.06561049767962873
2022-02-08,2022,2,Middle East & Africa,Furniture,Chairs,Consumer,3,0.4,761.18,-214.08,-0.28124753671930425
2024-04-17,2024,4,North America,Technology,Copiers,Consumer,4,0.15,2194.93,246.47,0.11229059696664587
2024-10-31,2024,10,Asia Pacific,Office Supplies,Storage,Consumer,3,0.2,295.58,20.03,0.06776507206170919
2024-12-18,2024,12,Europe,Office Supplies,Art,Corporate,1,0.2,88.53,0.11,0.0012425166610188637
2024-12-11,2024,12,North America,Office Supplies,Binders,Corporate,3,0.2,329.78,12.63,0.038298259445691075
2022-01-13,2022,1,Europe,Furniture,Chairs,Consumer,4,0.0,1011.45,114.36,0.11306540115675515
2023-10-29,2023,10,Asia Pacific,Technology,Phones,Corporate,6,0.15,4001.44,782.23,0.19548712463513135
2021-12-17,2021,12,Asia Pacific,Office Supplies,Storage,Corporate,2,0.0,182.78,21.37,0.11691651165335376
2021-06-18,2021,6,Europe,Office Supplies,Art,Consumer,4,0.1,224.48,32.91,0.1466054882394868
2024-07-28,2024,7,Europe,Office Supplies,Binders,Home Office,1,0.1,73.71,8.24,0.11178944512277847
2022-02-09,2022,2,Latin America,Furniture,Tables,Home Office,4,0.1,591.26,10.28,0.017386598112505498
2022-05-16,2022,5,Asia Pacific,Technology,Accessories,Home Office,4,0.1,1731.61,352.94,0.20382187675053853
2023-03-07,2023,3,Europe,Technology,Laptops,Consumer,1,0.15,655.12,78.46,0.11976431798754425
2023-01-14,2023,1,Europe,Furniture,Bookcases,Corporate,4,0.1,838.95,53.93,0.06428273437034387
2023-07-14,2023,7,North America,Technology,Copiers,Corporate,7,0.0,3779.54,1217.67,0.3221741270101653
2022-12-17,2022,12,Europe,Technology,Copiers,Home Office,3,0.0,2397.52,821.4,0.3426040241582969
2023-01-28,2023,1,North America,Office Supplies,Paper,Home Office,3,0.1,129.31,3.59,0.02776274070064187
2022-05-17,2022,5,North America,Furniture,Tables,Consumer,2,0.0,589.44,57.83,0.09811007057546144
2024-07-21,2024,7,Europe,Technology,Accessories,Consumer,4,0.1,2681.57,729.01,0.27185939580171314
2023-03-21,2023,3,Asia Pacific,Furniture,Tables,Corporate,4,0.0,1329.2,209.64,0.15771892867890458
2022-10-15,2022,10,Asia Pacific,Technology,Accessories,Home Office,2,0.3,681.71,35.45,0.05200158425136789
2023-05-09,2023,5,Europe,Office Supplies,Storage,Corporate,1,0.0,118.34,25.47,0.2152273111374007
2023-01-19,2023,1,North America,Office Supplies,Paper,Consumer,1,0.15,75.17,0.43,0.005720367167753093
2023-10-05,2023,10,Europe,Office Supplies,Binders,Home Office,1,0.1,71.55,5.1,0.07127882599580712
2023-11-20,2023,11,Latin America,Technology,Phones,Home Office,1,0.1,766.15,159.24,0.20784441688964303
2024-07-22,2024,7,North America,Office Supplies,Storage,Corporate,2,0.0,104.81,23.64,0.22555099704226697
2024-01-11,2024,1,North America,Furniture,Furnishings,Consumer,2,0.2,649.62,-27.6,-0.042486376650965184
2023-10-11,2023,10,North America,Technology,Accessories,Consumer,1,0.15,456.17,86.0,0.18852620733498476
2023-09-23,2023,9,Europe,Technology,Phones,Corporate,4,0.15,4560.02,710.34,0.15577563256301508
2024-04-10,2024,4,North America,Office Supplies,Art,Corporate,4,0.1,148.21,18.33,0.12367586532622628
2021-12-06,2021,12,Latin America,Office Supplies,Art,Corporate,6,0.1,457.31,31.76,0.06944960748726248
2021-03-22,2021,3,North America,Furniture,Furnishings,Consumer,4,0.0,1369.94,135.38,0.09882184621224287
2024-04-13,2024,4,North America,Office Supplies,Storage,Corporate,3,0.0,271.98,49.72,0.1828075593793661
2021-03-02,2021,3,North America,Office Supplies,Paper,Consumer,2,0.2,109.33,2.74,0.025061739687185586
2021-03-03,2021,3,North America,Technology,Accessories,Corporate,3,0.2,1479.63,210.58,0.14231936362468994
2024-05-02,2024,5,North America,Technology,Laptops,Consumer,3,0.3,2120.6,240.13,0.11323681976799019
2023-10-05,2023,10,North America,Office Supplies,Paper,Consumer,5,0.0,264.26,49.47,0.18720199803224097
2024-06-13,2024,6,Middle East & Africa,Technology,Accessories,Consumer,3,0.0,1637.33,462.96,0.2827530186339956
2022-09-25,2022,9,Europe,Furniture,Tables,Consumer,2,0.0,369.96,36.76,0.09936209319926478
2022-10-14,2022,10,Europe,Office Supplies,Paper,Home Office,6,0.2,213.17,-12.1,-0.056762208565933295
2022-08-12,2022,8,North America,Technology,Accessories,Corporate,5,0.1,2289.11,431.3,0.18841383769237827
2022-08-13,2022,8,Asia Pacific,Technology,Accessories,Consumer,2,0.2,1358.61,9.47,0.006970359411457299
2022-11-01,2022,11,Europe,Office Supplies,Art,Home Office,4,0.0,328.99,60.7,0.18450408827016018
2023-08-21,2023,8,North America,Office Supplies,Binders,Corporate,5,0.0,238.77,31.96,0.13385266155714703
2021-10-29,2021,10,Asia Pacific,Office Supplies,Binders,Consumer,2,0.1,118.2,18.74,0.15854483925549914
2024-10-05,2024,10,Europe,Technology,Laptops,Corporate,4,0.0,2466.07,620.36,0.2515581471734379
2023-05-17,2023,5,North America,Furniture,Furnishings,Consumer,4,0.1,832.3,-41.59,-0.04996996275381474
2023-05-13,2023,5,North America,Office Supplies,Paper,Consumer,6,0.3,602.11,-81.08,-0.1346597797744598
2022-05-06,2022,5,Latin America,Technology,Copiers,Consumer,2,0.0,843.09,353.83,0.41968235894151273
2024-07-27,2024,7,Europe,Furniture,Tables,Home Office,4,0.4,1199.07,-340.12,-0.28365316453584866
2024-03-06,2024,3,Europe,Office Supplies,Paper,Consumer,3,0.1,255.1,5.81,0.022775382203057623
2021-02-10,2021,2,North America,Furniture,Tables,Consumer,1,0.1,190.59,4.14,0.021722021092397292
2021-04-26,2021,4,Europe,Office Supplies,Storage,Consumer,2,0.1,133.49,16.4,0.12285564461757432
2021-06-07,2021,6,Europe,Office Supplies,Paper,Consumer,1,0.5,59.18,-17.82,-0.30111524163568776
2024-03-10,2024,3,Latin America,Office Supplies,Binders,Corporate,4,0.0,286.67,70.23,0.24498552342414623
2022-04-20,2022,4,Latin America,Furniture,Chairs,Corporate,4,0.0,950.32,120.61,0.1269151443724219
2023-04-02,2023,4,Asia Pacific,Office Supplies,Storage,Consumer,3,0.0,172.47,13.43,0.0778686148315649
2024-09-25,2024,9,North America,Technology,Laptops,Consumer,10,0.0,5182.58,1592.45,0.3072697382384835
2023-11-21,2023,11,Asia Pacific,Office Supplies,Binders,Consumer,2,0.1,202.73,24.66,0.12163961919794801
2023-04-09,2023,4,Asia Pacific,Technology,Copiers,Corporate,1,0.1,590.22,105.69,0.17906882179526276
2022-03-12,2022,3,Asia Pacific,Technology,Copiers,Home Office,2,0.1,848.82,202.73,0.2388374449235409
2023-02-03,2023,2,Europe,Office Supplies,Storage,Consumer,2,0.0,241.31,65.08,0.26969458373047117
2021-11-07,2021,11,Middle East & Africa,Office Supplies,Storage,Consumer,4,0.0,613.38,116.61,0.19011053506798395
2023-08-10,2023,8,Asia Pacific,Office Supplies,Binders,Consumer,4,0.4,275.29,-31.49,-0.1143884630753024
2023-06-10,2023,6,Latin America,Technology,Accessories,Consumer,3,0.4,1449.18,-36.29,-0.025041747747001752
2024-05-10,2024,5,North America,Office Supplies,Storage,Consumer,2,0.0,195.72,40.24,0.20559983650112407
2024-10-12,2024,10,North America,Office Supplies,Art,Consumer,1,0.2,90.45,-4.34,-0.04798231066887783
2021-07-12,2021,7,Asia Pacific,Technology,Laptops,Home Office,3,0.15,1015.68,120.97,0.11910247321991178
2023-06-15,2023,6,Latin America,Office Supplies,Paper,Consumer,3,0.2,249.29,3.65,0.01464158209314453
2024-09-11,2024,9,Europe,Office Supplies,Storage,Corporate,2,0.3,170.82,-3.5,-0.020489404051047887
2023-12-18,2023,12,Latin America,Furniture,Chairs,Corporate,5,0.1,1974.91,-4.62,-0.0023393471094885336
2021-05-13,2021,5,North America,Furniture,Tables,Consumer,5,0.4,867.96,-205.72,-0.2370155306696161
2023-05-04,2023,5,North America,Office Supplies,Storage,Home Office,3,0.3,231.7,-27.2,-0.1173931808372896
2024-12-31,2024,12,North America,Furniture,Chairs,Home Office,1,0.1,444.24,31.35,0.070569962182604
2021-08-21,2021,8,Asia Pacific,Technology,Accessories,Home Office,5,0.2,1237.83,112.57,0.09094140552418345
2022-10-07,2022,10,North America,Technology,Laptops,Corporate,4,0.3,1687.47,-51.07,-0.030264241734667876
2021-06-19,2021,6,North America,Office Supplies,Storage,Home Office,1,0.2,32.74,-0.19,-0.005803298717165547
2021-03-26,2021,3,Europe,Furniture,Bookcases,Consumer,3,0.0,826.17,89.84,0.10874275270222837
2021-03-10,2021,3,Latin America,Office Supplies,Paper,Consumer,2,0.2,168.02,-10.07,-0.05993334126889656
2022-03-10,2022,3,Europe,Office Supplies,Art,Consumer,4,0.1,206.37,22.59,0.10946358482337548
2022-01-07,2022,1,Asia Pacific,Office Supplies,Binders,Consumer,5,0.0,294.51,55.08,0.1870225119690333
2021-07-18,2021,7,Asia Pacific,Furniture,Bookcases,Consumer,1,0.3,272.42,-50.03,-0.1836502459437633
2023-04-04,2023,4,Latin America,Technology,Copiers,Consumer,2,0.2,1117.51,97.89,0.08759653157466153
2024-11-22,2024,11,Europe,Furniture,Furnishings,Corporate,1,0.0,492.99,49.92,0.10125966043935983
2023-01-03,2023,1,Europe,Technology,Phones,Corporate,2,0.2,1071.13,147.17,0.1373969546180202
2021-09-17,2021,9,North America,Furniture,Chairs,Consumer,7,0.15,2206.33,153.81,0.06971305289779861
2022-06-13,2022,6,Asia Pacific,Technology,Copiers,Corporate,6,0.1,3388.26,701.37,0.20700005312461262
2023-09-13,2023,9,Asia Pacific,Office Supplies,Binders,Corporate,2,0.3,137.35,-20.79,-0.15136512559155443
2021-03-01,2021,3,Asia Pacific,Office Supplies,Paper,Corporate,7,0.1,431.37,28.11,0.06516447597190347
2024-10-10,2024,10,Latin America,Furniture,Chairs,Corporate,5,0.2,1403.13,-2.46,-0.0017532231510979024
2023-12-31,2023,12,Europe,Office Supplies,Paper,Corporate,1,0.3,95.16,-8.05,-0.08459436738125264
2024-07-22,2024,7,Middle East & Africa,Office Supplies,Paper,Home Office,3,0.1,312.76,40.88,0.13070725156669652
2021-03-18,2021,3,Europe,Office Supplies,Storage,Corporate,2,0.0,135.29,29.39,0.21723704634488877
2022-06-09,2022,6,Asia Pacific,Furniture,Chairs,Consumer,4,0.5,1374.54,-478.88,-0.3483929169031094
2024-08-12,2024,8,Europe,Technology,Copiers,Consumer,3,0.3,3169.9,-322.07,-0.10160257421369759
2023-01-14,2023,1,Asia Pacific,Technology,Phones,Home Office,2,0.2,746.51,63.52,0.0850892821261604
2022-08-12,2022,8,Asia Pacific,Office Supplies,Art,Consumer,2,0.3,72.21,-4.96,-0.06868854729261875
2021-03-03,2021,3,Asia Pacific,Furniture,Tables,Home Office,1,0.0,222.9,16.65,0.0746971736204576
2021-10-07,2021,10,Latin America,Office Supplies,Art,Consumer,7,0.0,269.47,35.95,0.13341002709021413
2024-02-29,2024,2,North America,Technology,Laptops,Consumer,5,0.15,2009.41,271.68,0.13520386581135757
2021-07-03,2021,7,Europe,Furniture,Bookcases,Consumer,1,0.1,238.83,16.76,0.07017543859649122
2022-02-20,2022,2,North America,Technology,Copiers,Consumer,5,0.5,2318.75,-510.17,-0.22001940700808625
2023-04-28,2023,4,North America,Office Supplies,Binders,Consumer,3,0.15,356.68,20.2,0.056633396882359535
2022-02-10,2022,2,Asia Pacific,Technology,Copiers,Home Office,3,0.1,864.07,269.06,0.31138680893909054
2021-02-04,2021,2,Middle East & Africa,Office Supplies,Art,Consumer,2,0.3,75.6,-6.14,-0.08121693121693122
2024-02-15,2024,2,Asia Pacific,Furniture,Chairs,Home Office,2,0.3,543.21,-27.38,-0.0504040794536183
2021-02-02,2021,2,Europe,Technology,Laptops,Consumer,2,0.0,489.73,146.25,0.2986339411512466
2024-07-20,2024,7,Asia Pacific,Office Supplies,Paper,Consumer,3,0.2,284.63,7.14,0.025085198327653446
2024-04-24,2024,4,North America,Furniture,Tables,Consumer,3,0.15,793.28,-27.93,-0.03520824929407019
2023-02-08,2023,2,North America,Office Supplies,Binders,Consumer,2,0.0,109.74,14.97,0.13641334062329144
2022-02-17,2022,2,Latin America,Technology,Accessories,Consumer,1,0.2,265.51,17.25,0.06496930435765132
2023-07-13,2023,7,North America,Technology,Phones,Consumer,5,0.4,3241.28,-258.76,-0.07983265870273472
2021-10-09,2021,10,Europe,Office Supplies,Binders,Home Office,5,0.15,372.9,28.28,0.07583802628050416
2023-11-19,2023,11,Asia Pacific,Office Supplies,Paper,Consumer,3,0.0,200.27,32.48,0.16218105557497375
2024-09-02,2024,9,Asia Pacific,Furniture,Furnishings,Corporate,2,0.0,876.5,90.74,0.1035253850541928
2021-08-15,2021,8,Latin America,Office Supplies,Storage,Home Office,2,0.0,120.47,12.43,0.10317921474225948
2024-02-11,2024,2,Asia Pacific,Office Supplies,Binders,Home Office,1,0.4,73.55,-15.8,-0.2148198504418763
2022-07-07,2022,7,North America,Furniture,Bookcases,Corporate,2,0.0,478.81,36.71,0.07666924249702388
2024-04-12,2024,4,North America,Office Supplies,Storage,Consumer,1,0.5,60.8,-16.74,-0.27532894736842106
2023-03-05,2023,3,Latin America,Office Supplies,Paper,Consumer,2,0.2,125.54,-10.57,-0.08419627210450852
2024-07-11,2024,7,North America,Office Supplies,Binders,Consumer,3,0.0,208.91,39.77,0.19036905844622087
2024-06-02,2024,6,Asia Pacific,Furniture,Furnishings,Home Office,2,0.1,1044.18,-76.38,-0.07314830776302936
2021-01-16,2021,1,North America,Office Supplies,Art,Corporate,5,0.2,290.25,-3.25,-0.01119724375538329
2022-05-03,2022,5,Asia Pacific,Office Supplies,Storage,Consumer,4,0.0,302.84,68.74,0.2269845462950733
2024-11-18,2024,11,North America,Office Supplies,Binders,Consumer,1,0.4,78.34,-5.68,-0.07250446770487617
2022-11-30,2022,11,Europe,Technology,Accessories,Corporate,2,0.0,1257.61,472.49,0.37570470972718095
2021-04-12,2021,4,Latin America,Technology,Laptops,Consumer,1,0.0,295.48,96.89,0.3279071341545959
2022-08-15,2022,8,North America,Office Supplies,Storage,Home Office,4,0.0,171.48,32.34,0.188593421973408
2021-03-23,2021,3,Europe,Furniture,Chairs,Home Office,2,0.4,920.61,-266.53,-0.28951456099759937
2024-07-29,2024,7,Europe,Furniture,Tables,Consumer,5,0.0,2402.72,585.58,0.24371545581674106
2022-11-20,2022,11,Europe,Furniture,Furnishings,Corporate,2,0.1,1220.24,-24.56,-0.020127188094145414
2024-12-19,2024,12,Europe,Furniture,Chairs,Consumer,1,0.15,428.13,-19.27,-0.045009693317450306
2024-08-07,2024,8,Europe,Furniture,Tables,Consumer,1,0.5,474.1,-178.08,-0.3756169584475849
2024-09-10,2024,9,Asia Pacific,Office Supplies,Paper,Consumer,2,0.1,76.17,12.24,0.16069318629381646
2022-06-29,2022,6,Latin America,Technology,Phones,Corporate,2,0.2,736.58,114.6,0.15558391484971082
2023-08-23,2023,8,Asia Pacific,Technology,Copiers,Home Office,3,0.1,1125.65,250.76,0.22276906676142672
2024-12-21,2024,12,Europe,Office Supplies,Binders,Home Office,3,0.4,410.85,-66.39,-0.16159182183278567
2023-09-06,2023,9,Europe,Technology,Copiers,Home Office,2,0.1,1411.4,421.78,0.29883803315856594
2023-11-28,2023,11,North America,Technology,Accessories,Consumer,4,0.4,2577.58,-337.19,-0.13081650230060754
2023-12-08,2023,12,Latin America,Office Supplies,Storage,Consumer,1,0.0,120.78,22.0,0.18214936247723132
2023-02-23,2023,2,Asia Pacific,Furniture,Bookcases,Consumer,4,0.2,1848.82,-136.55,-0.07385792018693005
2022-11-22,2022,11,Latin America,Office Supplies,Paper,Corporate,6,0.0,610.29,79.43,0.13015123957462849
2022-09-13,2022,9,North America,Office Supplies,Storage,Home Office,3,0.5,272.41,-80.87,-0.29686869057670423
2024-11-24,2024,11,Latin America,Furniture,Chairs,Consumer,4,0.0,2943.83,358.76,0.12186845028415363
2023-11-02,2023,11,North America,Furniture,Tables,Corporate,1,0.1,496.32,-5.96,-0.012008381689232753
2023-09-11,2023,9,Europe,Furniture,Bookcases,Corporate,5,0.2,2882.09,-497.36,-0.17256921192606753
2021-09-24,2021,9,Asia Pacific,Furniture,Tables,Corporate,8,0.2,4607.56,-247.19,-0.05364878590837666
2024-11-23,2024,11,Asia Pacific,Office Supplies,Art,Consumer,3,0.1,324.92,53.72,0.16533300504739626
2023-11-05,2023,11,North America,Office Supplies,Storage,Consumer,3,0.15,204.22,16.67,0.08162765644892764
2022-02-04,2022,2,Europe,Office Supplies,Art,Home Office,4,0.1,374.2,22.8,0.060929983965793695
2024-08-12,2024,8,Europe,Furniture,Furnishings,Corporate,1,0.4,278.9,-77.91,-0.27934743635711723
2023-07-03,2023,7,North America,Office Supplies,Art,Corporate,3,0.2,216.85,-11.38,-0.05247867189301361
2022-03-22,2022,3,North America,Office Supplies,Storage,Home Office,5,0.1,379.37,29.14,0.07681155600073807
2021-08-13,2021,8,Europe,Technology,Laptops,Home Office,2,0.5,1241.34,-135.56,-0.10920456925580423
2022-11-23,2022,11,Europe,Office Supplies,Art,Consumer,1,0.2,68.87,-0.19,-0.002758820967039349
2024-09-08,2024,9,Middle East & Africa,Office Supplies,Storage,Consumer,6,0.1,310.01,59.21,0.1909938389084223
2022-03-04,2022,3,North America,Technology,Laptops,Corporate,3,0.0,2540.66,770.78,0.30337786244519144
2022-07-02,2022,7,Europe,Office Supplies,Binders,Consumer,3,0.15,193.4,-3.45,-0.017838676318510858
2022-02-21,2022,2,Asia Pacific,Office Supplies,Binders,Consumer,1,0.15,56.02,0.8,0.014280614066404856
2022-05-14,2022,5,Europe,Technology,Laptops,Consumer,4,0.15,1454.73,216.66,0.14893485389041264
2022-02-22,2022,2,Europe,Furniture,Tables,Consumer,4,0.4,1223.29,-258.7,-0.21147888072329538
2023-09-15,2023,9,North America,Furniture,Chairs,Consumer,4,0.1,1452.83,129.4,0.08906754403474598
2024-06-18,2024,6,North America,Technology,Laptops,Corporate,2,0.3,751.15,28.48,0.0379151966983958
2023-07-26,2023,7,North America,Office Supplies,Art,Home Office,2,0.15,177.69,11.27,0.0634250661263999
2022-01-18,2022,1,North America,Office Supplies,Storage,Corporate,6,0.1,462.0,22.52,0.04874458874458874
2023-01-23,2023,1,Asia Pacific,Technology,Laptops,Corporate,3,0.0,1595.54,302.3,0.18946563545884154
2023-08-10,2023,8,Asia Pacific,Furniture,Tables,Corporate,6,0.1,1526.2,21.38,0.014008648931987944
2022-11-04,2022,11,Middle East & Africa,Furniture,Tables,Corporate,3,0.2,700.8,-34.2,-0.048801369863013706
2022-09-27,2022,9,Europe,Technology,Laptops,Consumer,6,0.1,2627.46,569.18,0.21662746530870117
2024-11-14,2024,11,North America,Office Supplies,Paper,Consumer,1,0.0,167.78,34.52,0.20574561926332102
2024-12-24,2024,12,Latin America,Furniture,Bookcases,Home Office,1,0.4,424.7,-78.97,-0.18594301860136567
2021-12-03,2021,12,Europe,Technology,Copiers,Consumer,1,0.4,876.05,-128.46,-0.14663546601221394
2024-01-17,2024,1,North America,Technology,Laptops,Home Office,2,0.1,1260.8,193.51,0.15348191624365481
2023-12-27,2023,12,Latin America,Technology,Accessories,Corporate,2,0.1,1976.38,280.06,0.1417035185541242
2024-07-19,2024,7,North America,Technology,Laptops,Consumer,1,0.15,296.34,56.48,0.19059188769656477
2023-06-21,2023,6,North America,Office Supplies,Binders,Consumer,6,0.0,503.16,49.93,0.09923284839812385
2023-10-29,2023,10,North America,Office Supplies,Storage,Consumer,3,0.2,307.6,9.38,0.030494148244473343
2023-03-10,2023,3,Asia Pacific,Technology,Accessories,Corporate,1,0.0,282.16,57.6,0.20413949532180323
2023-12-28,2023,12,Latin America,Technology,Phones,Consumer,1,0.3,634.33,5.89,0.009285387731937635
2023-02-05,2023,2,North America,Office Supplies,Art,Consumer,1,0.4,53.54,-6.02,-0.11243929772132984
2021-09-18,2021,9,Europe,Technology,Phones,Consumer,4,0.15,1473.02,173.52,0.117798807891271
2022-10-30,2022,10,Asia Pacific,Office Supplies,Binders,Corporate,3,0.15,419.11,10.98,0.026198372742239507
2024-02-25,2024,2,Latin America,Office Supplies,Storage,Home Office,8,0.15,345.29,23.86,0.069101335109618
2021-01-21,2021,1,North America,Technology,Copiers,Consumer,3,0.15,870.56,174.93,0.20093962506892118
2022-11-16,2022,11,Asia Pacific,Office Supplies,Art,Corporate,3,0.1,290.24,20.26,0.06980429988974642
2022-08-08,2022,8,North America,Furniture,Bookcases,Consumer,2,0.0,614.76,102.26,0.16634133645650337
2023-12-26,2023,12,North America,Technology,Laptops,Consumer,4,0.0,2755.4,832.52,0.30214124990926905
2021-08-14,2021,8,Europe,Office Supplies,Binders,Home Office,3,0.3,228.19,-12.42,-0.054428327271133704
2024-09-18,2024,9,North America,Office Supplies,Paper,Home Office,5,0.15,171.97,-4.83,-0.02808629412106763
2021-11-21,2021,11,Latin America,Technology,Accessories,Home Office,4,0.1,2646.99,652.09,0.24635151625053367
2023-09-01,2023,9,North America,Technology,Accessories,Corporate,2,0.0,580.84,173.14,0.2980855312994972
2023-12-23,2023,12,Europe,Office Supplies,Art,Corporate,4,0.2,231.98,-11.79,-0.050823346840244844
2021-10-27,2021,10,North America,Office Supplies,Art,Consumer,4,0.2,140.41,-1.22,-0.008688839826223203
2021-07-16,2021,7,Asia Pacific,Office Supplies,Art,Home Office,4,0.4,342.76,-32.73,-0.09548955537402264
2024-12-27,2024,12,North America,Technology,Copiers,Consumer,1,0.0,1333.73,402.97,0.3021376140598172
2024-03-23,2024,3,Europe,Technology,Copiers,Corporate,4,0.3,2650.08,176.02,0.06642063635814768
2022-07-25,2022,7,Asia Pacific,Office Supplies,Paper,Consumer,4,0.0,296.27,66.6,0.22479495055186147
2022-08-27,2022,8,Latin America,Office Supplies,Paper,Home Office,5,0.1,416.57,59.78,0.1435052932280289
2024-02-27,2024,2,North America,Office Supplies,Art,Consumer,5,0.0,221.27,37.87,0.17114837076874406
2022-05-15,2022,5,Europe,Office Supplies,Storage,Consumer,7,0.2,719.96,3.12,0.004333574087449303
2022-12-28,2022,12,Asia Pacific,Office Supplies,Binders,Home Office,2,0.3,195.41,-13.14,-0.0672432321784965
2022-08-20,2022,8,Middle East & Africa,Technology,Accessories,Home Office,1,0.0,446.86,159.35,0.35659938235689026
2023-01-13,2023,1,Asia Pacific,Office Supplies,Storage,Corporate,1,0.2,48.46,-2.57,-0.05303342963268675
2022-10-20,2022,10,Asia Pacific,Office Supplies,Binders,Consumer,4,0.5,180.55,-54.59,-0.3023539185821102
2023-11-27,2023,11,Latin America,Technology,Copiers,Consumer,9,0.0,5479.03,1821.1,0.332376351288458
2021-06-16,2021,6,Asia Pacific,Technology,Accessories,Consumer,4,0.1,1855.28,374.32,0.20175930317795696
2023-07-05,2023,7,North America,Technology,Copiers,Consumer,7,0.1,2336.99,473.53,0.20262388799267433
2024-08-05,2024,8,Middle East & Africa,Office Supplies,Storage,Corporate,1,0.0,93.35,18.79,0.20128548473486876
2021-03-07,2021,3,Asia Pacific,Office Supplies,Storage,Consumer,3,0.15,175.62,5.89,0.033538321375697525
2024-09-28,2024,9,Latin America,Technology,Accessories,Consumer,3,0.15,2261.0,210.61,0.09314904909332154
2023-09-23,2023,9,Europe,Technology,Accessories,Consumer,4,0.2,1371.37,115.38,0.08413484325893085
2024-08-12,2024,8,North America,Furniture,Bookcases,Consumer,2,0.2,690.98,-53.52,-0.07745520854438624
2024-04-19,2024,4,Latin America,Technology,Laptops,Consumer,2,0.15,1152.65,163.97,0.14225480414696567
2022-04-11,2022,4,North America,Office Supplies,Binders,Corporate,4,0.2,154.91,-6.69,-0.04318636627719321
2021-02-18,2021,2,Latin America,Furniture,Chairs,Home Office,2,0.0,228.95,21.46,0.09373225595108103
2021-08-10,2021,8,Europe,Office Supplies,Storage,Corporate,4,0.0,360.77,29.21,0.0809657122266264
2023-04-10,2023,4,Europe,Office Supplies,Storage,Consumer,6,0.1,242.49,30.97,0.12771660687038638
2021-10-25,2021,10,Europe,Technology,Copiers,Consumer,5,0.2,1416.61,199.22,0.14063150761324572
2023-05-16,2023,5,North America,Office Supplies,Storage,Corporate,1,0.2,42.26,-1.67,-0.03951727401798391
2022-11-10,2022,11,Asia Pacific,Furniture,Chairs,Corporate,2,0.4,588.87,-156.34,-0.2654915346341298
2024-05-24,2024,5,North America,Technology,Laptops,Consumer,3,0.1,2728.92,712.05,0.2609273998504903
2021-05-13,2021,5,Europe,Technology,Phones,Home Office,4,0.0,2215.77,683.48,0.3084616183087595
2022-09-15,2022,9,Middle East & Africa,Technology,Laptops,Corporate,4,0.3,1828.97,80.84,0.044199740837739275
2022-02-18,2022,2,Asia Pacific,Office Supplies,Storage,Consumer,1,0.0,36.42,1.73,0.04750137287204832
2021-09-07,2021,9,North America,Technology,Laptops,Consumer,2,0.1,656.85,154.99,0.2359595036918627
2024-04-24,2024,4,North America,Furniture,Furnishings,Consumer,2,0.1,464.68,11.18,0.024059567874666437
2024-04-17,2024,4,Europe,Technology,Accessories,Home Office,2,0.1,973.3,237.94,0.24446727627658482
2023-08-21,2023,8,Asia Pacific,Office Supplies,Storage,Consumer,2,0.1,63.65,9.68,0.1520816967792616
2022-02-10,2022,2,Asia Pacific,Technology,Accessories,Home Office,2,0.0,710.76,173.57,0.24420338792278687
2024-12-25,2024,12,Latin America,Office Supplies,Art,Consumer,1,0.0,164.21,36.69,0.22343340844041165
2021-11-18,2021,11,North America,Office Supplies,Art,Corporate,9,0.2,876.35,36.41,0.041547326981228955
2024-04-11,2024,4,North America,Technology,Accessories,Consumer,3,0.0,2456.86,751.82,0.30600848237180794
2023-08-22,2023,8,North America,Office Supplies,Binders,Consumer,8,0.4,928.34,-137.44,-0.14804920610983044
2024-08-20,2024,8,North America,Office Supplies,Storage,Corporate,4,0.15,589.68,47.12,0.07990774657441324
2021-04-12,2021,4,North America,Office Supplies,Paper,Consumer,1,0.1,32.01,3.17,0.09903155263980007
2024-08-29,2024,8,Latin America,Furniture,Furnishings,Home Office,2,0.0,522.33,41.09,0.07866674324660655
2021-04-14,2021,4,North America,Office Supplies,Art,Consumer,3,0.1,138.58,12.1,0.08731418675133495
2024-08-07,2024,8,Asia Pacific,Technology,Accessories,Corporate,5,0.0,1418.56,367.05,0.25874830814346944
2022-02-04,2022,2,North America,Technology,Accessories,Consumer,2,0.1,1017.2,228.37,0.2245084545812033
2021-01-12,2021,1,Asia Pacific,Office Supplies,Paper,Corporate,2,0.15,136.47,-1.71,-0.012530226423389756
2023-05-25,2023,5,Asia Pacific,Office Supplies,Binders,Consumer,4,0.0,348.14,37.11,0.1065950479692078
2024-04-10,2024,4,Europe,Technology,Copiers,Consumer,1,0.3,1147.83,45.22,0.039396077816401386
2022-03-04,2022,3,Asia Pacific,Office Supplies,Paper,Consumer,3,0.1,278.81,48.8,0.17502959004339871
2022-01-07,2022,1,North America,Technology,Accessories,Consumer,5,0.2,2263.2,379.04,0.167479674796748
2022-09-02,2022,9,Asia Pacific,Technology,Accessories,Consumer,2,0.5,2243.01,-295.24,-0.13162669805306262
2021-10-30,2021,10,North America,Technology,Laptops,Home Office,2,0.3,962.83,-25.87,-0.026868709948796775
2021-09-23,2021,9,Europe,Furniture,Tables,Home Office,4,0.0,1221.88,94.44,0.07729073231413885
2024-10-19,2024,10,North America,Technology,Laptops,Home Office,2,0.1,830.54,117.93,0.1419919570399981
2021-08-02,2021,8,Asia Pacific,Office Supplies,Storage,Corporate,4,0.15,173.85,13.18,0.07581248202473397
2024-01-18,2024,1,North America,Office Supplies,Binders,Corporate,4,0.1,479.16,67.94,0.1417897988145922
2022-12-13,2022,12,Europe,Furniture,Bookcases,Corporate,2,0.1,1078.31,4.82,0.0044699576188665605
2024-01-25,2024,1,Latin America,Technology,Copiers,Consumer,2,0.1,844.6,186.82,0.22119346436182807
2023-03-03,2023,3,Europe,Technology,Accessories,Consumer,4,0.1,2221.17,384.57,0.173138481070787
2021-02-11,2021,2,Middle East & Africa,Office Supplies,Storage,Corporate,1,0.0,43.3,10.23,0.23625866050808317
2021-04-22,2021,4,Asia Pacific,Technology,Laptops,Consumer,2,0.0,398.35,109.07,0.273804443328731
2023-05-11,2023,5,Latin America,Technology,Accessories,Home Office,4,0.0,2288.56,711.04,0.31069318698220716
2021-08-17,2021,8,Latin America,Technology,Laptops,Consumer,1,0.1,291.16,47.13,0.16186976232999037
2023-12-01,2023,12,Asia Pacific,Office Supplies,Binders,Corporate,2,0.0,278.01,66.66,0.23977554764217113
2021-12-28,2021,12,Europe,Furniture,Bookcases,Consumer,5,0.3,2098.59,-272.88,-0.13003016310951637
2022-08-22,2022,8,Europe,Office Supplies,Art,Consumer,2,0.0,128.3,29.93,0.23328137178487918
2022-09-04,2022,9,Europe,Technology,Phones,Consumer,2,0.1,1141.2,208.46,0.18266736768314054
2021-08-24,2021,8,Europe,Technology,Phones,Consumer,4,0.4,1948.09,-205.53,-0.10550333916810825
2022-05-26,2022,5,North America,Technology,Accessories,Consumer,7,0.2,3299.69,312.89,0.09482405922980643
2023-08-16,2023,8,Asia Pacific,Technology,Accessories,Corporate,3,0.3,1622.87,43.39,0.02673658395312009
2021-07-19,2021,7,North America,Office Supplies,Binders,Consumer,2,0.0,68.47,12.38,0.1808091134803564
2022-12-26,2022,12,Europe,Furniture,Furnishings,Corporate,4,0.0,1708.23,305.64,0.17892204211376686
2024-11-29,2024,11,Latin America,Office Supplies,Art,Corporate,2,0.4,211.08,-35.78,-0.16950919082812205
2023-12-19,2023,12,Asia Pacific,Technology,Phones,Corporate,1,0.15,1148.28,257.4,0.22416135437349774
2024-02-18,2024,2,Europe,Technology,Laptops,Home Office,3,0.2,1284.34,125.89,0.09801921609542645
2023-08-20,2023,8,Middle East & Africa,Technology,Copiers,Home Office,8,0.0,4982.95,1324.34,0.26577429033002536
2021-11-14,2021,11,Asia Pacific,Office Supplies,Paper,Consumer,1,0.5,96.62,-26.74,-0.27675429517698197
2023-04-06,2023,4,Europe,Technology,Laptops,Consumer,3,0.2,1825.67,378.89,0.20753476805775412
2024-03-26,2024,3,Asia Pacific,Office Supplies,Paper,Consumer,6,0.2,585.94,20.16,0.034406253199986345
2022-04-04,2022,4,North America,Office Supplies,Paper,Consumer,6,0.1,161.59,17.68,0.10941271118262268
2022-09-01,2022,9,Europe,Technology,Accessories,Consumer,1,0.0,646.82,165.5,0.2558671655174546
2023-02-18,2023,2,Europe,Technology,Laptops,Corporate,1,0.0,193.5,66.82,0.3453229974160206
2022-02-07,2022,2,Asia Pacific,Technology,Laptops,Corporate,3,0.0,1095.79,318.63,0.29077651739840665
2023-11-22,2023,11,Asia Pacific,Furniture,Chairs,Consumer,4,0.1,2534.57,-423.35,-0.1670303049432448
2023-11-17,2023,11,North America,Office Supplies,Art,Consumer,1,0.4,128.32,-34.57,-0.2694046134663342
2022-11-16,2022,11,Europe,Technology,Accessories,Consumer,1,0.15,668.45,36.14,0.05406537512154985
2024-08-11,2024,8,Asia Pacific,Office Supplies,Storage,Home Office,2,0.2,145.47,-4.66,-0.032034096377259916
2022-02-10,2022,2,Latin America,Furniture,Furnishings,Consumer,3,0.0,511.33,54.52,0.10662390237224494
2022-12-10,2022,12,Asia Pacific,Office Supplies,Binders,Corporate,4,0.3,729.15,-79.1,-0.1084824795995337
2023-06-02,2023,6,Latin America,Office Supplies,Binders,Home Office,6,0.3,532.67,-23.94,-0.044943398351699936
2022-07-16,2022,7,North America,Office Supplies,Paper,Consumer,3,0.0,228.46,26.51,0.11603781843648779
2024-08-14,2024,8,North America,Furniture,Chairs,Consumer,2,0.1,352.7,-0.04,-0.00011341083073433514
2021-11-20,2021,11,Europe,Technology,Laptops,Consumer,3,0.1,2974.04,379.69,0.12766808785355946
2022-03-18,2022,3,Latin America,Office Supplies,Binders,Home Office,4,0.0,237.35,51.3,0.21613650726774805
2024-03-08,2024,3,Latin America,Furniture,Tables,Consumer,6,0.15,4275.23,-189.37,-0.04429469291710622
2023-05-12,2023,5,Middle East & Africa,Office Supplies,Storage,Home Office,2,0.1,89.02,7.24,0.08133003819366436
2023-10-20,2023,10,Latin America,Office Supplies,Storage,Consumer,2,0.0,96.73,9.73,0.10058926909955547
2021-09-02,2021,9,Europe,Office Supplies,Storage,Consumer,5,0.1,159.67,5.67,0.035510740903112674
2022-03-03,2022,3,North America,Technology,Phones,Consumer,1,0.1,820.66,185.08,0.22552579631028688
2023-11-04,2023,11,Latin America,Office Supplies,Art,Corporate,1,0.15,101.53,10.17,0.10016743819560721
2022-09-26,2022,9,North America,Office Supplies,Art,Corporate,2,0.2,90.86,9.02,0.09927360774818401
2021-03-26,2021,3,North America,Office Supplies,Art,Consumer,1,0.1,51.79,4.92,0.09499903456265689
2021-04-04,2021,4,North America,Furniture,Furnishings,Consumer,3,0.2,916.36,-98.2,-0.10716312366318914
2024-09-25,2024,9,Asia Pacific,Technology,Accessories,Consumer,1,0.15,435.88,59.93,0.137491970267046
2024-01-15,2024,1,Europe,Technology,Phones,Consumer,5,0.15,1543.25,179.15,0.11608618175927427
2023-12-26,2023,12,Asia Pacific,Office Supplies,Binders,Corporate,8,0.1,720.64,92.5,0.12835812611012434
2024-11-27,2024,11,Latin America,Office Supplies,Art,Corporate,2,0.15,235.18,22.91,0.09741474615188365
2021-08-19,2021,8,Middle East & Africa,Office Supplies,Paper,Consumer,2,0.4,226.96,-43.22,-0.19043003172365172
2024-08-04,2024,8,Asia Pacific,Technology,Accessories,Home Office,4,0.0,2696.71,765.59,0.28389778656214426
2022-10-21,2022,10,Asia Pacific,Furniture,Chairs,Corporate,3,0.0,755.1,21.14,0.02799629188186995
2023-08-28,2023,8,North America,Technology,Accessories,Corporate,1,0.2,252.09,15.25,0.060494267920187236
2022-11-29,2022,11,Latin America,Office Supplies,Storage,Consumer,3,0.0,274.35,67.05,0.2443958447238928
2021-08-05,2021,8,Europe,Office Supplies,Paper,Consumer,3,0.2,237.7,2.77,0.011653344551956248
2024-06-11,2024,6,Europe,Office Supplies,Art,Consumer,7,0.4,692.13,-114.67,-0.1656769681996157
2023-06-11,2023,6,Asia Pacific,Office Supplies,Binders,Corporate,1,0.4,64.26,-8.8,-0.13694366635543107
2022-12-04,2022,12,North America,Technology,Copiers,Consumer,5,0.0,4478.37,1772.12,0.39570647356069283
2024-09-27,2024,9,Europe,Technology,Copiers,Consumer,4,0.4,6270.79,-607.6,-0.09689369282020288
2023-01-21,2023,1,North America,Office Supplies,Storage,Corporate,2,0.3,141.41,-0.52,-0.0036772505480517645
2024-09-05,2024,9,Europe,Technology,Copiers,Consumer,4,0.0,1233.03,395.07,0.3204058295418603
2024-04-28,2024,4,North America,Technology,Accessories,Consumer,5,0.3,2681.04,269.54,0.10053561304568377
2024-08-30,2024,8,North America,Furniture,Tables,Consumer,3,0.1,967.86,104.84,0.10832145144958982
2023-02-23,2023,2,Latin America,Furniture,Chairs,Corporate,5,0.0,778.41,75.42,0.09688981385131229
2021-11-19,2021,11,North America,Technology,Laptops,Consumer,4,0.1,3086.77,702.39,0.22754853779193138
2022-12-17,2022,12,North America,Furniture,Chairs,Corporate,3,0.1,2413.43,-81.35,-0.033707213385099216
2022-08-19,2022,8,Europe,Office Supplies,Art,Consumer,3,0.15,148.52,10.49,0.07063021815243738
2024-07-28,2024,7,North America,Office Supplies,Paper,Consumer,2,0.1,175.03,8.09,0.046220647888933326
2021-04-19,2021,4,Asia Pacific,Technology,Laptops,Consumer,1,0.4,440.09,-41.84,-0.09507146265536597
2022-08-03,2022,8,North America,Technology,Phones,Corporate,1,0.1,599.77,106.13,0.17695116461310167
2024-04-28,2024,4,Europe,Office Supplies,Binders,Corporate,1,0.3,106.19,-6.37,-0.05998681608437706
2021-05-24,2021,5,North America,Furniture,Tables,Home Office,6,0.15,1662.64,-27.46,-0.01651590242024732
2022-03-04,2022,3,Middle East & Africa,Furniture,Furnishings,Consumer,4,0.0,851.61,85.69,0.10062117636007092
2024-07-08,2024,7,North America,Technology,Phones,Corporate,1,0.1,581.08,124.64,0.21449714325049907
2023-06-19,2023,6,North America,Technology,Laptops,Corporate,3,0.5,1528.88,-237.38,-0.15526398409293077
2024-08-15,2024,8,North America,Technology,Accessories,Corporate,3,0.2,731.88,11.27,0.015398699240312619
2022-02-20,2022,2,North America,Technology,Phones,Corporate,4,0.3,1026.22,-46.73,-0.04553604490265245
2022-08-01,2022,8,North America,Furniture,Bookcases,Home Office,1,0.0,226.66,22.64,0.09988529074384542
2021-08-29,2021,8,Europe,Furniture,Chairs,Consumer,2,0.1,453.94,34.43,0.07584702824161783
2023-11-09,2023,11,Europe,Technology,Accessories,Consumer,4,0.2,5284.12,225.77,0.04272613036797045
2023-04-18,2023,4,Europe,Office Supplies,Binders,Corporate,2,0.1,160.77,22.93,0.14262611183678545
2021-07-20,2021,7,North America,Technology,Phones,Consumer,1,0.15,564.29,76.56,0.1356749189246664
2021-05-28,2021,5,Europe,Furniture,Furnishings,Corporate,1,0.2,266.04,-7.92,-0.02976995940460081
2021-02-01,2021,2,Latin America,Office Supplies,Art,Corporate,3,0.1,131.07,10.87,0.08293278400854505
2022-09-15,2022,9,North America,Office Supplies,Art,Corporate,5,0.4,478.73,-64.46,-0.13464792262862155
2021-05-13,2021,5,Europe,Office Supplies,Binders,Corporate,3,0.15,122.07,10.23,0.08380437453919883
2023-07-22,2023,7,Europe,Furniture,Bookcases,Home Office,4,0.1,756.33,-2.43,-0.003212883265241363
2021-11-21,2021,11,Asia Pacific,Technology,Accessories,Consumer,4,0.4,1304.77,-148.48,-0.1137978341010293
2023-01-09,2023,1,Europe,Furniture,Furnishings,Corporate,3,0.1,748.63,6.16,0.00822836381122851
2022-01-04,2022,1,North America,Office Supplies,Art,Consumer,3,0.0,159.67,18.03,0.11292039832153819
2022-01-06,2022,1,Asia Pacific,Furniture,Tables,Consumer,2,0.0,705.0,56.38,0.07997163120567376
2022-07-29,2022,7,Asia Pacific,Technology,Accessories,Corporate,5,0.15,2174.36,391.37,0.17999319339943706
2023-07-29,2023,7,North America,Office Supplies,Binders,Home Office,6,0.2,275.31,-7.59,-0.02756892230576441
2024-05-15,2024,5,Latin America,Furniture,Chairs,Home Office,2,0.15,1121.17,-47.32,-0.04220590989769615
2021-03-01,2021,3,North America,Furniture,Bookcases,Corporate,2,0.0,678.73,56.34,0.08300797076893611
2022-01-12,2022,1,North America,Furniture,Bookcases,Corporate,3,0.0,523.49,115.7,0.22101663833120022
2021-06-02,2021,6,North America,Office Supplies,Storage,Home Office,3,0.15,139.34,0.0,0.0
2023-10-16,2023,10,Europe,Furniture,Furnishings,Corporate,4,0.4,1036.1,-204.96,-0.19781874336454014
2024-03-09,2024,3,North America,Technology,Laptops,Consumer,1,0.15,695.33,54.81,0.07882588123624754
2022-08-12,2022,8,North America,Office Supplies,Art,Consumer,1,0.3,68.69,-9.12,-0.13277041781918764
2021-06-29,2021,6,Middle East & Africa,Technology,Accessories,Consumer,7,0.2,3388.62,362.65,0.10701996683015505
2024-12-20,2024,12,Europe,Office Supplies,Binders,Consumer,2,0.0,304.06,43.57,0.14329408669341578
2022-02-02,2022,2,North America,Furniture,Chairs,Corporate,2,0.0,719.64,94.94,0.13192707464843534
2023-06-23,2023,6,North America,Office Supplies,Storage,Consumer,1,0.4,59.86,-8.34,-0.1393250918810558
2023-10-14,2023,10,Asia Pacific,Furniture,Tables,Consumer,6,0.3,1772.33,-217.41,-0.12266902890545214
2022-04-09,2022,4,Latin America,Furniture,Bookcases,Corporate,4,0.1,1373.12,85.62,0.06235434630622234
2024-01-14,2024,1,Europe,Technology,Copiers,Corporate,3,0.2,1301.83,116.44,0.08944332209274637
2022-09-28,2022,9,Asia Pacific,Office Supplies,Binders,Consumer,6,0.2,266.71,-6.26,-0.023471185932286004
2022-05-16,2022,5,Asia Pacific,Technology,Accessories,Home Office,2,0.1,1462.87,174.0,0.11894426709140253
2021-12-28,2021,12,North America,Office Supplies,Paper,Consumer,3,0.4,218.27,-59.17,-0.2710862692994915
2024-07-15,2024,7,Europe,Office Supplies,Paper,Corporate,3,0.5,366.76,-93.53,-0.2550169047878722
2024-12-20,2024,12,North America,Office Supplies,Storage,Consumer,1,0.3,133.88,-4.65,-0.03473259635494473
2021-09-05,2021,9,Asia Pacific,Office Supplies,Paper,Home Office,3,0.0,155.83,44.79,0.2874286080985689
2024-12-27,2024,12,Europe,Furniture,Chairs,Consumer,4,0.1,2572.19,-189.25,-0.07357543571820122
2022-03-12,2022,3,North America,Office Supplies,Binders,Home Office,1,0.0,80.97,21.37,0.26392491046066446
2021-10-28,2021,10,North America,Technology,Accessories,Consumer,3,0.15,1076.77,156.35,0.14520278239549764
2023-06-22,2023,6,North America,Office Supplies,Binders,Corporate,3,0.0,136.56,30.07,0.22019625073227886
2021-10-19,2021,10,North America,Technology,Copiers,Consumer,1,0.0,449.47,177.43,0.3947538211671524
2021-04-16,2021,4,Europe,Office Supplies,Binders,Consumer,2,0.1,114.57,1.74,0.015187221785807803
2024-10-08,2024,10,Europe,Office Supplies,Binders,Home Office,4,0.0,457.43,91.16,0.19928732265046017
2021-11-14,2021,11,Asia Pacific,Office Supplies,Binders,Consumer,3,0.15,249.83,4.1,0.016411159588520192
2021-05-01,2021,5,Europe,Office Supplies,Art,Consumer,5,0.1,192.76,18.91,0.09810126582278482
2021-08-04,2021,8,Europe,Technology,Copiers,Consumer,3,0.2,1312.55,30.07,0.022909603443678338
2023-11-14,2023,11,Europe,Office Supplies,Art,Corporate,5,0.15,688.62,22.73,0.03300804507565856
2022-09-12,2022,9,Asia Pacific,Office Supplies,Binders,Consumer,3,0.0,82.36,13.83,0.16792132102962604
2021-11-02,2021,11,Latin America,Technology,Copiers,Corporate,2,0.5,1097.46,-208.93,-0.19037595903267546
2023-02-24,2023,2,Europe,Technology,Laptops,Corporate,2,0.15,681.32,90.83,0.13331474197146714
2021-07-02,2021,7,North America,Office Supplies,Art,Home Office,7,0.4,453.37,-76.78,-0.16935394931292322
2023-02-24,2023,2,Latin America,Office Supplies,Paper,Consumer,5,0.1,193.01,5.02,0.026009015076939018
2024-11-05,2024,11,Europe,Furniture,Tables,Consumer,3,0.5,1171.98,-419.7,-0.35811191317257973
2022-08-27,2022,8,North America,Furniture,Bookcases,Consumer,5,0.1,1145.14,34.68,0.030284506697871
2022-02-26,2022,2,Europe,Office Supplies,Storage,Consumer,3,0.0,293.41,81.17,0.27664360451245695
2023-07-18,2023,7,Europe,Office Supplies,Storage,Consumer,3,0.4,157.54,-34.46,-0.21873809826075918
2024-04-20,2024,4,North America,Technology,Copiers,Consumer,3,0.15,1063.62,153.97,0.14476034674037722
2023-01-16,2023,1,North America,Office Supplies,Binders,Corporate,3,0.0,197.54,12.07,0.06110154905335628
2021-03-02,2021,3,North America,Furniture,Chairs,Home Office,3,0.0,759.91,87.0,0.11448724191022622
2021-06-17,2021,6,Europe,Technology,Accessories,Consumer,6,0.0,3075.84,857.1,0.27865558676654184
2023-06-29,2023,6,Europe,Office Supplies,Storage,Home Office,1,0.1,64.31,8.32,0.12937334784636914
2021-01-15,2021,1,Europe,Office Supplies,Storage,Consumer,4,0.0,274.0,42.48,0.15503649635036496
2022-11-16,2022,11,Europe,Technology,Accessories,Consumer,1,0.1,501.97,109.24,0.2176225670856824
2022-05-11,2022,5,North America,Technology,Copiers,Consumer,6,0.2,3479.58,341.9,0.09825898527983262
2024-11-09,2024,11,Europe,Technology,Laptops,Consumer,2,0.0,944.14,295.81,0.31331158514627067
2022-07-29,2022,7,Asia Pacific,Office Supplies,Paper,Corporate,4,0.1,144.86,14.78,0.10202954576832803
2021-05-30,2021,5,Asia Pacific,Technology,Phones,Corporate,1,0.2,326.8,24.03,0.073531211750306
2024-05-27,2024,5,Asia Pacific,Office Supplies,Storage,Consumer,6,0.0,277.58,48.71,0.1754809424310109
2024-11-17,2024,11,North America,Furniture,Bookcases,Corporate,5,0.4,2687.62,-592.28,-0.2203734158846861
2022-01-03,2022,1,Latin America,Technology,Laptops,Consumer,6,0.1,2628.77,573.8,0.21827698885790692
2024-06-30,2024,6,Asia Pacific,Office Supplies,Storage,Corporate,4,0.0,439.32,61.9,0.14089957206592005
2022-07-28,2022,7,North America,Technology,Accessories,Corporate,2,0.2,606.1,45.42,0.07493812902161359
2021-10-23,2021,10,North America,Furniture,Tables,Consumer,4,0.1,1026.1,-111.23,-0.10840074066855084
2021-03-21,2021,3,North America,Furniture,Furnishings,Corporate,2,0.0,537.01,37.45,0.06973799370589003
2023-05-20,2023,5,North America,Technology,Accessories,Corporate,1,0.0,323.19,93.96,0.2907268170426065
2023-06-05,2023,6,Latin America,Office Supplies,Paper,Consumer,1,0.3,62.99,-6.7,-0.10636608985553263
2022-01-31,2022,1,Asia Pacific,Furniture,Chairs,Consumer,6,0.0,2337.68,355.23,0.15195835187023032
2024-04-03,2024,4,Asia Pacific,Furniture,Tables,Consumer,2,0.15,602.71,-18.41,-0.030545370078478868
2022-07-31,2022,7,Europe,Office Supplies,Art,Home Office,5,0.0,584.11,108.4,0.1855814829398572
2022-03-17,2022,3,Asia Pacific,Technology,Phones,Consumer,3,0.1,1234.64,261.22,0.2115758439707121
2024-04-27,2024,4,Middle East & Africa,Furniture,Bookcases,Consumer,2,0.1,688.79,-26.23,-0.03808127295692446
2024-09-20,2024,9,North America,Technology,Phones,Home Office,3,0.1,3533.16,663.15,0.18769316985361545
2023-10-29,2023,10,Asia Pacific,Furniture,Chairs,Consumer,3,0.0,1017.57,150.95,0.14834360289709797
2022-05-13,2022,5,Latin America,Technology,Accessories,Home Office,3,0.15,1856.57,298.76,0.16092040698707832
2022-02-28,2022,2,Europe,Furniture,Furnishings,Consumer,2,0.15,395.18,11.89,0.030087555038210437
2022-08-22,2022,8,Europe,Office Supplies,Binders,Consumer,4,0.15,233.28,21.89,0.09383573388203018
2021-09-08,2021,9,Europe,Furniture,Furnishings,Home Office,3,0.4,1129.43,-279.07,-0.24708923970498392
2021-04-05,2021,4,Europe,Office Supplies,Art,Corporate,2,0.1,78.71,8.76,0.11129462584169737
2022-04-25,2022,4,Asia Pacific,Office Supplies,Binders,Consumer,3,0.15,311.32,7.62,0.024476422973146603
2022-09-03,2022,9,Europe,Technology,Phones,Home Office,4,0.2,2086.34,292.22,0.1400634604139306
2022-09-26,2022,9,Asia Pacific,Technology,Phones,Consumer,2,0.4,1191.03,-32.23,-0.027060611403575054
2024-01-29,2024,1,North America,Furniture,Tables,Consumer,4,0.15,1030.06,-28.09,-0.027270256101586315
2022-04-26,2022,4,Asia Pacific,Office Supplies,Storage,Corporate,5,0.15,605.12,10.7,0.01768244315177155
2023-11-20,2023,11,Europe,Office Supplies,Art,Consumer,2,0.3,203.31,-9.53,-0.046874231469184985
2021-03-22,2021,3,North America,Furniture,Bookcases,Consumer,3,0.15,648.02,4.45,0.006867072003950495
2022-01-28,2022,1,North America,Technology,Accessories,Corporate,4,0.2,1550.36,134.46,0.086728243762739
2021-09-27,2021,9,Latin America,Technology,Phones,Corporate,5,0.4,1503.07,-143.18,-0.09525837120027678
2022-03-20,2022,3,Middle East & Africa,Furniture,Bookcases,Home Office,3,0.0,795.32,27.02,0.033973746416536735
2024-03-13,2024,3,Asia Pacific,Furniture,Furnishings,Home Office,5,0.2,1338.27,-101.9,-0.07614308024539145
2021-01-22,2021,1,North America,Technology,Copiers,Corporate,2,0.0,829.89,215.42,0.2595765703888467
2021-10-05,2021,10,Asia Pacific,Office Supplies,Art,Home Office,4,0.15,225.27,-6.4,-0.028410352022018023
2023-12-11,2023,12,Middle East & Africa,Office Supplies,Paper,Consumer,1,0.15,85.65,-0.69,-0.008056042031523642
2023-02-25,2023,2,Latin America,Furniture,Chairs,Home Office,3,0.0,677.48,86.92,0.12829899037609965
2021-05-05,2021,5,Europe,Technology,Copiers,Consumer,1,0.1,662.13,124.75,0.18840711038617794
2021-10-28,2021,10,Europe,Office Supplies,Paper,Consumer,2,0.0,91.33,13.03,0.14266944049052885
2023-01-03,2023,1,Middle East & Africa,Technology,Laptops,Home Office,3,0.2,1234.15,-11.1,-0.008994044484057852
2024-01-09,2024,1,Europe,Furniture,Chairs,Corporate,4,0.0,1944.95,225.64,0.11601326512249671
2021-04-25,2021,4,North America,Technology,Phones,Corporate,3,0.15,1460.38,189.97,0.13008258124597707
2024-07-24,2024,7,Middle East & Africa,Technology,Phones,Consumer,3,0.4,1400.73,-153.7,-0.1097284987113862
2021-03-25,2021,3,North America,Technology,Copiers,Consumer,2,0.0,595.3,244.81,0.41123803124475056
2021-04-14,2021,4,Europe,Office Supplies,Storage,Corporate,5,0.3,232.52,15.63,0.06722002408394977
2024-03-04,2024,3,North America,Furniture,Tables,Corporate,4,0.15,885.06,25.08,0.028337061894108874
2024-04-01,2024,4,Asia Pacific,Office Supplies,Paper,Consumer,3,0.15,326.83,58.13,0.17786004956705323
2022-12-16,2022,12,Asia Pacific,Office Supplies,Storage,Consumer,2,0.0,346.91,72.03,0.20763310368683519
2024-08-14,2024,8,North America,Technology,Laptops,Corporate,2,0.0,2345.27,808.98,0.3449410942023733
2024-02-26,2024,2,North America,Office Supplies,Art,Consumer,4,0.0,234.6,44.14,0.18815004262574594
2021-05-29,2021,5,Europe,Furniture,Bookcases,Corporate,2,0.15,720.09,-31.49,-0.04373064478051354
2023-03-28,2023,3,Europe,Office Supplies,Art,Home Office,3,0.15,225.62,21.11,0.09356440031912064
2023-08-28,2023,8,Latin America,Office Supplies,Art,Corporate,2,0.2,243.78,-13.46,-0.055213717286077615
2021-07-23,2021,7,North America,Furniture,Furnishings,Corporate,1,0.2,366.48,-13.53,-0.03691879502292075
2022-03-09,2022,3,Europe,Technology,Phones,Consumer,5,0.0,2044.83,486.07,0.2377068020324428
2023-01-18,2023,1,North America,Technology,Accessories,Consumer,2,0.0,842.98,267.18,0.3169470212816437
2022-06-16,2022,6,North America,Technology,Laptops,Corporate,5,0.0,3282.68,806.94,0.24581744184629634
2024-06-07,2024,6,Europe,Office Supplies,Paper,Corporate,4,0.4,392.92,-74.19,-0.18881706199735313
2023-11-15,2023,11,North America,Furniture,Tables,Corporate,4,0.5,1131.39,-343.38,-0.30350277092779676
2024-10-05,2024,10,Middle East & Africa,Furniture,Tables,Consumer,3,0.1,1609.74,-212.33,-0.13190328872985702
2024-10-31,2024,10,Europe,Technology,Phones,Consumer,5,0.1,2228.84,300.84,0.13497604134886307
2024-07-28,2024,7,Asia Pacific,Technology,Copiers,Corporate,3,0.0,1886.23,532.71,0.28242048954793425
2021-10-01,2021,10,Middle East & Africa,Office Supplies,Binders,Consumer,1,0.0,44.68,10.74,0.2403760071620412
2021-09-15,2021,9,Europe,Office Supplies,Art,Home Office,5,0.15,431.52,35.57,0.08242955135335558
2021-04-13,2021,4,Europe,Technology,Copiers,Corporate,2,0.1,891.54,252.79,0.2835430827556812
2024-09-27,2024,9,Latin America,Technology,Accessories,Corporate,4,0.1,1570.95,304.27,0.19368534962920525
2024-05-31,2024,5,Latin America,Office Supplies,Binders,Corporate,5,0.0,438.89,103.16,0.23504750620884504
2021-04-08,2021,4,Europe,Technology,Accessories,Consumer,7,0.1,3753.29,507.29,0.13515875405311076
2023-12-16,2023,12,North America,Technology,Laptops,Home Office,4,0.0,1970.35,585.14,0.2969726190778288
2022-10-24,2022,10,North America,Technology,Phones,Corporate,4,0.15,2527.01,390.79,0.15464521311747875
2021-02-16,2021,2,North America,Office Supplies,Binders,Corporate,2,0.15,130.47,11.4,0.08737640836974017
2022-06-03,2022,6,Europe,Furniture,Furnishings,Consumer,3,0.5,833.81,-257.37,-0.3086674422230484
2024-01-10,2024,1,North America,Technology,Laptops,Consumer,1,0.15,621.94,87.99,0.14147666977521944
2024-07-21,2024,7,Latin America,Office Supplies,Storage,Consumer,4,0.15,372.06,35.1,0.09433962264150944
2023-12-18,2023,12,Europe,Office Supplies,Art,Home Office,7,0.15,789.98,29.43,0.03725410769892908
2023-03-04,2023,3,North America,Furniture,Bookcases,Consumer,4,0.0,1065.18,84.66,0.07947952458739367
2024-12-22,2024,12,North America,Technology,Phones,Consumer,5,0.0,3601.76,931.08,0.25850695215672337
2021-11-26,2021,11,Asia Pacific,Technology,Phones,Corporate,3,0.0,1787.88,599.92,0.3355482470859341
2021-09-12,2021,9,North America,Office Supplies,Storage,Consumer,2,0.1,117.67,4.78,0.04062207869465454
2021-04-13,2021,4,Europe,Office Supplies,Art,Consumer,4,0.2,253.29,19.0,0.07501283114216906
2023-06-20,2023,6,Latin America,Technology,Laptops,Corporate,1,0.2,634.08,43.07,0.06792518294221549
2021-05-18,2021,5,Asia Pacific,Technology,Laptops,Home Office,6,0.15,3095.99,772.18,0.24941295030022706
2023-03-06,2023,3,North America,Furniture,Bookcases,Consumer,4,0.4,1177.91,-361.42,-0.3068315915477413
2021-05-01,2021,5,Europe,Office Supplies,Storage,Corporate,5,0.15,337.17,4.02,0.01192276892962007
2024-08-16,2024,8,Asia Pacific,Technology,Phones,Corporate,6,0.0,3631.71,606.91,0.16711411428775974
2022-06-07,2022,6,North America,Office Supplies,Art,Consumer,2,0.0,134.07,30.79,0.2296561497725069
2023-07-26,2023,7,North America,Technology,Phones,Home Office,6,0.4,4112.21,-713.68,-0.1735514480048441
2024-10-02,2024,10,Europe,Furniture,Bookcases,Corporate,3,0.15,920.68,-27.06,-0.029391319459529913
2022-05-21,2022,5,Asia Pacific,Office Supplies,Art,Consumer,1,0.0,80.71,20.29,0.2513938793210259
2024-06-10,2024,6,Latin America,Technology,Accessories,Corporate,3,0.3,1237.88,-78.4,-0.06333408731056323
2023-08-21,2023,8,Europe,Office Supplies,Paper,Consumer,4,0.0,247.25,59.29,0.23979777553083922
2021-08-14,2021,8,Europe,Office Supplies,Art,Consumer,2,0.15,93.14,1.37,0.01470904015460597
2021-02-01,2021,2,Europe,Office Supplies,Binders,Corporate,2,0.1,116.17,14.14,0.12171817164500301
2021-01-20,2021,1,North America,Office Supplies,Storage,Corporate,1,0.0,30.94,6.2,0.20038784744667099
2023-04-11,2023,4,Europe,Technology,Laptops,Consumer,2,0.0,837.11,226.15,0.270155654573473
2024-08-18,2024,8,Asia Pacific,Office Supplies,Art,Consumer,1,0.0,118.99,31.38,0.26371964030590805
2024-09-28,2024,9,Europe,Furniture,Chairs,Home Office,4,0.0,2415.18,302.16,0.12510868755123844
2021-08-16,2021,8,North America,Technology,Copiers,Home Office,2,0.0,569.97,120.21,0.21090583714932362
2023-05-09,2023,5,Europe,Office Supplies,Binders,Home Office,3,0.0,384.15,70.61,0.1838084081738904
2021-12-21,2021,12,Asia Pacific,Technology,Laptops,Corporate,3,0.0,1614.14,382.68,0.2370798072038361
2024-03-17,2024,3,Asia Pacific,Office Supplies,Binders,Corporate,3,0.2,116.74,-0.52,-0.0044543429844098
2024-03-06,2024,3,Middle East & Africa,Technology,Accessories,Consumer,4,0.2,3218.45,274.4,0.08525843185384269
2024-04-28,2024,4,Europe,Office Supplies,Storage,Consumer,2,0.1,118.42,16.78,0.14169903732477623
2021-12-22,2021,12,Asia Pacific,Technology,Accessories,Corporate,6,0.3,3142.96,-34.44,-0.010957823198513503
2023-01-12,2023,1,North America,Office Supplies,Art,Corporate,2,0.1,93.05,13.47,0.1447608812466416
2023-07-17,2023,7,Asia Pacific,Office Supplies,Art,Corporate,2,0.4,147.31,-16.28,-0.11051523997013102
2021-06-27,2021,6,North America,Furniture,Furnishings,Corporate,1,0.1,498.12,13.05,0.026198506384003856
2024-09-04,2024,9,Asia Pacific,Technology,Accessories,Consumer,1,0.3,684.05,-51.35,-0.07506761201666545
2024-08-14,2024,8,Asia Pacific,Technology,Laptops,Consumer,2,0.1,1585.28,233.04,0.1470024222850222
2023-09-13,2023,9,North America,Technology,Phones,Consumer,6,0.1,3200.68,715.08,0.2234150243073347
2022-01-12,2022,1,North America,Office Supplies,Storage,Consumer,3,0.0,190.24,10.31,0.05419470142977292
2024-06-26,2024,6,Asia Pacific,Technology,Copiers,Home Office,2,0.0,3045.18,856.25,0.2811820647712122
2022-04-28,2022,4,Latin America,Office Supplies,Storage,Consumer,4,0.3,176.82,-6.14,-0.03472457866757154
2022-04-09,2022,4,North America,Technology,Phones,Home Office,5,0.0,2222.79,667.71,0.3003927496524638
2023-05-23,2023,5,Europe,Office Supplies,Storage,Consumer,3,0.0,225.65,44.35,0.19654331929980057
2021-08-06,2021,8,North America,Office Supplies,Binders,Consumer,7,0.2,343.89,-9.86,-0.0286719590566751
2021-12-26,2021,12,Europe,Furniture,Tables,Corporate,1,0.0,494.59,48.71,0.09848561434723711
2021-06-03,2021,6,Latin America,Furniture,Tables,Corporate,2,0.3,778.53,-85.65,-0.110015028322608
2024-12-17,2024,12,Asia Pacific,Technology,Laptops,Corporate,4,0.0,2581.96,905.1,0.35054764597437604
2021-08-07,2021,8,Asia Pacific,Office Supplies,Art,Corporate,4,0.3,166.97,-17.91,-0.10726477810385099
2021-08-24,2021,8,Middle East & Africa,Technology,Phones,Consumer,1,0.3,278.77,8.48,0.030419342109983143
2024-08-04,2024,8,Middle East & Africa,Technology,Copiers,Home Office,3,0.0,2898.96,817.86,0.2821218643927477
2021-03-05,2021,3,Middle East & Africa,Office Supplies,Art,Consumer,1,0.2,85.66,2.35,0.02743404155965445
2023-09-16,2023,9,Middle East & Africa,Technology,Laptops,Corporate,1,0.15,713.24,29.64,0.041556839212607256
2023-08-28,2023,8,Asia Pacific,Office Supplies,Storage,Consumer,1,0.0,62.43,20.61,0.33012974531475253
2021-09-22,2021,9,Europe,Technology,Accessories,Consumer,6,0.0,3230.84,928.71,0.2874515605848634
2022-04-01,2022,4,Middle East & Africa,Office Supplies,Binders,Consumer,4,0.2,265.6,25.97,0.09777861445783131
2023-11-29,2023,11,Asia Pacific,Office Supplies,Binders,Corporate,3,0.15,232.79,13.5,0.05799218179475064
2021-06-03,2021,6,Latin America,Technology,Laptops,Consumer,8,0.15,5183.81,920.0,0.17747564050379933
2023-09-22,2023,9,Latin America,Furniture,Chairs,Consumer,5,0.1,1550.71,-12.66,-0.008164002295722604
2023-11-01,2023,11,North America,Office Supplies,Storage,Consumer,4,0.1,440.07,70.14,0.15938373440589
2023-12-17,2023,12,Asia Pacific,Furniture,Tables,Consumer,6,0.4,1885.3,-371.05,-0.19681217843314064
2023-11-22,2023,11,North America,Furniture,Chairs,Consumer,2,0.2,415.48,-12.11,-0.029147010686434965
2023-09-18,2023,9,Asia Pacific,Office Supplies,Paper,Corporate,6,0.4,323.67,-49.26,-0.15219204745574194
2022-05-18,2022,5,Europe,Office Supplies,Binders,Corporate,1,0.15,81.63,2.3,0.02817591571726081
2022-05-28,2022,5,Latin America,Office Supplies,Storage,Consumer,5,0.3,381.16,2.98,0.007818239059712457
2022-02-27,2022,2,North America,Furniture,Chairs,Home Office,2,0.15,262.62,-10.11,-0.03849668722869545
2023-01-08,2023,1,Asia Pacific,Technology,Phones,Corporate,5,0.1,1105.34,132.59,0.11995404129046268
2022-12-22,2022,12,Middle East & Africa,Office Supplies,Paper,Consumer,3,0.0,275.06,54.12,0.19675707118446883
2024-12-03,2024,12,Latin America,Technology,Copiers,Home Office,6,0.1,6208.32,1246.33,0.2007515720839132
2023-01-18,2023,1,North America,Technology,Phones,Consumer,6,0.15,3849.7,941.86,0.2446580253006728
2023-04-08,2023,4,Europe,Technology,Accessories,Consumer,3,0.2,1271.19,72.12,0.0567342411441248
2023-05-06,2023,5,North America,Furniture,Bookcases,Consumer,7,0.2,2229.66,-192.47,-0.0863225783303284
2021-04-30,2021,4,Europe,Technology,Accessories,Corporate,3,0.0,1388.22,560.95,0.4040786042558096
2023-12-15,2023,12,North America,Office Supplies,Binders,Consumer,1,0.0,112.95,22.71,0.20106241699867197
2023-12-20,2023,12,North America,Office Supplies,Paper,Home Office,4,0.15,490.88,-5.71,-0.01163217079530639
2024-12-24,2024,12,Europe,Furniture,Tables,Consumer,1,0.4,1053.09,-244.96,-0.23261069804100318
2022-05-04,2022,5,Europe,Office Supplies,Art,Home Office,1,0.1,65.65,6.49,0.09885757806549886
2021-12-14,2021,12,Asia Pacific,Technology,Accessories,Consumer,1,0.15,823.58,114.92,0.13953714271837586
2024-08-05,2024,8,Latin America,Technology,Laptops,Consumer,4,0.1,1776.92,323.96,0.1823154672129302
2022-07-29,2022,7,Europe,Technology,Laptops,Corporate,1,0.15,249.7,41.29,0.16535843011613938
2022-07-06,2022,7,Middle East & Africa,Office Supplies,Binders,Corporate,1,0.5,38.5,-7.66,-0.19896103896103898
2021-01-09,2021,1,North America,Office Supplies,Binders,Consumer,6,0.4,301.57,-54.97,-0.18227940445004476
2023-07-03,2023,7,North America,Furniture,Chairs,Consumer,1,0.0,416.17,35.51,0.08532570824422711
2023-07-05,2023,7,North America,Technology,Accessories,Corporate,4,0.0,3981.59,1140.45,0.2864307977466289
2024-11-11,2024,11,North America,Office Supplies,Binders,Home Office,2,0.2,89.84,1.94,0.02159394479073909
2024-12-10,2024,12,Asia Pacific,Office Supplies,Binders,Consumer,1,0.0,131.83,19.58,0.1485246150345141
2024-05-26,2024,5,Latin America,Technology,Laptops,Consumer,4,0.1,6173.3,1619.59,0.262354008390974
2024-01-17,2024,1,Europe,Office Supplies,Binders,Corporate,6,0.0,330.63,79.66,0.2409339745334664
2021-11-15,2021,11,Latin America,Technology,Laptops,Corporate,3,0.2,2549.25,-69.08,-0.02709816612729234
2022-12-07,2022,12,North America,Technology,Copiers,Corporate,4,0.3,2499.58,-62.74,-0.025100216836428522
2023-05-05,2023,5,Asia Pacific,Technology,Copiers,Corporate,5,0.3,2681.81,43.49,0.016216659644046373
2021-08-08,2021,8,Asia Pacific,Office Supplies,Paper,Consumer,2,0.1,113.34,6.64,0.05858478913005117
2023-01-07,2023,1,Asia Pacific,Office Supplies,Art,Consumer,3,0.15,219.93,12.15,0.05524485063429273
2024-07-26,2024,7,Asia Pacific,Office Supplies,Art,Consumer,2,0.1,199.2,15.88,0.07971887550200804
2022-01-01,2022,1,Europe,Office Supplies,Art,Home Office,1,0.1,76.91,6.2,0.08061370432973607
2021-07-18,2021,7,Latin America,Furniture,Tables,Consumer,4,0.2,1545.0,-78.55,-0.05084142394822006
2024-05-24,2024,5,Asia Pacific,Technology,Phones,Corporate,2,0.0,667.5,261.45,0.39168539325842694
2022-03-31,2022,3,Europe,Office Supplies,Paper,Consumer,3,0.5,198.71,-35.02,-0.1762367268884304
2024-09-16,2024,9,North America,Office Supplies,Binders,Corporate,4,0.2,261.33,-15.43,-0.05904412046072016
2023-10-01,2023,10,Asia Pacific,Technology,Copiers,Home Office,1,0.15,365.82,38.66,0.1056803892624788
2023-10-29,2023,10,North America,Furniture,Furnishings,Consumer,1,0.0,399.8,39.31,0.09832416208104053
2021-09-13,2021,9,Latin America,Furniture,Furnishings,Corporate,7,0.1,1357.97,-10.47,-0.0077100377769759275
2022-02-11,2022,2,Asia Pacific,Technology,Copiers,Home Office,2,0.0,1067.52,310.8,0.29114208633093525
2023-12-29,2023,12,North America,Office Supplies,Paper,Corporate,5,0.2,615.82,6.14,0.009970445909519014
2023-07-21,2023,7,Middle East & Africa,Furniture,Chairs,Home Office,3,0.4,894.56,-271.74,-0.30376945090323737
2024-11-02,2024,11,Europe,Office Supplies,Paper,Corporate,1,0.0,93.72,15.51,0.16549295774647887
2024-11-06,2024,11,North America,Office Supplies,Paper,Corporate,2,0.2,249.22,17.38,0.06973758125351096
2023-01-23,2023,1,North America,Office Supplies,Paper,Consumer,1,0.2,25.15,-0.75,-0.029821073558648114
2023-02-28,2023,2,Asia Pacific,Office Supplies,Binders,Corporate,1,0.1,46.28,5.39,0.11646499567847882
2021-08-12,2021,8,North America,Furniture,Tables,Consumer,1,0.15,412.27,13.28,0.03221189996846727
2021-08-06,2021,8,Europe,Office Supplies,Paper,Consumer,1,0.15,44.57,1.58,0.035449854161992374
2023-11-19,2023,11,Latin America,Office Supplies,Paper,Consumer,6,0.0,518.33,106.61,0.20567977929118514
2024-06-11,2024,6,Asia Pacific,Office Supplies,Binders,Corporate,4,0.1,430.17,21.29,0.04949206127809935
2023-02-17,2023,2,Middle East & Africa,Office Supplies,Art,Consumer,3,0.0,140.84,17.33,0.12304742970746946
2021-01-31,2021,1,Asia Pacific,Furniture,Bookcases,Corporate,5,0.15,1366.31,30.36,0.02222043313742855
2023-02-19,2023,2,North America,Office Supplies,Storage,Consumer,2,0.15,129.16,5.27,0.04080210591514401
2023-05-13,2023,5,North America,Office Supplies,Binders,Consumer,1,0.2,88.05,-1.37,-0.015559341283361727
2022-11-28,2022,11,Asia Pacific,Office Supplies,Storage,Consumer,5,0.5,378.83,-84.45,-0.2229232109389436
2021-12-22,2021,12,Asia Pacific,Technology,Accessories,Home Office,4,0.3,3266.43,-319.31,-0.09775504143667552
2024-01-10,2024,1,Europe,Office Supplies,Paper,Consumer,3,0.2,295.95,-5.0,-0.0168947457340767
2023-01-08,2023,1,North America,Office Supplies,Binders,Home Office,7,0.0,622.31,67.96,0.10920602272179461
2023-09-21,2023,9,North America,Technology,Copiers,Corporate,5,0.3,2238.4,113.57,0.050737133666904924
2024-09-17,2024,9,Asia Pacific,Office Supplies,Art,Consumer,4,0.15,189.13,18.84,0.09961402210120024
2024-12-26,2024,12,Asia Pacific,Technology,Laptops,Corporate,1,0.2,1143.7,-0.2,-0.0001748710326134476
2023-11-14,2023,11,Europe,Technology,Phones,Corporate,3,0.15,1671.45,340.83,0.20391277034909808
2024-07-20,2024,7,North America,Office Supplies,Paper,Consumer,1,0.4,60.78,-8.52,-0.140177690029615
2023-10-06,2023,10,Europe,Office Supplies,Storage,Consumer,3,0.0,82.16,9.42,0.11465433300876339
2022-01-31,2022,1,Europe,Office Supplies,Art,Consumer,6,0.0,450.46,77.89,0.17291213426275365
2024-12-04,2024,12,Latin America,Office Supplies,Art,Corporate,2,0.0,218.51,25.48,0.11660793556358977
2022-04-08,2022,4,Asia Pacific,Office Supplies,Paper,Consumer,5,0.15,243.92,18.08,0.07412266316825188
2022-07-06,2022,7,North America,Furniture,Furnishings,Corporate,1,0.0,348.83,74.01,0.212166384771952
2022-05-16,2022,5,Asia Pacific,Office Supplies,Art,Consumer,4,0.1,189.23,14.51,0.07667917349257518
2021-01-28,2021,1,Asia Pacific,Technology,Accessories,Corporate,4,0.3,1291.97,9.89,0.007654976508742463
2022-11-05,2022,11,Latin America,Technology,Accessories,Consumer,2,0.0,1346.92,320.92,0.23826210910818757
2021-10-18,2021,10,Europe,Office Supplies,Storage,Consumer,1,0.0,62.83,9.97,0.15868215820467932
2024-04-14,2024,4,Europe,Office Supplies,Art,Home Office,6,0.15,482.69,34.07,0.07058360438376599
2021-07-17,2021,7,Europe,Office Supplies,Binders,Consumer,3,0.5,200.91,-54.39,-0.2707182320441989
2024-12-22,2024,12,Latin America,Office Supplies,Binders,Consumer,4,0.1,312.56,48.87,0.15635398003583312
2023-12-14,2023,12,Europe,Technology,Accessories,Corporate,4,0.3,3538.11,-131.93,-0.03728826972592712
2021-06-13,2021,6,Asia Pacific,Furniture,Chairs,Corporate,4,0.0,1199.27,95.15,0.07933993179184004
2024-07-30,2024,7,Europe,Office Supplies,Storage,Consumer,3,0.0,118.11,31.96,0.2705952078570824
2021-06-17,2021,6,Europe,Technology,Phones,Home Office,6,0.1,3651.06,834.98,0.2286952282350879
2022-12-28,2022,12,Asia Pacific,Technology,Copiers,Consumer,5,0.15,5222.08,616.48,0.11805257675102641
2024-01-23,2024,1,Asia Pacific,Technology,Accessories,Consumer,6,0.4,4764.2,18.36,0.003853742496116872
2024-06-11,2024,6,Latin America,Furniture,Tables,Consumer,3,0.0,1417.82,71.78,0.05062701894457689
2023-10-30,2023,10,Europe,Office Supplies,Paper,Consumer,4,0.2,410.01,-22.0,-0.053657227872490915
2022-07-07,2022,7,Middle East & Africa,Technology,Laptops,Consumer,5,0.2,1456.7,-36.67,-0.025173336994576783
2022-07-01,2022,7,North America,Technology,Laptops,Home Office,3,0.0,1927.42,532.88,0.2764732128959957
2024-11-08,2024,11,North America,Technology,Phones,Home Office,3,0.15,2942.92,327.4,0.1112500509697851
2023-09-14,2023,9,Asia Pacific,Technology,Copiers,Corporate,5,0.15,1431.03,262.76,0.1836159968693878
2022-10-08,2022,10,North America,Office Supplies,Binders,Corporate,6,0.0,299.55,33.6,0.11216825237856785
2021-09-12,2021,9,North America,Office Supplies,Art,Consumer,4,0.1,152.76,10.38,0.06794972505891596
2022-01-24,2022,1,North America,Technology,Copiers,Consumer,4,0.5,2227.83,-515.79,-0.23152125611020588
2022-09-12,2022,9,Europe,Office Supplies,Storage,Home Office,5,0.0,525.25,62.0,0.11803902903379343
2023-10-26,2023,10,Asia Pacific,Office Supplies,Art,Corporate,4,0.5,167.37,-44.99,-0.2688056401983629
2021-02-17,2021,2,North America,Technology,Laptops,Consumer,1,0.15,427.81,41.52,0.09705242981697483
2024-12-25,2024,12,Latin America,Technology,Copiers,Consumer,1,0.0,1365.02,419.67,0.30744604474659715
2022-05-08,2022,5,North America,Technology,Phones,Corporate,1,0.15,266.35,52.53,0.19722170076966397
2024-08-19,2024,8,Asia Pacific,Technology,Laptops,Consumer,1,0.15,637.96,101.0,0.1583171358705875
2021-03-16,2021,3,Europe,Technology,Laptops,Corporate,1,0.15,367.28,62.61,0.17046939664561098
2022-07-29,2022,7,Europe,Office Supplies,Binders,Consumer,5,0.3,553.14,24.12,0.043605597136348845
2022-09-14,2022,9,Europe,Technology,Phones,Consumer,1,0.0,278.09,104.6,0.37613722176273867
2021-01-09,2021,1,Asia Pacific,Technology,Accessories,Corporate,3,0.5,1183.55,-193.68,-0.16364327658316083
2022-12-02,2022,12,Europe,Office Supplies,Binders,Corporate,5,0.3,706.08,-56.06,-0.07939610242465443
2022-03-23,2022,3,North America,Office Supplies,Storage,Consumer,5,0.15,264.94,21.51,0.08118819355325735
2021-07-28,2021,7,Asia Pacific,Office Supplies,Storage,Corporate,4,0.0,197.08,26.62,0.13507205195859548
2024-05-14,2024,5,Asia Pacific,Technology,Laptops,Consumer,4,0.0,1860.36,388.97,0.20908318820013333
2024-07-23,2024,7,Middle East & Africa,Technology,Copiers,Consumer,3,0.1,834.38,224.34,0.26887029890457587
2021-05-06,2021,5,North America,Furniture,Tables,Consumer,3,0.0,744.46,98.96,0.13292856567176206
2023-04-30,2023,4,North America,Office Supplies,Storage,Consumer,4,0.0,340.95,78.5,0.23023903798210882
2022-04-07,2022,4,North America,Furniture,Tables,Consumer,4,0.1,1717.99,72.68,0.04230525206782345
2021-05-18,2021,5,North America,Furniture,Chairs,Home Office,3,0.0,978.03,119.04,0.12171405785098617
2024-08-22,2024,8,Asia Pacific,Technology,Accessories,Consumer,3,0.3,1726.75,17.34,0.010041986390618214
2024-08-12,2024,8,Asia Pacific,Technology,Laptops,Corporate,2,0.0,1042.82,359.12,0.34437390920772526
2024-10-03,2024,10,Europe,Office Supplies,Storage,Consumer,4,0.15,195.1,16.74,0.08580215274218349
2022-09-25,2022,9,Europe,Office Supplies,Art,Corporate,5,0.15,241.7,14.24,0.058916011584609025
2024-01-02,2024,1,Europe,Furniture,Chairs,Corporate,1,0.0,206.63,12.51,0.06054299956443885
2021-11-12,2021,11,Asia Pacific,Furniture,Chairs,Consumer,4,0.1,1649.26,79.48,0.04819131004207948
2022-02-16,2022,2,North America,Technology,Laptops,Consumer,3,0.1,746.07,223.6,0.29970378114654117
2021-12-14,2021,12,Europe,Technology,Laptops,Consumer,1,0.15,750.63,145.72,0.19413026391164756
2022-12-22,2022,12,Europe,Office Supplies,Binders,Corporate,2,0.5,131.98,-32.77,-0.24829519624185487
2023-04-13,2023,4,Asia Pacific,Technology,Phones,Corporate,1,0.4,398.38,-53.65,-0.134670415181485
2022-02-10,2022,2,Europe,Technology,Phones,Home Office,6,0.1,2396.85,441.62,0.1842501616705259
2024-10-23,2024,10,Asia Pacific,Furniture,Tables,Consumer,6,0.5,1582.77,-633.07,-0.3999759914580135
2023-02-10,2023,2,Middle East & Africa,Technology,Phones,Consumer,1,0.15,516.1,50.14,0.0971517147839566
2024-10-21,2024,10,Asia Pacific,Technology,Copiers,Home Office,2,0.3,984.58,10.98,0.011151963273680147
2022-11-09,2022,11,Asia Pacific,Technology,Laptops,Consumer,2,0.3,1588.98,-20.43,-0.012857304686024997
2023-02-10,2023,2,Europe,Furniture,Furnishings,Corporate,7,0.15,1380.71,-6.53,-0.004729450789811039
2022-07-07,2022,7,North America,Office Supplies,Binders,Corporate,4,0.15,300.82,10.07,0.033475167874476436
2021-05-15,2021,5,North America,Office Supplies,Storage,Corporate,1,0.1,47.8,4.78,0.1
2023-09-29,2023,9,Asia Pacific,Office Supplies,Paper,Consumer,2,0.2,60.17,2.81,0.046701013794249624
2022-01-06,2022,1,North America,Furniture,Bookcases,Home Office,2,0.0,727.72,59.88,0.08228439509701534
2021-05-11,2021,5,Asia Pacific,Office Supplies,Paper,Consumer,2,0.0,169.09,42.38,0.25063575610621563
2021-04-03,2021,4,North America,Office Supplies,Art,Consumer,3,0.2,230.11,6.22,0.027030550606231798
2022-08-08,2022,8,North America,Office Supplies,Storage,Consumer,6,0.0,295.68,56.91,0.19247159090909088
2022-08-21,2022,8,Asia Pacific,Technology,Accessories,Consumer,7,0.15,4834.11,711.56,0.14719565752537694
2022-08-14,2022,8,Middle East & Africa,Furniture,Bookcases,Consumer,3,0.15,782.36,10.98,0.014034459839460096
2022-01-07,2022,1,North America,Technology,Laptops,Home Office,3,0.2,1876.58,313.19,0.16689403063018896
2023-12-30,2023,12,Asia Pacific,Furniture,Bookcases,Home Office,8,0.2,4005.2,-267.22,-0.06671826625386998
2023-01-15,2023,1,Latin America,Office Supplies,Art,Corporate,3,0.0,143.28,18.12,0.12646566164154105
2022-08-30,2022,8,North America,Furniture,Chairs,Consumer,5,0.0,1543.12,192.63,0.1248315101871533
2021-08-27,2021,8,North America,Office Supplies,Art,Consumer,2,0.2,141.62,5.57,0.03933060302217201
2021-09-24,2021,9,Europe,Technology,Laptops,Home Office,2,0.2,1176.26,67.8,0.05764031761685341
2021-03-08,2021,3,North America,Technology,Laptops,Home Office,1,0.0,334.43,81.9,0.2448942977603684
2021-07-23,2021,7,North America,Furniture,Bookcases,Consumer,2,0.0,1422.22,191.85,0.1348947420230344
2022-05-06,2022,5,North America,Furniture,Furnishings,Corporate,4,0.0,929.84,79.77,0.08578895293813989
2022-10-20,2022,10,Asia Pacific,Office Supplies,Binders,Home Office,1,0.0,57.3,9.33,0.16282722513089007
2024-03-28,2024,3,Europe,Technology,Copiers,Corporate,3,0.1,1027.26,143.56,0.13975040398730604
2021-05-31,2021,5,Europe,Office Supplies,Storage,Consumer,1,0.1,92.9,7.7,0.08288482238966631
2021-03-19,2021,3,North America,Technology,Accessories,Home Office,3,0.5,1378.91,-186.3,-0.13510671472394864
2023-09-25,2023,9,North America,Technology,Copiers,Home Office,2,0.1,1132.9,254.23,0.22440639067878893
2023-01-16,2023,1,Middle East & Africa,Office Supplies,Storage,Consumer,4,0.0,190.85,46.01,0.24107938171338747
2023-09-07,2023,9,North America,Technology,Laptops,Home Office,1,0.15,582.65,68.64,0.11780657341457136
2022-11-07,2022,11,Europe,Technology,Laptops,Corporate,6,0.1,3199.01,510.38,0.15954310864923835
2021-03-13,2021,3,Latin America,Technology,Laptops,Home Office,3,0.1,1582.08,317.48,0.20067253236245958
2023-12-23,2023,12,Latin America,Technology,Laptops,Consumer,6,0.2,7207.19,167.68,0.02326565554675262
2023-11-11,2023,11,Europe,Technology,Phones,Corporate,5,0.3,2879.15,89.56,0.03110640293142073
2024-05-03,2024,5,Europe,Technology,Laptops,Consumer,5,0.0,3855.64,866.18,0.2246527165399259
2021-03-13,2021,3,Europe,Office Supplies,Storage,Corporate,2,0.15,72.83,5.03,0.0690649457641082
2022-10-31,2022,10,Europe,Technology,Copiers,Consumer,2,0.2,807.68,58.78,0.0727763470681458
2023-10-29,2023,10,Asia Pacific,Office Supplies,Paper,Consumer,1,0.0,88.24,18.13,0.20546237533998188
2024-03-05,2024,3,North America,Technology,Accessories,Home Office,2,0.2,930.92,185.15,0.1988892708288575
2022-10-02,2022,10,Europe,Furniture,Furnishings,Consumer,4,0.15,546.89,-27.02,-0.04940664484631279
2023-08-27,2023,8,Asia Pacific,Furniture,Furnishings,Consumer,2,0.0,618.26,64.94,0.10503671594474816
2022-11-11,2022,11,Europe,Furniture,Furnishings,Corporate,7,0.0,2400.93,276.79,0.11528449392527064
2024-12-19,2024,12,Asia Pacific,Furniture,Furnishings,Consumer,7,0.2,3205.43,-336.44,-0.1049593970231763
2023-05-15,2023,5,North America,Technology,Laptops,Consumer,3,0.0,1865.83,612.42,0.3282292599004196
2024-07-12,2024,7,Asia Pacific,Furniture,Bookcases,Home Office,1,0.0,190.98,35.1,0.18378887841658814
2022-03-26,2022,3,Latin America,Technology,Accessories,Corporate,3,0.0,1072.19,319.14,0.29765246831251924
2022-12-22,2022,12,Europe,Technology,Accessories,Consumer,2,0.1,1183.51,303.2,0.25618710446046083
2024-01-29,2024,1,Middle East & Africa,Technology,Phones,Home Office,2,0.15,627.79,87.73,0.13974418197167846
2021-08-25,2021,8,Asia Pacific,Technology,Phones,Home Office,3,0.15,1041.06,64.85,0.06229227902330317
2021-11-09,2021,11,North America,Office Supplies,Paper,Corporate,3,0.5,582.67,-219.18,-0.37616489608183024
2022-10-17,2022,10,Asia Pacific,Furniture,Tables,Consumer,2,0.2,594.84,-50.0,-0.08405621679779436
2024-11-13,2024,11,North America,Furniture,Chairs,Consumer,3,0.1,818.87,-12.31,-0.01503291120690708
2022-12-27,2022,12,Asia Pacific,Office Supplies,Paper,Consumer,4,0.3,388.4,-27.28,-0.0702368692070031
2023-07-20,2023,7,Europe,Office Supplies,Art,Consumer,1,0.0,94.94,18.45,0.1943332631135454
2022-08-13,2022,8,Asia Pacific,Office Supplies,Storage,Consumer,3,0.3,460.69,-40.27,-0.08741235972128764
2021-05-28,2021,5,North America,Office Supplies,Paper,Consumer,3,0.0,256.18,47.36,0.18487001327191818
2022-07-11,2022,7,Asia Pacific,Office Supplies,Art,Corporate,3,0.4,168.18,-35.98,-0.2139374479724105
2022-10-11,2022,10,North America,Furniture,Bookcases,Consumer,1,0.0,664.22,96.29,0.14496702899641686
2021-11-28,2021,11,North America,Furniture,Chairs,Consumer,2,0.3,1297.17,-192.69,-0.1485464511205162
2021-10-30,2021,10,Asia Pacific,Technology,Laptops,Corporate,3,0.15,1505.41,234.21,0.15557887884363727
2024-04-09,2024,4,Europe,Technology,Copiers,Consumer,3,0.2,1896.13,64.65,0.03409576347613297
2021-07-31,2021,7,Latin America,Technology,Phones,Consumer,4,0.1,2285.52,418.82,0.18324932619272638
2023-04-24,2023,4,Europe,Office Supplies,Art,Home Office,2,0.1,142.08,14.41,0.10142173423423423
2024-01-19,2024,1,North America,Technology,Copiers,Consumer,1,0.1,951.38,184.42,0.19384473081208348
2021-12-26,2021,12,North America,Technology,Phones,Corporate,4,0.3,3874.6,56.43,0.014564084034480979
2021-08-08,2021,8,Latin America,Technology,Phones,Consumer,1,0.2,381.69,53.64,0.14053289318556944
2021-01-28,2021,1,North America,Office Supplies,Art,Corporate,6,0.3,351.07,-11.38,-0.03241518785427408
2021-07-23,2021,7,North America,Office Supplies,Art,Home Office,2,0.1,93.25,14.89,0.15967828418230565
2022-08-19,2022,8,Middle East & Africa,Technology,Laptops,Corporate,1,0.5,312.83,-20.19,-0.06453984592270563
2023-06-12,2023,6,North America,Office Supplies,Binders,Consumer,3,0.3,156.7,-14.1,-0.08998085513720486
2023-09-20,2023,9,Europe,Office Supplies,Art,Corporate,2,0.3,175.51,-8.83,-0.05031052361688793
2021-03-26,2021,3,Europe,Technology,Laptops,Consumer,4,0.15,1322.07,178.03,0.13466004069376056
2024-05-21,2024,5,Asia Pacific,Office Supplies,Storage,Home Office,4,0.3,225.49,-23.67,-0.10497139562730055
2022-01-31,2022,1,Middle East & Africa,Office Supplies,Binders,Consumer,3,0.2,102.26,-1.7,-0.016624291022882848
2023-12-12,2023,12,North America,Office Supplies,Art,Consumer,1,0.2,122.17,1.92,0.015715805844315298
2024-10-02,2024,10,North America,Office Supplies,Binders,Home Office,2,0.0,116.44,21.23,0.18232566128478186
2024-05-12,2024,5,North America,Office Supplies,Art,Home Office,3,0.1,185.33,20.45,0.11034371121782764
2022-12-13,2022,12,North America,Technology,Accessories,Corporate,5,0.15,6184.01,971.32,0.15706960370374562
2021-03-17,2021,3,Latin America,Office Supplies,Binders,Home Office,4,0.3,454.95,-26.11,-0.05739092207934938
2023-08-07,2023,8,North America,Office Supplies,Storage,Corporate,2,0.0,138.87,32.62,0.23489594584863538
2022-05-01,2022,5,North America,Technology,Laptops,Consumer,4,0.1,1057.33,225.99,0.21373648718943
2023-07-12,2023,7,Asia Pacific,Office Supplies,Art,Consumer,3,0.1,237.13,31.85,0.13431451102770633
2023-10-12,2023,10,North America,Office Supplies,Storage,Corporate,3,0.0,139.78,26.05,0.1863642867362999
2021-01-21,2021,1,Asia Pacific,Technology,Copiers,Corporate,2,0.15,922.92,162.58,0.17615828024097432
2023-08-14,2023,8,North America,Office Supplies,Paper,Consumer,4,0.1,231.68,10.0,0.043162983425414365
2023-10-19,2023,10,Europe,Office Supplies,Paper,Consumer,3,0.15,150.36,4.86,0.03232242617717478
2021-05-01,2021,5,Europe,Technology,Phones,Corporate,5,0.2,1884.63,268.33,0.14237807951693435
2024-10-26,2024,10,Middle East & Africa,Office Supplies,Paper,Corporate,2,0.1,115.52,18.51,0.16023199445983383
2023-04-18,2023,4,North America,Office Supplies,Storage,Corporate,3,0.15,245.55,14.68,0.05978415801262472
2022-08-19,2022,8,Europe,Technology,Phones,Consumer,5,0.0,2003.28,563.64,0.2813585719420151
2021-06-03,2021,6,Latin America,Technology,Phones,Consumer,4,0.15,3271.53,410.52,0.12548257237439361
2022-03-05,2022,3,North America,Office Supplies,Paper,Consumer,3,0.4,217.97,-50.95,-0.2337477634536863
2023-04-02,2023,4,North America,Furniture,Chairs,Home Office,3,0.3,819.14,-74.79,-0.09130307395561199
2021-07-25,2021,7,North America,Technology,Phones,Consumer,7,0.3,3894.52,-323.42,-0.08304489385084683
2021-08-03,2021,8,Latin America,Furniture,Tables,Corporate,3,0.2,1062.05,-80.0,-0.07532602043218305
2024-02-02,2024,2,North America,Technology,Laptops,Home Office,2,0.0,1322.89,273.79,0.20696354194226277
2021-06-08,2021,6,Europe,Office Supplies,Paper,Consumer,4,0.5,247.93,-77.4,-0.31218489089662405
2021-01-17,2021,1,North America,Office Supplies,Art,Consumer,1,0.15,45.79,6.56,0.14326272111814806
2024-01-24,2024,1,Asia Pacific,Technology,Laptops,Consumer,3,0.0,1215.8,322.45,0.26521631847343313
2022-09-23,2022,9,Latin America,Office Supplies,Binders,Corporate,3,0.0,249.51,55.3,0.22163440343072421
2022-04-16,2022,4,Europe,Technology,Accessories,Corporate,3,0.0,1009.5,346.71,0.34344725111441304
2024-05-30,2024,5,Middle East & Africa,Technology,Phones,Consumer,5,0.2,1940.44,221.7,0.11425243759147409
2022-01-26,2022,1,Middle East & Africa,Technology,Accessories,Home Office,1,0.3,301.61,3.68,0.012201186963296973
2024-09-04,2024,9,Middle East & Africa,Technology,Accessories,Corporate,2,0.2,1202.25,82.72,0.0688043252235392
2022-07-02,2022,7,Asia Pacific,Technology,Laptops,Consumer,2,0.3,598.77,-47.69,-0.07964660888154049
2021-11-30,2021,11,Asia Pacific,Technology,Copiers,Corporate,3,0.1,1066.55,219.08,0.2054099667151095
2024-06-23,2024,6,Asia Pacific,Office Supplies,Paper,Corporate,2,0.1,177.41,17.51,0.09869793134547096
2024-10-07,2024,10,North America,Office Supplies,Paper,Consumer,2,0.1,171.36,20.48,0.11951447245564892
2023-08-16,2023,8,Europe,Furniture,Chairs,Corporate,1,0.3,338.82,-75.48,-0.22277315388701968
2022-11-20,2022,11,Asia Pacific,Office Supplies,Storage,Consumer,5,0.15,288.05,19.18,0.06658566221142162
2021-06-27,2021,6,Europe,Office Supplies,Paper,Corporate,3,0.15,187.98,3.36,0.01787424194063198
2021-02-26,2021,2,Asia Pacific,Technology,Phones,Consumer,4,0.15,1585.18,321.83,0.20302426222889514
2024-10-17,2024,10,Latin America,Office Supplies,Art,Consumer,1,0.0,73.75,15.08,0.20447457627118645
2022-12-05,2022,12,Asia Pacific,Office Supplies,Art,Consumer,1,0.15,101.79,6.62,0.06503585813930642
2022-11-16,2022,11,Asia Pacific,Office Supplies,Storage,Consumer,2,0.3,150.35,-11.13,-0.07402726970402396
2022-09-19,2022,9,Asia Pacific,Office Supplies,Art,Consumer,3,0.1,169.87,18.99,0.11179136987107786
2023-05-30,2023,5,Asia Pacific,Office Supplies,Art,Home Office,4,0.0,225.27,34.93,0.15505837439517023
2022-11-29,2022,11,Europe,Office Supplies,Binders,Consumer,5,0.2,515.09,-2.1,-0.004076957424916034
2024-02-11,2024,2,Asia Pacific,Office Supplies,Paper,Consumer,6,0.0,568.26,140.35,0.2469820152746982
2021-01-25,2021,1,Asia Pacific,Office Supplies,Paper,Consumer,3,0.4,206.73,-29.45,-0.14245634402360569
2022-03-24,2022,3,North America,Office Supplies,Art,Consumer,3,0.2,215.57,0.51,0.002365820847056641
2021-05-21,2021,5,Europe,Technology,Accessories,Consumer,1,0.0,307.45,64.56,0.2099853634737356
2023-12-03,2023,12,Europe,Furniture,Furnishings,Corporate,3,0.15,1243.05,-188.52,-0.15165922529262701
2023-02-07,2023,2,Latin America,Technology,Copiers,Consumer,5,0.2,2154.54,68.3,0.03170050219536421
2024-05-08,2024,5,North America,Office Supplies,Paper,Consumer,3,0.15,342.66,48.48,0.14148135177727192
2022-03-25,2022,3,North America,Office Supplies,Storage,Home Office,4,0.15,139.87,11.38,0.08136126403088582
2022-07-17,2022,7,North America,Furniture,Chairs,Consumer,4,0.1,828.35,-2.81,-0.003392285869499608
2022-11-13,2022,11,Latin America,Technology,Phones,Consumer,4,0.15,3437.93,617.71,0.1796749788390107
2024-11-06,2024,11,Asia Pacific,Technology,Accessories,Consumer,3,0.15,2169.29,160.54,0.07400578069322221
2023-12-04,2023,12,Europe,Office Supplies,Paper,Home Office,7,0.1,605.7,39.63,0.0654284299157999
2023-07-20,2023,7,North America,Office Supplies,Art,Home Office,1,0.1,88.17,5.98,0.06782352274016105
2024-04-19,2024,4,Latin America,Technology,Copiers,Consumer,2,0.0,1057.52,310.06,0.2931954005598003
2023-05-15,2023,5,North America,Office Supplies,Binders,Corporate,5,0.15,359.73,40.39,0.11227865343452033
2021-05-20,2021,5,North America,Office Supplies,Storage,Corporate,2,0.1,222.96,29.3,0.13141370649443845
2023-08-04,2023,8,North America,Technology,Laptops,Corporate,3,0.0,2639.47,925.4,0.3506006887746404
2021-08-24,2021,8,Europe,Office Supplies,Binders,Corporate,6,0.15,442.29,28.48,0.06439214090302742
2024-06-26,2024,6,North America,Technology,Phones,Consumer,3,0.4,846.47,-16.96,-0.020036150129360757
2024-02-15,2024,2,North America,Technology,Laptops,Corporate,1,0.1,376.05,65.16,0.1732748304746709
2021-06-18,2021,6,Europe,Office Supplies,Art,Consumer,5,0.15,490.94,55.62,0.11329286674542713
2021-08-29,2021,8,Middle East & Africa,Furniture,Bookcases,Corporate,3,0.2,504.62,-16.28,-0.032261900043597164
2021-12-02,2021,12,Europe,Technology,Laptops,Corporate,2,0.0,2225.67,684.62,0.3076017558757588
2021-08-18,2021,8,North America,Technology,Copiers,Corporate,4,0.5,1034.62,-174.86,-0.16900891148440977
2023-12-23,2023,12,North America,Office Supplies,Storage,Consumer,3,0.1,334.83,22.34,0.0667204252904459
2021-11-26,2021,11,Asia Pacific,Technology,Copiers,Home Office,3,0.1,1647.1,376.68,0.22869285410721876
2021-01-27,2021,1,Asia Pacific,Furniture,Bookcases,Consumer,6,0.0,4794.78,729.18,0.15207788469961084
2021-01-01,2021,1,Latin America,Furniture,Tables,Corporate,2,0.2,564.61,-17.46,-0.03092400063760826
2022-03-27,2022,3,North America,Technology,Accessories,Home Office,2,0.1,713.07,140.31,0.1967689006689385
2023-11-17,2023,11,Asia Pacific,Office Supplies,Storage,Consumer,2,0.0,226.66,54.64,0.2410659137033442
2022-08-23,2022,8,Asia Pacific,Technology,Laptops,Consumer,4,0.15,1340.23,190.47,0.14211739776008595
2022-11-05,2022,11,North America,Technology,Copiers,Home Office,3,0.15,1710.0,312.25,0.18260233918128654
2022-07-11,2022,7,Middle East & Africa,Office Supplies,Binders,Consumer,4,0.5,247.4,-61.23,-0.24749393694421987
2021-08-21,2021,8,Latin America,Technology,Accessories,Consumer,2,0.15,1050.85,125.39,0.11932245325212924
2023-01-09,2023,1,Europe,Office Supplies,Paper,Corporate,3,0.1,217.93,25.85,0.11861606938007617
2022-01-05,2022,1,Europe,Furniture,Furnishings,Consumer,2,0.4,568.16,-154.22,-0.2714376232047311
2024-04-16,2024,4,North America,Furniture,Tables,Consumer,4,0.3,2424.94,-583.11,-0.24046368157562661
2023-03-14,2023,3,North America,Office Supplies,Binders,Consumer,3,0.3,232.43,-0.93,-0.0040012046637697375
2023-07-09,2023,7,Europe,Technology,Copiers,Consumer,2,0.3,1295.3,20.58,0.015888211225198796
2022-09-05,2022,9,North America,Office Supplies,Art,Consumer,2,0.1,103.03,19.27,0.18703290303795012
2021-06-27,2021,6,North America,Technology,Accessories,Consumer,6,0.15,3331.0,814.09,0.24439807865505855
2022-08-12,2022,8,Asia Pacific,Office Supplies,Art,Home Office,5,0.3,232.43,-17.9,-0.07701243385105191
2021-08-08,2021,8,Asia Pacific,Technology,Phones,Consumer,4,0.1,2681.68,637.33,0.2376607201455804
2022-03-08,2022,3,Latin America,Technology,Accessories,Corporate,2,0.15,554.36,39.48,0.07121725954253554
2021-01-20,2021,1,North America,Technology,Copiers,Consumer,5,0.5,2344.5,-611.76,-0.26093410108765197
2021-05-28,2021,5,Latin America,Technology,Accessories,Home Office,5,0.0,1672.0,630.28,0.3769617224880383
2022-08-23,2022,8,Asia Pacific,Office Supplies,Art,Consumer,2,0.15,195.88,2.48,0.012660812742495406
2024-04-02,2024,4,North America,Furniture,Bookcases,Corporate,2,0.2,1003.06,-82.2,-0.08194923533986004
2022-10-01,2022,10,North America,Technology,Laptops,Consumer,3,0.4,2872.54,-143.11,-0.049820019912690514
2024-01-16,2024,1,Asia Pacific,Office Supplies,Paper,Consumer,2,0.3,143.28,-5.58,-0.038944723618090454
2021-10-29,2021,10,Europe,Office Supplies,Storage,Consumer,1,0.15,30.96,3.0,0.09689922480620154
2024-06-30,2024,6,Europe,Technology,Accessories,Consumer,2,0.15,1582.83,311.79,0.19698261973806414
2024-02-28,2024,2,Europe,Office Supplies,Storage,Corporate,6,0.1,211.72,39.58,0.186945021726809
2024-05-27,2024,5,North America,Office Supplies,Paper,Corporate,6,0.0,410.97,35.02,0.08521303258145363
2024-10-13,2024,10,North America,Technology,Copiers,Consumer,3,0.15,1959.63,246.42,0.12574822798181287
2021-04-24,2021,4,Europe,Technology,Phones,Consumer,7,0.2,2278.16,403.43,0.177085893879271
2021-04-25,2021,4,North America,Office Supplies,Binders,Consumer,10,0.15,425.35,33.18,0.07800634771364758
2022-01-11,2022,1,Asia Pacific,Furniture,Chairs,Consumer,4,0.0,712.15,99.32,0.13946500035104964
2021-04-28,2021,4,Europe,Office Supplies,Paper,Corporate,5,0.1,353.05,20.13,0.057017419628947734
2024-09-17,2024,9,Asia Pacific,Office Supplies,Storage,Consumer,1,0.0,75.33,10.91,0.14482941723085094
2023-10-25,2023,10,Europe,Technology,Accessories,Consumer,3,0.2,1068.24,77.09,0.0721654309892908
2023-07-11,2023,7,Asia Pacific,Technology,Laptops,Consumer,3,0.1,2238.32,529.83,0.23670878158618963
2021-01-26,2021,1,Asia Pacific,Technology,Phones,Consumer,2,0.3,419.02,30.44,0.0726456971027636
2021-12-07,2021,12,North America,Office Supplies,Paper,Corporate,4,0.15,272.46,27.51,0.10096894957057918
2024-07-16,2024,7,Europe,Office Supplies,Art,Consumer,1,0.1,89.15,8.74,0.09803701626472237
2021-05-12,2021,5,North America,Technology,Phones,Corporate,1,0.1,230.26,44.83,0.19469295578910797
2021-03-17,2021,3,Latin America,Technology,Accessories,Consumer,4,0.3,917.02,62.4,0.06804649844060108
2022-02-15,2022,2,Europe,Office Supplies,Storage,Consumer,4,0.1,158.76,13.05,0.08219954648526077
2023-04-03,2023,4,North America,Furniture,Bookcases,Consumer,4,0.2,1178.9,46.77,0.039672576130290946
2024-03-22,2024,3,North America,Technology,Accessories,Consumer,2,0.0,1187.58,313.14,0.26367907846208255
2024-12-26,2024,12,Latin America,Technology,Laptops,Corporate,4,0.0,2686.16,702.8,0.26163743038389375
2023-02-13,2023,2,Asia Pacific,Technology,Accessories,Home Office,3,0.4,1586.27,-50.14,-0.0316087425217649
2022-11-29,2022,11,Asia Pacific,Office Supplies,Storage,Consumer,2,0.0,176.7,39.5,0.22354272778721
2024-01-11,2024,1,Asia Pacific,Furniture,Chairs,Consumer,5,0.15,2522.09,59.64,0.023647054625330576
2023-09-18,2023,9,Europe,Technology,Phones,Home Office,3,0.1,2267.21,298.73,0.13176106315691974
2022-05-12,2022,5,Latin America,Office Supplies,Binders,Corporate,1,0.1,42.95,6.0,0.13969732246798602
2022-09-17,2022,9,Europe,Office Supplies,Binders,Corporate,7,0.2,368.16,1.04,0.002824858757062147
2021-11-07,2021,11,Europe,Technology,Accessories,Home Office,3,0.0,675.39,205.78,0.3046832200654437
2022-03-22,2022,3,Latin America,Furniture,Chairs,Home Office,4,0.0,1205.29,165.08,0.1369628885994242
2024-07-30,2024,7,Middle East & Africa,Office Supplies,Paper,Consumer,4,0.15,261.66,27.12,0.10364595276312771
2021-01-02,2021,1,Europe,Office Supplies,Storage,Consumer,3,0.1,95.3,10.82,0.11353620146904513
2021-07-09,2021,7,Latin America,Office Supplies,Storage,Consumer,1,0.3,57.88,-2.45,-0.042328956461644786
2021-11-17,2021,11,Europe,Office Supplies,Binders,Home Office,3,0.0,179.91,20.94,0.11639152909788228
2024-02-21,2024,2,Asia Pacific,Office Supplies,Binders,Consumer,3,0.15,111.44,3.02,0.02709978463747308
2024-08-29,2024,8,Asia Pacific,Office Supplies,Art,Consumer,3,0.3,122.79,-10.52,-0.08567472921247658
2024-02-06,2024,2,Asia Pacific,Office Supplies,Storage,Consumer,1,0.3,50.82,-5.34,-0.1050767414403778
2023-07-13,2023,7,Latin America,Office Supplies,Binders,Consumer,3,0.0,475.19,55.65,0.11711105031671541
2024-10-14,2024,10,Latin America,Technology,Laptops,Consumer,2,0.0,1077.89,357.23,0.33141600719925035
2024-04-06,2024,4,North America,Technology,Phones,Consumer,1,0.15,665.66,78.27,0.11758254964997146
2024-10-19,2024,10,Asia Pacific,Office Supplies,Art,Home Office,4,0.0,362.36,74.9,0.20670051882106194
2023-09-04,2023,9,Asia Pacific,Office Supplies,Binders,Consumer,6,0.3,333.36,-10.63,-0.03188744900407967
2021-04-05,2021,4,Latin America,Office Supplies,Art,Corporate,4,0.5,128.26,-32.26,-0.25152034929050365
2021-03-01,2021,3,Latin America,Furniture,Tables,Home Office,1,0.1,305.54,9.19,0.03007789487464816
2023-05-08,2023,5,North America,Furniture,Tables,Consumer,3,0.2,2223.28,-49.32,-0.022183440682235253
2022-07-06,2022,7,Europe,Office Supplies,Storage,Consumer,1,0.0,65.98,11.42,0.1730827523491967
2022-08-26,2022,8,North America,Office Supplies,Paper,Consumer,3,0.2,115.35,3.12,0.027048114434330302
2022-11-23,2022,11,North America,Office Supplies,Storage,Corporate,1,0.15,110.43,-2.47,-0.02236711038667029
2021-09-27,2021,9,Latin America,Office Supplies,Art,Corporate,3,0.2,232.69,18.46,0.07933301817869269
2022-01-31,2022,1,Europe,Technology,Accessories,Consumer,4,0.0,1872.48,420.05,0.22432816371870462
2022-09-26,2022,9,Europe,Office Supplies,Art,Home Office,5,0.15,471.72,45.8,0.0970914949546341
2022-11-15,2022,11,Asia Pacific,Technology,Laptops,Home Office,2,0.0,1027.21,194.63,0.18947440153425296
2022-05-10,2022,5,Asia Pacific,Technology,Accessories,Consumer,7,0.0,3800.17,1120.27,0.2947947065526016
2023-04-21,2023,4,North America,Office Supplies,Art,Consumer,3,0.0,146.54,36.18,0.24689504572130477
2021-01-17,2021,1,Europe,Furniture,Tables,Corporate,2,0.2,788.49,-61.91,-0.07851716572182271
2021-03-08,2021,3,Europe,Technology,Copiers,Corporate,6,0.4,2437.79,-340.53,-0.13968799609482357
2022-10-20,2022,10,Europe,Office Supplies,Binders,Consumer,2,0.0,186.31,23.56,0.1264559068219634
2024-10-09,2024,10,Asia Pacific,Technology,Laptops,Consumer,3,0.1,1790.29,371.25,0.2073686386004502
2022-12-21,2022,12,Europe,Technology,Copiers,Consumer,3,0.15,2981.65,465.12,0.1559941643049989
2021-10-17,2021,10,Asia Pacific,Office Supplies,Paper,Consumer,2,0.3,109.37,-6.13,-0.05604827649263966
2021-05-25,2021,5,North America,Office Supplies,Paper,Corporate,4,0.2,98.31,-11.62,-0.1181975383989421
2021-08-04,2021,8,North America,Technology,Copiers,Home Office,1,0.2,565.97,65.11,0.11504143329151721
2022-09-20,2022,9,Asia Pacific,Technology,Copiers,Consumer,7,0.0,2226.18,614.02,0.275817768554205
2024-08-22,2024,8,North America,Office Supplies,Binders,Consumer,5,0.4,256.89,-55.04,-0.21425512865428784
2021-05-02,2021,5,Asia Pacific,Office Supplies,Binders,Corporate,2,0.0,115.11,15.82,0.13743375901311788
2023-08-08,2023,8,Europe,Furniture,Furnishings,Corporate,4,0.1,815.17,-18.41,-0.022584246230847555
2023-08-24,2023,8,Europe,Technology,Copiers,Consumer,5,0.1,3023.85,545.81,0.18050167832399092
2021-01-02,2021,1,Latin America,Office Supplies,Storage,Corporate,5,0.0,426.91,30.92,0.07242744372350143
2023-11-17,2023,11,North America,Office Supplies,Binders,Corporate,3,0.3,295.97,-22.42,-0.07575092070142243
2024-02-13,2024,2,Europe,Office Supplies,Storage,Consumer,4,0.0,339.53,51.4,0.1513857391099461
2021-06-29,2021,6,Europe,Office Supplies,Art,Home Office,1,0.0,61.76,20.97,0.3395401554404145
2021-06-20,2021,6,Latin America,Office Supplies,Storage,Consumer,5,0.1,283.87,40.57,0.14291753267340684
2021-02-27,2021,2,Latin America,Technology,Laptops,Consumer,4,0.0,1042.86,243.31,0.2333103196977543
2024-02-06,2024,2,Europe,Furniture,Furnishings,Consumer,5,0.0,1267.26,127.67,0.10074491422438964
2024-12-14,2024,12,Europe,Technology,Phones,Corporate,2,0.0,3568.62,948.23,0.26571335698393217
2022-02-28,2022,2,Europe,Furniture,Tables,Consumer,5,0.2,1525.26,-90.52,-0.05934725882800309
2023-08-14,2023,8,Europe,Technology,Copiers,Consumer,3,0.15,1167.31,192.17,0.16462636317687676
2021-06-09,2021,6,Latin America,Furniture,Bookcases,Home Office,4,0.3,1108.41,-123.89,-0.11177271948105845
2021-01-17,2021,1,Europe,Technology,Phones,Consumer,5,0.1,1607.75,337.59,0.20997667547815269
2023-08-13,2023,8,North America,Technology,Phones,Corporate,3,0.0,2144.38,698.52,0.3257445042389875
2024-09-05,2024,9,Asia Pacific,Furniture,Chairs,Consumer,4,0.15,1272.06,-95.93,-0.07541310944452306
2022-11-06,2022,11,North America,Office Supplies,Binders,Corporate,2,0.3,234.24,4.55,0.019424521857923496
2023-03-29,2023,3,North America,Furniture,Chairs,Consumer,1,0.15,249.66,-16.5,-0.06608988223984619
2023-04-19,2023,4,Europe,Technology,Phones,Corporate,3,0.0,1048.67,165.4,0.1577235927412818
2023-06-26,2023,6,Asia Pacific,Furniture,Chairs,Home Office,1,0.3,317.39,-58.32,-0.18374870033712468
2021-02-11,2021,2,Europe,Office Supplies,Paper,Consumer,1,0.1,48.91,4.74,0.0969126967900225
2024-02-12,2024,2,North America,Office Supplies,Paper,Home Office,5,0.0,418.58,111.65,0.26673515218118404
2023-12-01,2023,12,Latin America,Office Supplies,Storage,Corporate,3,0.15,255.28,2.45,0.009597304920087748
2023-11-15,2023,11,Asia Pacific,Office Supplies,Art,Consumer,7,0.2,414.96,16.13,0.03887121650279545
2021-12-02,2021,12,Europe,Office Supplies,Storage,Consumer,3,0.0,317.02,59.17,0.1866443757491641
2022-12-05,2022,12,Asia Pacific,Office Supplies,Art,Home Office,3,0.5,335.5,-100.74,-0.3002682563338301
2024-01-16,2024,1,North America,Furniture,Furnishings,Consumer,5,0.3,1067.15,-108.49,-0.101663308813194
2021-09-21,2021,9,Europe,Technology,Laptops,Consumer,4,0.5,2281.59,-190.59,-0.08353385139310743
2021-07-17,2021,7,Asia Pacific,Technology,Copiers,Consumer,3,0.3,1060.19,-73.26,-0.06910082155085409
2021-08-29,2021,8,Asia Pacific,Technology,Phones,Consumer,5,0.15,2060.39,365.12,0.17720916913788168
2021-04-13,2021,4,North America,Furniture,Tables,Corporate,4,0.15,1272.93,-21.34,-0.016764472516163496
2021-10-11,2021,10,North America,Office Supplies,Art,Consumer,1,0.0,67.18,6.85,0.10196487049717176
2023-04-17,2023,4,Middle East & Africa,Office Supplies,Storage,Consumer,2,0.0,122.87,18.83,0.15325140392284525
2024-11-13,2024,11,Latin America,Technology,Accessories,Consumer,1,0.1,1302.2,225.7,0.1733220703424973
2021-04-08,2021,4,Europe,Furniture,Bookcases,Corporate,3,0.3,497.13,-70.34,-0.14149216502725645
2021-12-04,2021,12,Asia Pacific,Office Supplies,Storage,Consumer,3,0.0,404.3,49.32,0.12198862231016572
2024-11-04,2024,11,Asia Pacific,Office Supplies,Paper,Home Office,2,0.0,72.98,13.71,0.1878596875856399
2021-04-08,2021,4,Europe,Technology,Phones,Home Office,3,0.1,659.6,88.27,0.1338235294117647
2024-04-11,2024,4,North America,Office Supplies,Storage,Corporate,2,0.0,204.43,27.97,0.13681944920021522
2024-05-29,2024,5,Latin America,Technology,Phones,Home Office,3,0.3,1540.38,147.71,0.09589192277230293
2024-08-19,2024,8,North America,Furniture,Tables,Corporate,4,0.1,817.53,91.76,0.11224052939953275
2024-05-27,2024,5,Asia Pacific,Office Supplies,Paper,Consumer,1,0.4,77.86,-14.4,-0.18494734138196764
2022-07-19,2022,7,Middle East & Africa,Office Supplies,Art,Consumer,5,0.2,299.39,14.13,0.04719596512909583
2022-01-08,2022,1,Latin America,Office Supplies,Binders,Consumer,2,0.15,172.23,-8.02,-0.04656563897114324
2022-07-24,2022,7,Latin America,Furniture,Chairs,Corporate,5,0.5,1338.35,-426.1,-0.31837710613815523
2021-04-17,2021,4,North America,Office Supplies,Binders,Corporate,3,0.1,211.75,32.86,0.15518299881936246
2021-08-22,2021,8,Europe,Office Supplies,Storage,Consumer,3,0.0,288.27,74.9,0.25982585770284805
2024-12-06,2024,12,Latin America,Office Supplies,Paper,Corporate,1,0.2,93.86,-2.58,-0.02748774770935436
2022-08-09,2022,8,North America,Furniture,Bookcases,Consumer,5,0.0,1221.99,157.83,0.12915817641715563
2021-08-07,2021,8,Europe,Office Supplies,Art,Home Office,2,0.0,108.43,9.99,0.09213317347597529
2023-12-20,2023,12,North America,Technology,Accessories,Home Office,2,0.5,2606.79,-221.22,-0.08486299241595986
2022-07-01,2022,7,North America,Technology,Laptops,Consumer,3,0.0,2515.19,764.52,0.3039611321609898
2021-08-08,2021,8,Asia Pacific,Furniture,Tables,Corporate,3,0.1,813.86,29.45,0.036185584744304916
2023-03-29,2023,3,Asia Pacific,Office Supplies,Binders,Consumer,3,0.15,198.05,24.86,0.1255238576117142
2022-06-09,2022,6,Asia Pacific,Office Supplies,Art,Corporate,1,0.1,64.29,7.04,0.10950381085705396
2022-04-22,2022,4,North America,Office Supplies,Art,Home Office,1,0.15,57.48,2.65,0.04610299234516354
2024-05-25,2024,5,Latin America,Furniture,Furnishings,Corporate,4,0.5,1141.61,-396.17,-0.3470274436979354
2021-03-18,2021,3,Europe,Office Supplies,Storage,Home Office,3,0.0,243.72,54.52,0.22369932709666832
2022-01-26,2022,1,Asia Pacific,Technology,Accessories,Home Office,3,0.5,1299.18,-233.03,-0.17936698532920764
2021-03-10,2021,3,North America,Office Supplies,Storage,Consumer,3,0.2,140.98,-8.96,-0.06355511420059584
2024-03-05,2024,3,Latin America,Technology,Phones,Consumer,1,0.2,546.57,57.35,0.10492709076605009
2024-09-20,2024,9,Latin America,Furniture,Tables,Consumer,5,0.2,1184.65,-146.52,-0.12368210019837082
2022-01-29,2022,1,Europe,Technology,Phones,Consumer,1,0.3,574.64,13.46,0.0234233607127941
2023-07-24,2023,7,Asia Pacific,Technology,Phones,Corporate,1,0.5,509.7,-70.17,-0.13766921718658034
2024-04-23,2024,4,Europe,Office Supplies,Storage,Corporate,3,0.1,257.9,20.36,0.07894532764637457
2024-03-20,2024,3,North America,Office Supplies,Binders,Corporate,6,0.0,847.08,145.68,0.1719790338574869
2024-03-07,2024,3,North America,Technology,Phones,Home Office,6,0.15,2341.62,436.89,0.18657596023265943
2021-08-28,2021,8,Europe,Furniture,Tables,Consumer,1,0.1,263.61,4.91,0.01862600053108759
2024-12-30,2024,12,Asia Pacific,Office Supplies,Binders,Consumer,3,0.1,223.52,27.03,0.12092877594846099
2022-09-16,2022,9,Europe,Office Supplies,Art,Home Office,5,0.0,350.84,25.56,0.07285372249458442
2021-01-25,2021,1,Latin America,Office Supplies,Binders,Consumer,6,0.0,539.44,111.95,0.20753003114340796
2021-01-06,2021,1,Europe,Office Supplies,Storage,Consumer,3,0.0,259.71,35.65,0.1372684917792923
2021-01-04,2021,1,Europe,Office Supplies,Paper,Consumer,3,0.1,125.15,12.84,0.10259688373951258
2023-11-19,2023,11,North America,Technology,Accessories,Corporate,4,0.15,5888.12,1182.91,0.20089773985584536
2022-12-27,2022,12,North America,Office Supplies,Storage,Consumer,1,0.15,73.44,3.42,0.04656862745098039
2021-07-13,2021,7,Europe,Technology,Copiers,Consumer,3,0.0,1247.79,374.27,0.2999463050673591
2021-04-06,2021,4,Europe,Furniture,Bookcases,Corporate,4,0.15,996.98,-36.7,-0.03681116973259243
2024-05-06,2024,5,Middle East & Africa,Office Supplies,Binders,Corporate,3,0.2,205.95,15.51,0.07530954115076476
2023-05-03,2023,5,North America,Technology,Copiers,Consumer,5,0.1,4316.48,688.77,0.1595675179776114
2024-10-10,2024,10,Latin America,Office Supplies,Storage,Consumer,4,0.15,722.98,20.5,0.02835486458823204
2022-09-04,2022,9,Latin America,Office Supplies,Paper,Corporate,6,0.15,231.52,9.94,0.042933655839668274
2023-08-21,2023,8,Europe,Office Supplies,Art,Consumer,2,0.1,147.6,29.02,0.19661246612466124
2021-05-02,2021,5,Europe,Furniture,Furnishings,Corporate,5,0.1,1015.78,4.78,0.004705743369627282
2023-07-23,2023,7,North America,Office Supplies,Art,Consumer,4,0.3,399.32,-28.66,-0.0717720124211159
2022-10-08,2022,10,North America,Office Supplies,Art,Corporate,3,0.1,196.16,22.66,0.11551794453507341
2021-10-26,2021,10,Europe,Office Supplies,Storage,Consumer,4,0.2,183.8,-6.32,-0.03438520130576714
2024-10-23,2024,10,Asia Pacific,Office Supplies,Art,Corporate,3,0.2,247.34,0.56,0.0022640899167138354
2024-08-19,2024,8,Europe,Office Supplies,Art,Consumer,1,0.1,39.07,1.49,0.03813667775787049
2024-04-27,2024,4,Asia Pacific,Technology,Accessories,Home Office,7,0.15,4000.72,459.03,0.11473684736747386
2024-04-01,2024,4,Latin America,Office Supplies,Storage,Consumer,2,0.1,233.67,32.13,0.1375016048273206
2022-12-22,2022,12,Latin America,Technology,Phones,Corporate,3,0.15,2127.4,205.97,0.09681771176083481
2022-06-25,2022,6,Latin America,Office Supplies,Paper,Consumer,2,0.1,101.51,11.9,0.11722982957344104
2024-07-04,2024,7,North America,Office Supplies,Binders,Consumer,3,0.0,264.48,56.65,0.21419388989715665
2021-01-04,2021,1,Asia Pacific,Furniture,Furnishings,Home Office,2,0.0,749.54,47.67,0.06359900739119995
2023-01-12,2023,1,North America,Office Supplies,Binders,Corporate,5,0.0,251.32,52.41,0.20853891453127485
2023-04-26,2023,4,Asia Pacific,Office Supplies,Storage,Corporate,6,0.15,468.19,13.65,0.029154830303936438
2022-05-15,2022,5,Europe,Office Supplies,Storage,Home Office,3,0.2,101.72,9.5,0.0933936295713724
2024-03-21,2024,3,Asia Pacific,Technology,Laptops,Corporate,6,0.4,2663.1,-48.74,-0.018301978896774436
2024-11-17,2024,11,Latin America,Technology,Laptops,Consumer,4,0.0,2675.89,661.7,0.2472822126470072
2021-03-11,2021,3,Asia Pacific,Furniture,Chairs,Corporate,1,0.3,257.25,-29.43,-0.11440233236151603
2023-05-27,2023,5,North America,Office Supplies,Paper,Corporate,1,0.2,56.52,0.02,0.00035385704175513094
2022-05-27,2022,5,Europe,Furniture,Chairs,Consumer,4,0.0,984.43,71.24,0.07236675030220534
2024-11-19,2024,11,Europe,Technology,Copiers,Consumer,2,0.15,2116.51,383.25,0.18107639463078368
2024-12-17,2024,12,Latin America,Office Supplies,Binders,Home Office,5,0.1,1011.83,100.05,0.09888024668175484
2023-02-12,2023,2,Europe,Office Supplies,Binders,Home Office,4,0.3,150.81,-13.6,-0.09017969630661096
2023-12-18,2023,12,North America,Technology,Phones,Consumer,2,0.2,1381.64,18.11,0.013107611244607856
2024-07-02,2024,7,Europe,Office Supplies,Paper,Corporate,3,0.0,163.46,26.37,0.16132387128349443
2022-05-06,2022,5,North America,Technology,Accessories,Corporate,2,0.4,985.2,-88.67,-0.09000203004466098
2022-09-09,2022,9,Asia Pacific,Technology,Phones,Corporate,3,0.1,1341.26,354.6,0.26437827117784773
2021-05-22,2021,5,North America,Technology,Accessories,Home Office,3,0.1,1559.62,335.51,0.21512291455610982
2023-01-09,2023,1,Asia Pacific,Technology,Copiers,Consumer,2,0.15,580.4,109.28,0.18828394210889043
2022-06-13,2022,6,Asia Pacific,Furniture,Tables,Corporate,3,0.15,1054.46,-77.87,-0.07384822563207709
2022-05-15,2022,5,North America,Furniture,Bookcases,Corporate,1,0.15,314.27,-32.4,-0.10309606389410379
2021-02-28,2021,2,Asia Pacific,Office Supplies,Paper,Home Office,2,0.0,52.54,7.7,0.1465550057099353
2024-05-04,2024,5,North America,Office Supplies,Binders,Home Office,7,0.0,701.28,123.34,0.1758783937942049
2022-09-16,2022,9,North America,Office Supplies,Paper,Corporate,5,0.0,403.83,50.4,0.12480499219968799
2024-01-09,2024,1,Middle East & Africa,Office Supplies,Storage,Corporate,2,0.5,170.17,-43.87,-0.25780102250690484
2024-09-10,2024,9,North America,Office Supplies,Paper,Corporate,1,0.0,44.23,7.96,0.17996834727560482
2023-11-01,2023,11,Europe,Technology,Accessories,Consumer,7,0.0,6213.86,1967.5,0.31663088643773757
2024-04-01,2024,4,North America,Technology,Copiers,Home Office,1,0.3,313.71,10.26,0.03270536482738835
2023-07-08,2023,7,North America,Office Supplies,Paper,Consumer,1,0.15,59.41,1.08,0.018178757784884703
2024-12-25,2024,12,Asia Pacific,Technology,Copiers,Consumer,2,0.0,1073.89,343.86,0.3202003929638976
2024-11-05,2024,11,Europe,Technology,Phones,Corporate,3,0.1,2294.13,327.13,0.14259436038934148
2024-10-17,2024,10,Middle East & Africa,Technology,Phones,Consumer,4,0.0,2373.21,714.66,0.3011364354608315
2021-02-20,2021,2,North America,Technology,Phones,Consumer,4,0.2,1518.18,-42.18,-0.02778326680630755
2023-04-30,2023,4,Asia Pacific,Furniture,Furnishings,Consumer,3,0.2,876.53,-0.57,-0.0006502914903083751
2024-10-23,2024,10,Asia Pacific,Technology,Copiers,Consumer,2,0.1,1310.03,220.18,0.16807248688961324
2023-07-19,2023,7,North America,Office Supplies,Paper,Corporate,3,0.4,325.32,-56.07,-0.17235337513832535
2024-12-13,2024,12,Europe,Furniture,Tables,Corporate,1,0.1,480.36,13.53,0.02816637521858606
2022-04-05,2022,4,Middle East & Africa,Office Supplies,Art,Consumer,1,0.1,43.56,6.08,0.13957759412304865
2023-02-19,2023,2,Asia Pacific,Technology,Accessories,Consumer,2,0.0,718.02,191.51,0.26671958998356593
2024-08-22,2024,8,North America,Technology,Phones,Corporate,6,0.0,3563.52,872.97,0.24497407058189655
2022-10-01,2022,10,Latin America,Office Supplies,Storage,Consumer,6,0.2,232.93,-3.14,-0.013480444768814666
2022-04-18,2022,4,Middle East & Africa,Office Supplies,Art,Home Office,1,0.0,35.33,6.11,0.17294084347579963
2024-01-13,2024,1,North America,Technology,Phones,Consumer,3,0.15,1613.95,240.23,0.1488459989466836
2022-01-01,2022,1,North America,Technology,Copiers,Consumer,3,0.5,1842.13,-292.24,-0.15864244108721967
2023-10-19,2023,10,North America,Furniture,Furnishings,Corporate,3,0.15,436.65,-40.59,-0.09295774647887325
2023-06-17,2023,6,Europe,Furniture,Bookcases,Consumer,3,0.1,784.68,22.54,0.028725085385125148
2021-03-13,2021,3,Asia Pacific,Office Supplies,Binders,Consumer,1,0.1,89.86,9.36,0.10416202982417093
2022-05-21,2022,5,North America,Office Supplies,Art,Corporate,2,0.3,131.66,-9.73,-0.07390247607473796
2024-01-03,2024,1,Latin America,Office Supplies,Paper,Consumer,2,0.2,106.16,-9.94,-0.09363225320271289
2023-07-26,2023,7,Asia Pacific,Furniture,Furnishings,Home Office,1,0.0,457.87,99.35,0.21698298643719832
2021-05-20,2021,5,Latin America,Office Supplies,Binders,Corporate,3,0.5,230.21,-60.38,-0.262282264019808
2024-02-04,2024,2,Asia Pacific,Technology,Laptops,Consumer,2,0.0,693.27,191.05,0.2755780576110318
2023-09-07,2023,9,Asia Pacific,Technology,Copiers,Consumer,2,0.0,971.63,387.42,0.3987320276236839
2021-03-11,2021,3,North America,Office Supplies,Binders,Consumer,4,0.2,283.95,13.81,0.04863532312026766
2021-04-18,2021,4,Latin America,Office Supplies,Storage,Home Office,2,0.2,142.94,-8.11,-0.05673709248635791
2024-08-12,2024,8,North America,Office Supplies,Paper,Consumer,1,0.3,81.3,-5.92,-0.07281672816728167
2024-01-25,2024,1,North America,Office Supplies,Binders,Consumer,4,0.2,221.23,-4.92,-0.022239298467658094
2022-11-21,2022,11,Latin America,Office Supplies,Binders,Consumer,4,0.0,597.01,141.47,0.23696420495469087
2022-03-17,2022,3,North America,Office Supplies,Art,Corporate,1,0.1,44.72,4.17,0.09324686940966011
2021-03-27,2021,3,Europe,Technology,Phones,Corporate,3,0.15,1100.3,205.0,0.186312823775334
2024-09-05,2024,9,North America,Technology,Laptops,Consumer,5,0.0,1882.63,545.43,0.2897170447724725
2021-09-04,2021,9,Asia Pacific,Technology,Laptops,Home Office,1,0.2,429.28,26.12,0.06084606783451361
2022-06-02,2022,6,North America,Furniture,Bookcases,Consumer,4,0.3,1069.45,-117.62,-0.10998176632848661
2023-05-17,2023,5,Asia Pacific,Office Supplies,Art,Consumer,4,0.2,226.25,-9.08,-0.04013259668508287
2023-10-11,2023,10,Latin America,Technology,Phones,Corporate,6,0.0,3790.08,934.31,0.2465145854441067
2021-10-27,2021,10,Latin America,Office Supplies,Storage,Corporate,1,0.1,79.27,5.93,0.07480761952819477
2023-05-24,2023,5,Asia Pacific,Office Supplies,Storage,Home Office,2,0.3,99.78,-18.73,-0.1877129685307677
2023-07-18,2023,7,North America,Office Supplies,Storage,Consumer,5,0.1,664.88,87.6,0.13175309830345325
2023-05-06,2023,5,North America,Office Supplies,Binders,Home Office,1,0.4,74.35,-11.92,-0.16032279757901816
2021-11-28,2021,11,Europe,Technology,Laptops,Consumer,2,0.2,1383.97,88.06,0.06362854686156492
2023-09-08,2023,9,Europe,Office Supplies,Paper,Corporate,3,0.2,154.34,-11.7,-0.07580666061941169
2023-12-22,2023,12,North America,Furniture,Furnishings,Consumer,1,0.1,323.41,-5.4,-0.016697071828329364
2022-09-27,2022,9,Asia Pacific,Furniture,Bookcases,Consumer,3,0.3,750.02,-80.31,-0.10707714460947709
2022-02-25,2022,2,North America,Furniture,Bookcases,Consumer,2,0.3,427.56,-70.53,-0.16495930395733932
2021-10-14,2021,10,Europe,Technology,Copiers,Corporate,1,0.1,642.25,117.78,0.1833865317244064
2023-05-25,2023,5,Asia Pacific,Furniture,Tables,Consumer,2,0.3,622.96,-101.01,-0.16214524207011685
2021-12-13,2021,12,Middle East & Africa,Furniture,Bookcases,Consumer,2,0.1,1376.98,131.06,0.09517930543653502
2023-07-06,2023,7,Asia Pacific,Furniture,Chairs,Home Office,1,0.1,311.01,-6.98,-0.022443008263399893
2023-04-30,2023,4,North America,Office Supplies,Paper,Corporate,1,0.2,84.15,1.2,0.0142602495543672
2021-10-16,2021,10,Asia Pacific,Furniture,Bookcases,Consumer,3,0.0,740.46,121.64,0.16427626070280635
2021-07-29,2021,7,North America,Furniture,Chairs,Corporate,3,0.2,472.45,-20.71,-0.04383532648957562
2021-05-10,2021,5,Latin America,Office Supplies,Art,Consumer,2,0.0,106.38,13.36,0.12558751645046062
2021-10-13,2021,10,North America,Technology,Phones,Home Office,2,0.4,868.79,-18.52,-0.021317004109163318
2024-11-19,2024,11,Europe,Technology,Laptops,Corporate,3,0.15,1337.15,116.7,0.08727517481210036
2023-09-23,2023,9,North America,Office Supplies,Binders,Consumer,3,0.4,115.18,-17.95,-0.1558430283035249
2024-10-27,2024,10,Asia Pacific,Technology,Phones,Home Office,1,0.3,510.75,13.7,0.026823299069995105
2021-05-20,2021,5,Asia Pacific,Office Supplies,Storage,Corporate,2,0.15,77.65,2.58,0.033226014166130066
2023-04-16,2023,4,Latin America,Office Supplies,Paper,Consumer,4,0.15,405.87,18.73,0.04614778130928623
2021-02-01,2021,2,Europe,Technology,Laptops,Corporate,4,0.1,1017.95,310.1,0.30463185814627436
2024-05-01,2024,5,North America,Office Supplies,Art,Corporate,5,0.0,413.82,37.73,0.09117490696438064
2024-02-28,2024,2,North America,Office Supplies,Binders,Corporate,3,0.1,113.12,12.31,0.10882248939179633
2021-04-02,2021,4,Europe,Technology,Phones,Home Office,2,0.1,1124.95,183.69,0.1632872572114316
2021-04-28,2021,4,Asia Pacific,Office Supplies,Art,Home Office,6,0.0,204.96,32.85,0.1602751756440281
2023-08-20,2023,8,North America,Technology,Laptops,Consumer,1,0.0,355.89,101.01,0.2838236533760432
2021-11-09,2021,11,North America,Technology,Accessories,Consumer,2,0.2,2190.24,248.32,0.11337570311929288
2022-07-07,2022,7,North America,Office Supplies,Storage,Consumer,4,0.0,425.22,73.35,0.17249894172428387
2024-04-05,2024,4,Europe,Office Supplies,Binders,Consumer,2,0.0,172.11,46.54,0.27040845970600197
2023-05-21,2023,5,Asia Pacific,Technology,Accessories,Corporate,3,0.4,894.16,-26.95,-0.03014001968327816
2024-08-12,2024,8,North America,Furniture,Tables,Corporate,3,0.5,803.1,-158.95,-0.19792055783837628
2022-06-05,2022,6,North America,Furniture,Bookcases,Corporate,3,0.2,774.69,-14.25,-0.018394454556015953
2024-10-12,2024,10,Latin America,Furniture,Chairs,Consumer,4,0.2,666.85,5.73,0.008592637024818175
2021-05-28,2021,5,Europe,Office Supplies,Art,Consumer,2,0.1,150.95,26.98,0.17873468035773438
2024-03-03,2024,3,Asia Pacific,Furniture,Chairs,Consumer,4,0.3,1008.08,-61.9,-0.06140385683675898
2022-10-27,2022,10,Asia Pacific,Furniture,Bookcases,Corporate,3,0.2,800.31,-50.92,-0.06362534517874324
2021-02-20,2021,2,North America,Technology,Copiers,Corporate,4,0.15,1579.33,158.47,0.10034001760240102
2024-07-28,2024,7,Asia Pacific,Technology,Accessories,Consumer,5,0.1,3396.36,932.7,0.2746175317104194
2024-04-21,2024,4,Latin America,Office Supplies,Storage,Consumer,4,0.2,240.41,5.02,0.02088099496693149
2021-11-03,2021,11,North America,Office Supplies,Storage,Consumer,4,0.0,201.24,45.75,0.22734048896839593
2021-12-10,2021,12,Europe,Technology,Phones,Consumer,3,0.1,1750.64,232.13,0.1325972215875337
2024-07-18,2024,7,North America,Technology,Phones,Consumer,1,0.1,844.73,150.06,0.17764256034472553
2022-11-28,2022,11,North America,Furniture,Chairs,Consumer,4,0.15,2384.69,-8.89,-0.0037279478674376964
2024-01-15,2024,1,Latin America,Technology,Copiers,Consumer,2,0.2,884.52,49.7,0.056188667299778415
2022-04-04,2022,4,North America,Technology,Copiers,Consumer,4,0.2,1361.35,200.04,0.14694237337936608
2024-09-26,2024,9,Asia Pacific,Office Supplies,Binders,Consumer,1,0.3,78.46,-5.72,-0.07290339026255417
2021-09-28,2021,9,Europe,Office Supplies,Art,Consumer,1,0.0,51.31,6.68,0.13018904696940167
2021-06-06,2021,6,Asia Pacific,Office Supplies,Storage,Home Office,3,0.3,157.33,1.14,0.007245916227038707
2024-12-26,2024,12,North America,Technology,Accessories,Corporate,2,0.2,1787.21,285.06,0.1595000027976567
2023-09-12,2023,9,Asia Pacific,Technology,Copiers,Corporate,2,0.15,873.46,112.16,0.12840885673070318
2021-11-28,2021,11,North America,Office Supplies,Art,Consumer,4,0.3,544.35,-72.35,-0.13291081105906125
2024-12-10,2024,12,Asia Pacific,Office Supplies,Storage,Corporate,3,0.4,370.91,-58.57,-0.1579089266938071
2023-06-20,2023,6,Asia Pacific,Furniture,Bookcases,Consumer,3,0.1,1474.41,-118.67,-0.08048643186087995
2022-10-22,2022,10,Latin America,Technology,Accessories,Consumer,5,0.0,2814.02,593.09,0.21076253900114428
2024-12-04,2024,12,Latin America,Office Supplies,Binders,Consumer,3,0.15,312.28,50.15,0.1605930575124888
2021-02-17,2021,2,Asia Pacific,Office Supplies,Storage,Consumer,1,0.2,48.55,3.63,0.07476828012358394
2024-04-06,2024,4,Europe,Office Supplies,Binders,Home Office,1,0.1,78.31,5.21,0.06653045588047503
2022-04-29,2022,4,North America,Office Supplies,Storage,Consumer,4,0.0,165.25,42.26,0.25573373676248107
2024-11-21,2024,11,Latin America,Office Supplies,Binders,Corporate,5,0.0,1550.07,331.9,0.21411936235137768
2023-11-16,2023,11,Latin America,Technology,Phones,Consumer,4,0.1,2783.46,540.35,0.19412888994273314
2024-07-21,2024,7,Asia Pacific,Office Supplies,Paper,Consumer,1,0.0,102.71,14.68,0.14292668678804402
2022-08-30,2022,8,Asia Pacific,Furniture,Furnishings,Consumer,4,0.0,1085.64,74.56,0.06867838325780184
2024-08-03,2024,8,Middle East & Africa,Technology,Phones,Corporate,2,0.2,928.99,100.89,0.10860181487421823
2023-01-30,2023,1,Europe,Office Supplies,Binders,Consumer,3,0.4,148.0,-25.24,-0.17054054054054052
2024-01-19,2024,1,Asia Pacific,Office Supplies,Binders,Corporate,4,0.0,131.11,26.76,0.20410342460529327
2024-09-25,2024,9,Asia Pacific,Furniture,Bookcases,Consumer,3,0.3,685.01,-85.75,-0.12518065429701755
2021-08-02,2021,8,North America,Office Supplies,Art,Consumer,2,0.15,173.56,-2.42,-0.013943304908965198
2021-12-12,2021,12,Europe,Furniture,Chairs,Corporate,3,0.2,1108.93,-11.17,-0.010072772853110656
2024-01-29,2024,1,Europe,Office Supplies,Storage,Consumer,2,0.1,72.92,8.4,0.1151947339550192
2022-10-09,2022,10,Asia Pacific,Furniture,Chairs,Corporate,5,0.3,2380.21,-334.11,-0.14036996735582155
2022-12-28,2022,12,Asia Pacific,Office Supplies,Art,Consumer,2,0.3,180.73,-15.69,-0.08681458529297847
2022-11-25,2022,11,Latin America,Furniture,Furnishings,Corporate,6,0.15,4224.18,-48.77,-0.011545436037290078
2024-02-21,2024,2,North America,Office Supplies,Binders,Corporate,1,0.0,49.34,12.57,0.2547628698824483
2022-06-08,2022,6,North America,Office Supplies,Art,Home Office,2,0.2,79.8,2.2,0.027568922305764413
2022-08-01,2022,8,Europe,Office Supplies,Binders,Home Office,4,0.5,286.23,-82.8,-0.28927785347447854
2022-02-04,2022,2,Latin America,Furniture,Furnishings,Home Office,6,0.15,1279.68,24.09,0.01882501875468867
2021-11-13,2021,11,Europe,Furniture,Bookcases,Home Office,6,0.1,1420.27,197.75,0.13923408929288092
2022-07-17,2022,7,Asia Pacific,Office Supplies,Storage,Consumer,4,0.3,246.04,-3.21,-0.013046659079824418
2021-06-22,2021,6,Asia Pacific,Office Supplies,Art,Home Office,2,0.0,120.55,19.24,0.15960182496889255
2021-06-18,2021,6,Europe,Furniture,Tables,Consumer,2,0.15,799.43,31.13,0.03894024492450871
2024-09-23,2024,9,North America,Technology,Copiers,Consumer,3,0.15,1043.1,175.66,0.1684018790144761
2023-09-13,2023,9,Middle East & Africa,Furniture,Chairs,Consumer,3,0.15,879.16,-30.31,-0.034476090813958776
2023-08-24,2023,8,North America,Office Supplies,Storage,Consumer,2,0.3,180.88,-31.08,-0.1718266253869969
2023-01-26,2023,1,North America,Furniture,Furnishings,Consumer,4,0.3,1716.83,-176.18,-0.10261936242959409
2023-09-24,2023,9,Europe,Office Supplies,Paper,Consumer,2,0.2,228.9,4.38,0.019134993446920052
2022-10-21,2022,10,North America,Office Supplies,Art,Home Office,4,0.1,190.31,11.36,0.05969208134096999
2021-11-30,2021,11,Asia Pacific,Office Supplies,Storage,Consumer,5,0.0,330.1,62.28,0.18867009996970613
2022-03-15,2022,3,North America,Technology,Copiers,Consumer,2,0.0,667.43,124.2,0.18608693046461802
2021-10-03,2021,10,North America,Office Supplies,Art,Consumer,3,0.15,126.51,5.09,0.040233973598924985
2022-05-08,2022,5,Europe,Office Supplies,Binders,Corporate,3,0.3,184.94,-19.31,-0.10441224180815399
2024-11-12,2024,11,Europe,Technology,Accessories,Consumer,2,0.0,1781.08,376.36,0.21130999169043505
2022-06-08,2022,6,Latin America,Furniture,Bookcases,Home Office,1,0.2,262.56,-20.94,-0.07975319926873858
2021-08-03,2021,8,North America,Technology,Laptops,Consumer,5,0.15,2311.63,506.86,0.21926519382427118
2023-08-10,2023,8,Asia Pacific,Technology,Copiers,Consumer,2,0.15,1637.92,205.75,0.12561663573312493
2022-08-14,2022,8,Europe,Furniture,Bookcases,Consumer,3,0.3,914.19,-87.98,-0.09623819993655586
2021-08-05,2021,8,Middle East & Africa,Office Supplies,Binders,Corporate,4,0.0,227.35,51.57,0.22683087750164946
2023-09-26,2023,9,North America,Office Supplies,Paper,Corporate,1,0.0,56.35,9.23,0.16379769299023958
2024-11-11,2024,11,Europe,Furniture,Furnishings,Corporate,4,0.4,2351.0,-763.8,-0.32488302849851125
2021-04-13,2021,4,North America,Furniture,Chairs,Corporate,4,0.4,721.43,-159.78,-0.22147678915487298
2022-01-24,2022,1,Europe,Furniture,Chairs,Consumer,6,0.15,1597.41,-1.96,-0.001226986183885164
2021-09-09,2021,9,Europe,Office Supplies,Art,Consumer,1,0.0,89.39,15.89,0.17776037588097104
2021-09-09,2021,9,Middle East & Africa,Furniture,Tables,Consumer,1,0.0,326.38,24.97,0.07650591335253386
2023-06-24,2023,6,North America,Office Supplies,Binders,Consumer,4,0.0,304.04,79.94,0.2629259307985791
2024-11-21,2024,11,North America,Technology,Laptops,Corporate,7,0.0,4739.62,1356.39,0.2861811706423722
2024-07-14,2024,7,Europe,Furniture,Tables,Consumer,2,0.2,565.61,-47.27,-0.0835734870317003
2024-05-28,2024,5,North America,Furniture,Furnishings,Corporate,3,0.1,1247.07,-7.76,-0.00622258574097685
2024-09-21,2024,9,Asia Pacific,Furniture,Tables,Corporate,1,0.15,612.13,-17.53,-0.028637707676473955
2021-04-13,2021,4,North America,Office Supplies,Art,Corporate,1,0.15,73.82,8.57,0.11609319967488486
2023-11-27,2023,11,Europe,Furniture,Tables,Consumer,2,0.0,612.76,60.01,0.09793393824662185
2024-02-27,2024,2,North America,Technology,Copiers,Consumer,4,0.5,1459.29,-224.1,-0.15356783093148038
2023-01-04,2023,1,North America,Technology,Copiers,Corporate,2,0.0,932.6,288.91,0.30978983487025524
2022-07-13,2022,7,Latin America,Office Supplies,Paper,Consumer,3,0.0,218.38,44.24,0.2025826540892023
2021-05-03,2021,5,North America,Office Supplies,Binders,Consumer,4,0.5,252.07,-46.29,-0.18363946522791288
2024-01-11,2024,1,North America,Technology,Laptops,Home Office,6,0.3,3033.6,-163.37,-0.05385350738396625
2024-01-27,2024,1,North America,Technology,Accessories,Consumer,3,0.0,1695.2,490.28,0.2892166116092496
2022-05-21,2022,5,Asia Pacific,Technology,Accessories,Home Office,3,0.4,1444.32,-99.93,-0.06918826852775009
2022-08-14,2022,8,Asia Pacific,Technology,Phones,Consumer,3,0.1,1066.42,196.69,0.18443952664053562
2024-01-22,2024,1,Latin America,Technology,Laptops,Consumer,1,0.0,723.72,165.88,0.22920466478748686
2023-07-28,2023,7,Middle East & Africa,Office Supplies,Storage,Consumer,2,0.15,275.08,22.32,0.08114003199069363
2024-12-02,2024,12,North America,Furniture,Bookcases,Corporate,6,0.0,5145.18,645.22,0.12540280417789076
2022-10-01,2022,10,North America,Office Supplies,Binders,Corporate,8,0.3,570.8,-63.97,-0.11207077785564121
2022-08-17,2022,8,Europe,Office Supplies,Binders,Corporate,5,0.15,226.46,19.35,0.08544555329859578
2021-04-30,2021,4,Europe,Office Supplies,Paper,Consumer,2,0.4,72.51,-13.52,-0.18645704040821953
2022-09-03,2022,9,Europe,Furniture,Furnishings,Corporate,1,0.1,189.15,17.76,0.09389373513084853
2021-11-23,2021,11,Asia Pacific,Office Supplies,Paper,Consumer,1,0.0,136.49,23.82,0.17451827972745254
2021-04-26,2021,4,Asia Pacific,Furniture,Tables,Consumer,5,0.0,1445.74,58.6,0.04053287589746427
2022-08-09,2022,8,Latin America,Office Supplies,Art,Consumer,1,0.1,60.86,8.32,0.13670719684521854
2021-08-21,2021,8,Europe,Technology,Copiers,Home Office,2,0.0,548.26,160.87,0.29341918068069894
2022-03-04,2022,3,Asia Pacific,Furniture,Bookcases,Consumer,6,0.15,1529.69,-2.31,-0.0015101098915466533
2023-04-02,2023,4,Asia Pacific,Office Supplies,Art,Corporate,4,0.3,140.07,-10.57,-0.07546226886556723
2024-01-29,2024,1,Asia Pacific,Office Supplies,Paper,Consumer,1,0.0,64.57,13.92,0.21557999070775904
2023-12-21,2023,12,North America,Technology,Phones,Consumer,3,0.1,1641.46,322.81,0.1966602902294299
2021-11-07,2021,11,North America,Office Supplies,Art,Corporate,4,0.2,201.21,-3.6,-0.017891754882958102
2023-03-24,2023,3,North America,Technology,Copiers,Home Office,2,0.2,801.29,-5.14,-0.0064146563666088435
2022-01-04,2022,1,Latin America,Furniture,Furnishings,Corporate,1,0.15,213.07,-19.5,-0.09151921903599756
2023-12-07,2023,12,North America,Furniture,Furnishings,Consumer,4,0.3,1486.43,-179.28,-0.12061112867743519
2021-02-24,2021,2,North America,Technology,Accessories,Consumer,4,0.0,994.78,324.28,0.3259816240776855
2021-02-21,2021,2,Asia Pacific,Furniture,Furnishings,Corporate,3,0.1,741.41,1.24,0.0016724889062731823
2021-03-16,2021,3,Europe,Technology,Copiers,Corporate,3,0.0,714.77,228.65,0.31989311246974556
2021-10-26,2021,10,North America,Technology,Copiers,Consumer,2,0.0,866.24,175.27,0.20233422608053198
2022-12-14,2022,12,Europe,Office Supplies,Binders,Home Office,1,0.0,119.28,31.35,0.26282696177062376
2023-02-16,2023,2,Europe,Technology,Phones,Consumer,4,0.0,921.68,256.8,0.2786216474264387
2022-08-05,2022,8,Latin America,Furniture,Chairs,Consumer,3,0.15,1018.68,3.0,0.00294498763105195
2023-02-06,2023,2,Latin America,Office Supplies,Binders,Corporate,3,0.0,117.33,35.2,0.30000852296940256
2022-02-04,2022,2,Middle East & Africa,Technology,Accessories,Consumer,2,0.0,556.93,144.83,0.2600506347296788
2022-12-03,2022,12,Europe,Technology,Phones,Home Office,3,0.0,1861.52,483.15,0.2595459624392969
2023-12-24,2023,12,Asia Pacific,Technology,Copiers,Home Office,5,0.15,4495.56,660.44,0.14690939504755804
2024-11-26,2024,11,North America,Office Supplies,Art,Corporate,3,0.15,520.25,24.78,0.04763094666025949
2022-02-10,2022,2,Asia Pacific,Furniture,Tables,Consumer,1,0.2,131.11,-7.45,-0.05682251544504614
2024-02-14,2024,2,Europe,Furniture,Chairs,Consumer,1,0.1,431.8,21.71,0.05027790643816582
2023-09-21,2023,9,North America,Furniture,Tables,Corporate,5,0.0,841.76,67.08,0.07969017297091807
2022-03-18,2022,3,North America,Technology,Accessories,Home Office,4,0.0,1153.15,371.69,0.3223258032346182
2023-10-14,2023,10,Middle East & Africa,Technology,Accessories,Consumer,3,0.0,1775.65,434.63,0.24477233689071606
2024-04-20,2024,4,North America,Office Supplies,Art,Corporate,3,0.0,169.13,48.36,0.2859338970023059
2023-03-28,2023,3,North America,Furniture,Bookcases,Consumer,1,0.1,198.59,1.0,0.005035500276952515
2022-01-26,2022,1,Asia Pacific,Technology,Copiers,Consumer,6,0.2,1995.3,77.24,0.03871097078133614
2021-03-30,2021,3,North America,Technology,Accessories,Corporate,3,0.1,993.47,179.41,0.180589247788056
2023-05-20,2023,5,Middle East & Africa,Technology,Copiers,Home Office,1,0.3,416.52,0.76,0.0018246422740804764
2023-05-12,2023,5,North America,Office Supplies,Storage,Corporate,1,0.0,30.57,4.32,0.14131501472031405
2022-07-25,2022,7,North America,Furniture,Bookcases,Consumer,2,0.15,468.84,-13.3,-0.028367886699087113
2023-06-20,2023,6,North America,Technology,Laptops,Home Office,4,0.2,2035.71,86.22,0.042353773376365
2024-08-08,2024,8,North America,Office Supplies,Binders,Consumer,4,0.2,235.07,-1.64,-0.006976645254605011
2021-01-28,2021,1,Europe,Office Supplies,Storage,Consumer,2,0.1,135.85,17.12,0.12602134707397866
2024-02-17,2024,2,North America,Office Supplies,Art,Consumer,1,0.1,25.66,4.7,0.18316445830085737
2024-08-28,2024,8,North America,Office Supplies,Storage,Consumer,3,0.3,244.73,-23.15,-0.09459404241408899
2023-03-30,2023,3,Europe,Office Supplies,Binders,Corporate,4,0.2,372.07,12.5,0.03359582874190341
2022-09-01,2022,9,North America,Furniture,Chairs,Consumer,1,0.0,506.97,90.14,0.17780144781742507
2023-06-20,2023,6,North America,Furniture,Furnishings,Corporate,3,0.2,1073.54,-142.91,-0.1331203308679695
2021-10-03,2021,10,Asia Pacific,Furniture,Bookcases,Consumer,5,0.2,991.45,8.89,0.008966664985627112
2022-05-20,2022,5,Latin America,Furniture,Tables,Consumer,6,0.2,2516.45,-366.47,-0.14562975620417654
2021-07-01,2021,7,Asia Pacific,Office Supplies,Binders,Corporate,1,0.0,60.11,15.33,0.2550324405257029
2022-04-12,2022,4,Asia Pacific,Office Supplies,Art,Consumer,2,0.3,147.99,-19.27,-0.13021150077707952
2023-12-04,2023,12,Asia Pacific,Technology,Laptops,Consumer,2,0.15,1806.45,264.03,0.14615959478535248
2023-09-11,2023,9,Asia Pacific,Furniture,Tables,Consumer,4,0.2,1615.6,18.45,0.011419905917306265
2022-09-16,2022,9,Latin America,Technology,Laptops,Corporate,4,0.0,1518.77,369.85,0.2435194269046663
2023-01-19,2023,1,Europe,Office Supplies,Binders,Consumer,4,0.1,389.27,61.58,0.15819354175764894
2021-05-19,2021,5,Asia Pacific,Office Supplies,Storage,Corporate,3,0.5,87.35,-27.43,-0.3140240412135089
2023-02-07,2023,2,Europe,Office Supplies,Art,Corporate,3,0.2,72.65,4.27,0.05877494838265656
2024-07-11,2024,7,North America,Furniture,Tables,Home Office,2,0.0,422.62,37.93,0.08974965690218163
2023-07-19,2023,7,Asia Pacific,Office Supplies,Binders,Home Office,5,0.1,335.02,32.93,0.09829263924541819
2022-07-02,2022,7,North America,Furniture,Bookcases,Consumer,1,0.2,225.47,-19.6,-0.08692952499223844
2021-05-29,2021,5,Middle East & Africa,Technology,Phones,Consumer,3,0.15,1411.69,70.82,0.05016682132762858
2024-02-17,2024,2,Europe,Office Supplies,Storage,Consumer,4,0.15,229.34,13.52,0.05895177465771344
2022-12-28,2022,12,Europe,Office Supplies,Binders,Corporate,3,0.0,243.2,24.46,0.10057565789473685
2024-11-21,2024,11,Asia Pacific,Technology,Phones,Consumer,2,0.0,2308.3,404.24,0.17512455053502576
2024-05-17,2024,5,North America,Furniture,Chairs,Consumer,6,0.3,1396.16,-270.69,-0.193881790052716
2023-10-06,2023,10,North America,Technology,Phones,Consumer,5,0.3,1407.68,69.42,0.049315185269379405
2021-05-19,2021,5,Latin America,Office Supplies,Paper,Consumer,3,0.3,119.41,-6.37,-0.05334561594506323
2023-08-08,2023,8,Middle East & Africa,Office Supplies,Storage,Consumer,4,0.1,134.55,16.78,0.12471200297287253
2024-07-19,2024,7,North America,Office Supplies,Binders,Home Office,1,0.3,115.12,-12.51,-0.10866921473245308
2021-12-12,2021,12,Europe,Office Supplies,Art,Consumer,5,0.1,428.67,1.66,0.0038724426715188837
2023-07-29,2023,7,North America,Office Supplies,Binders,Consumer,1,0.1,53.15,11.57,0.21768579492003765
2022-04-17,2022,4,North America,Technology,Phones,Corporate,3,0.1,1834.97,277.4,0.15117413363706217
2021-03-11,2021,3,Europe,Office Supplies,Storage,Consumer,1,0.1,78.73,7.4,0.09399212498412295
2024-10-17,2024,10,North America,Technology,Phones,Home Office,5,0.2,1695.2,251.89,0.148590136857008
2024-06-14,2024,6,Latin America,Office Supplies,Storage,Corporate,1,0.15,82.66,5.32,0.06436002903459957
2023-07-21,2023,7,North America,Office Supplies,Storage,Consumer,2,0.0,263.7,44.31,0.16803185437997725
2023-05-19,2023,5,North America,Office Supplies,Storage,Consumer,3,0.2,260.89,15.96,0.06117520794204455
2023-07-21,2023,7,Europe,Office Supplies,Storage,Home Office,4,0.3,229.77,-15.81,-0.06880793837315577
2024-02-03,2024,2,Latin America,Office Supplies,Storage,Consumer,2,0.0,127.29,31.24,0.24542383533663287
2022-10-02,2022,10,Asia Pacific,Office Supplies,Paper,Home Office,6,0.0,156.73,29.88,0.19064633446053725
2021-07-26,2021,7,Europe,Technology,Accessories,Corporate,1,0.15,425.08,54.18,0.12745836077914746
2023-10-10,2023,10,Middle East & Africa,Office Supplies,Binders,Home Office,5,0.1,310.82,33.96,0.1092593784183772
2021-05-28,2021,5,Europe,Office Supplies,Storage,Consumer,3,0.4,115.25,-23.34,-0.20251626898047723
2021-05-22,2021,5,Latin America,Technology,Accessories,Consumer,5,0.0,2599.16,946.87,0.36429846565813573
2021-03-18,2021,3,Europe,Furniture,Chairs,Consumer,4,0.1,696.37,10.51,0.015092551373551416
2024-01-21,2024,1,Europe,Office Supplies,Art,Corporate,2,0.15,140.83,10.23,0.0726407725626642
2022-07-01,2022,7,North America,Office Supplies,Paper,Corporate,1,0.0,45.17,5.01,0.11091432366615009
2022-08-29,2022,8,Europe,Technology,Accessories,Corporate,6,0.0,1875.07,442.42,0.2359485245884154
2023-01-10,2023,1,Europe,Technology,Copiers,Consumer,1,0.1,561.8,113.25,0.20158419366322536
2024-04-08,2024,4,Europe,Technology,Accessories,Consumer,4,0.1,2294.79,259.46,0.11306481203073047
2024-02-09,2024,2,North America,Furniture,Tables,Home Office,5,0.0,1221.85,81.98,0.06709497892540002
2021-12-28,2021,12,Asia Pacific,Office Supplies,Storage,Corporate,1,0.15,44.68,2.87,0.06423455684870188
2023-08-29,2023,8,Europe,Technology,Copiers,Consumer,1,0.15,507.23,61.0,0.12026102557025412
2021-07-16,2021,7,North America,Technology,Phones,Home Office,1,0.4,359.35,-23.8,-0.06623069430916934
2023-11-22,2023,11,Europe,Office Supplies,Storage,Home Office,5,0.5,345.96,-84.82,-0.24517285235287317
2023-11-21,2023,11,North America,Technology,Laptops,Consumer,2,0.3,928.87,-19.12,-0.02058415063464209
2024-01-19,2024,1,North America,Technology,Copiers,Corporate,2,0.0,860.37,203.09,0.23604960656461754
2024-06-25,2024,6,North America,Furniture,Bookcases,Consumer,4,0.0,2145.87,173.45,0.0808296867937014
2021-11-22,2021,11,North America,Office Supplies,Storage,Corporate,2,0.15,172.01,7.11,0.041334806115923495
2022-08-14,2022,8,Europe,Office Supplies,Paper,Consumer,4,0.15,253.6,6.84,0.02697160883280757
2024-07-20,2024,7,North America,Office Supplies,Art,Home Office,2,0.5,178.59,-30.3,-0.16966235511506803
2021-07-27,2021,7,Asia Pacific,Office Supplies,Paper,Consumer,3,0.5,242.46,-37.92,-0.15639693145261074
2024-09-30,2024,9,Latin America,Furniture,Bookcases,Home Office,1,0.0,383.51,50.33,0.13123516987823003
2023-11-14,2023,11,Asia Pacific,Office Supplies,Binders,Consumer,3,0.4,259.39,-52.28,-0.20154978989166894
2021-06-12,2021,6,North America,Office Supplies,Paper,Consumer,2,0.15,60.38,4.45,0.07369990062934746
2024-10-03,2024,10,North America,Furniture,Bookcases,Consumer,2,0.15,887.08,9.39,0.010585291067322
2023-09-29,2023,9,North America,Technology,Phones,Corporate,2,0.0,1077.08,352.13,0.32693021873955513
2022-09-21,2022,9,Asia Pacific,Furniture,Furnishings,Home Office,3,0.15,1106.32,-68.95,-0.062323739966736576
2023-06-19,2023,6,North America,Office Supplies,Paper,Corporate,2,0.0,106.6,18.69,0.175328330206379
2024-06-23,2024,6,Latin America,Technology,Copiers,Consumer,2,0.0,1638.54,433.8,0.26474788531253435
2023-06-21,2023,6,North America,Office Supplies,Binders,Consumer,3,0.15,103.6,3.66,0.03532818532818533
2023-07-10,2023,7,North America,Technology,Laptops,Corporate,4,0.5,2302.62,-337.64,-0.14663296592577152
2022-03-29,2022,3,North America,Office Supplies,Binders,Corporate,3,0.0,240.37,52.02,0.21641635811457338
2024-09-10,2024,9,Europe,Technology,Laptops,Consumer,3,0.2,1757.25,173.08,0.0984948072272016
2022-12-30,2022,12,Europe,Office Supplies,Binders,Consumer,1,0.0,160.61,33.73,0.2100118298985119
2021-04-28,2021,4,Asia Pacific,Office Supplies,Binders,Consumer,4,0.0,385.11,68.79,0.17862428916413492
2021-11-16,2021,11,Asia Pacific,Office Supplies,Storage,Consumer,3,0.0,253.19,45.33,0.17903550693155337
2024-07-31,2024,7,North America,Furniture,Bookcases,Corporate,6,0.0,3461.71,425.62,0.12295079599388742
2024-06-28,2024,6,Europe,Office Supplies,Binders,Corporate,2,0.4,146.69,-33.48,-0.22823641693366964
2024-04-22,2024,4,Europe,Technology,Accessories,Home Office,1,0.3,282.65,-16.21,-0.05735007960375023
2021-10-16,2021,10,North America,Office Supplies,Binders,Consumer,4,0.0,179.85,38.83,0.21590214067278288
2024-10-04,2024,10,Asia Pacific,Office Supplies,Binders,Corporate,2,0.15,163.5,17.51,0.1070948012232416
2023-09-26,2023,9,North America,Furniture,Chairs,Consumer,2,0.2,514.5,13.54,0.026316812439261417
2023-08-03,2023,8,Latin America,Technology,Phones,Consumer,2,0.0,1305.44,428.62,0.32833374188013237
2021-06-28,2021,6,Europe,Office Supplies,Storage,Home Office,2,0.1,133.43,22.92,0.17177546278947764
2021-08-17,2021,8,North America,Technology,Copiers,Consumer,4,0.0,1968.43,501.8,0.2549239749444989
2023-12-11,2023,12,Latin America,Furniture,Tables,Corporate,1,0.15,462.22,-7.1,-0.01536065077235948
2022-11-11,2022,11,North America,Technology,Copiers,Corporate,1,0.0,313.76,89.43,0.285026772055074
2024-08-03,2024,8,Middle East & Africa,Technology,Laptops,Consumer,1,0.4,1017.9,-161.81,-0.1589645348266038
2021-03-03,2021,3,Europe,Furniture,Furnishings,Corporate,1,0.0,294.45,18.33,0.06225165562913907
2021-11-12,2021,11,Asia Pacific,Office Supplies,Storage,Corporate,5,0.1,277.7,43.93,0.15819229384227584
2022-10-20,2022,10,Europe,Office Supplies,Paper,Consumer,4,0.2,193.91,4.33,0.022329946882574392
2022-04-30,2022,4,Europe,Office Supplies,Storage,Consumer,2,0.4,116.35,-23.66,-0.20335195530726258
2024-10-27,2024,10,Latin America,Furniture,Furnishings,Consumer,3,0.2,1231.69,-105.56,-0.08570338315647606
2022-02-25,2022,2,Europe,Furniture,Bookcases,Home Office,2,0.15,390.49,0.35,0.0008963097646546645
2023-01-22,2023,1,Asia Pacific,Technology,Phones,Consumer,2,0.15,936.2,75.86,0.08102969450972014
2022-12-22,2022,12,North America,Office Supplies,Paper,Corporate,2,0.2,156.96,-0.34,-0.002166156982670744
2023-12-28,2023,12,North America,Technology,Accessories,Corporate,3,0.15,2463.46,291.92,0.11849999594066882
2024-10-25,2024,10,Asia Pacific,Technology,Accessories,Corporate,2,0.15,1707.71,210.1,0.12303025689373488
2024-10-10,2024,10,North America,Technology,Accessories,Consumer,2,0.1,619.07,167.12,0.26995331707238274
2021-03-02,2021,3,North America,Technology,Copiers,Corporate,3,0.0,1378.33,389.25,0.28240697075446375
2022-03-15,2022,3,Asia Pacific,Office Supplies,Art,Home Office,2,0.3,198.64,-14.57,-0.07334877164720097
2023-05-24,2023,5,Europe,Technology,Phones,Corporate,2,0.0,769.27,215.56,0.2802137091008359
2022-01-09,2022,1,Europe,Technology,Accessories,Corporate,4,0.1,1897.42,427.66,0.2253902667833163
2022-07-14,2022,7,Asia Pacific,Office Supplies,Storage,Consumer,4,0.0,194.54,27.35,0.14058805387066928
2023-08-21,2023,8,Europe,Office Supplies,Paper,Corporate,5,0.0,334.97,80.6,0.24061856285637517
2024-02-19,2024,2,Europe,Furniture,Furnishings,Consumer,2,0.5,554.81,-190.27,-0.3429462338458211
2024-01-31,2024,1,North America,Office Supplies,Storage,Consumer,2,0.1,98.75,16.38,0.16587341772151898
2023-11-30,2023,11,North America,Furniture,Tables,Consumer,1,0.2,512.9,-35.19,-0.06860986547085202
2024-01-14,2024,1,Middle East & Africa,Technology,Phones,Consumer,4,0.2,1886.01,186.87,0.09908218938393752
2022-06-02,2022,6,Asia Pacific,Office Supplies,Art,Corporate,3,0.0,293.08,61.24,0.20895318684318276
2024-10-04,2024,10,North America,Office Supplies,Paper,Corporate,2,0.2,123.43,2.4,0.019444219395608846
2023-03-12,2023,3,Asia Pacific,Furniture,Chairs,Home Office,5,0.0,1215.4,168.24,0.13842356425868027
2023-11-30,2023,11,North America,Technology,Laptops,Corporate,1,0.4,967.36,-120.99,-0.1250723618921601
2022-09-07,2022,9,Europe,Office Supplies,Binders,Home Office,4,0.0,303.41,72.13,0.2377311229030025
2022-04-10,2022,4,Latin America,Office Supplies,Art,Consumer,5,0.3,210.36,-12.67,-0.060230081764594025
2021-11-18,2021,11,North America,Office Supplies,Binders,Consumer,4,0.2,744.42,-2.64,-0.0035463851051825584
2021-06-18,2021,6,Asia Pacific,Office Supplies,Storage,Consumer,2,0.0,133.51,27.19,0.20365515691708488
2023-11-14,2023,11,Europe,Office Supplies,Binders,Consumer,1,0.15,94.54,-1.72,-0.018193357309075522
2022-11-03,2022,11,Asia Pacific,Technology,Copiers,Consumer,6,0.15,5640.18,1079.57,0.19140701183295566
2024-11-17,2024,11,Latin America,Office Supplies,Paper,Consumer,1,0.3,302.27,-24.05,-0.07956462765077581
2021-07-12,2021,7,North America,Office Supplies,Art,Home Office,1,0.2,74.38,3.16,0.042484538854530796
2021-07-11,2021,7,North America,Furniture,Furnishings,Corporate,5,0.0,1127.91,162.03,0.1436550788626752
2021-04-20,2021,4,Middle East & Africa,Office Supplies,Storage,Consumer,1,0.2,75.63,3.5,0.04627793203755124
2022-06-28,2022,6,Latin America,Technology,Accessories,Consumer,2,0.0,960.16,272.54,0.2838485252457924
2024-06-03,2024,6,Asia Pacific,Office Supplies,Art,Home Office,1,0.4,46.83,-9.39,-0.20051249199231264
2021-06-28,2021,6,North America,Office Supplies,Storage,Corporate,2,0.15,154.28,1.98,0.012833808659579985
2022-04-19,2022,4,North America,Office Supplies,Art,Corporate,6,0.1,440.06,19.25,0.04374403490433123
2021-12-10,2021,12,Asia Pacific,Technology,Laptops,Consumer,4,0.0,2290.14,629.24,0.27476049499157257
2024-04-13,2024,4,Europe,Furniture,Furnishings,Corporate,6,0.0,2937.78,394.64,0.13433272743364036
2022-09-29,2022,9,Asia Pacific,Office Supplies,Binders,Home Office,2,0.15,148.72,12.05,0.08102474448628295
2024-12-10,2024,12,Asia Pacific,Furniture,Bookcases,Consumer,2,0.15,846.86,-4.62,-0.0054554471813522895
2022-08-02,2022,8,Europe,Furniture,Furnishings,Home Office,3,0.0,844.23,88.81,0.10519645120405577
2022-05-06,2022,5,Europe,Office Supplies,Paper,Corporate,2,0.1,53.84,8.21,0.1524888558692422
2021-02-16,2021,2,North America,Technology,Laptops,Home Office,8,0.1,1358.5,320.4,0.23584836216415161
2024-04-07,2024,4,Europe,Office Supplies,Art,Consumer,3,0.5,212.95,-41.36,-0.1942239962432496
2021-11-16,2021,11,Europe,Technology,Copiers,Consumer,2,0.2,1687.87,93.65,0.055484130886857407
2022-08-20,2022,8,Latin America,Technology,Copiers,Corporate,3,0.15,1180.97,81.94,0.06938364226017596
2021-01-14,2021,1,North America,Office Supplies,Binders,Corporate,3,0.2,180.7,-6.72,-0.037188710570005536
2021-08-28,2021,8,North America,Technology,Accessories,Home Office,3,0.0,1109.44,376.74,0.3395767233919815
2021-03-10,2021,3,Europe,Technology,Phones,Consumer,1,0.0,304.5,107.6,0.3533661740558292
2024-08-02,2024,8,North America,Technology,Laptops,Consumer,2,0.0,1120.49,252.59,0.22542816089389464
2023-05-30,2023,5,Latin America,Furniture,Chairs,Consumer,5,0.15,2187.0,52.8,0.024142661179698214
2024-04-21,2024,4,North America,Furniture,Tables,Consumer,3,0.1,1495.33,46.74,0.03125731443895328
2021-05-12,2021,5,Europe,Office Supplies,Storage,Consumer,4,0.2,205.0,-7.15,-0.03487804878048781
2023-03-25,2023,3,North America,Technology,Accessories,Corporate,3,0.15,1706.82,113.16,0.0662987309733891
2024-11-12,2024,11,North America,Technology,Laptops,Consumer,1,0.4,1470.09,-114.38,-0.07780476025277364
2022-11-16,2022,11,Asia Pacific,Furniture,Chairs,Corporate,4,0.0,1530.68,107.13,0.06998850184231845
2022-01-29,2022,1,North America,Office Supplies,Paper,Corporate,4,0.0,254.75,34.76,0.1364474975466143
2024-09-25,2024,9,North America,Technology,Accessories,Corporate,5,0.5,1113.06,-107.63,-0.09669739277307603
2024-08-31,2024,8,North America,Technology,Phones,Corporate,2,0.1,1000.25,240.05,0.23999000249937516
2023-05-30,2023,5,Europe,Furniture,Furnishings,Consumer,1,0.2,212.32,-5.41,-0.025480406932931427
2021-07-04,2021,7,Europe,Furniture,Tables,Corporate,1,0.0,364.43,92.56,0.25398567626155916
2024-04-12,2024,4,Middle East & Africa,Furniture,Tables,Consumer,1,0.0,295.52,38.66,0.1308202490525176
2022-01-27,2022,1,Asia Pacific,Technology,Copiers,Consumer,3,0.15,1055.91,135.67,0.12848632932731008
2022-04-28,2022,4,North America,Office Supplies,Art,Consumer,2,0.0,137.31,19.14,0.13939261525016386
2022-12-05,2022,12,Asia Pacific,Office Supplies,Paper,Consumer,3,0.0,237.1,65.19,0.2749472796288486
2024-08-13,2024,8,Middle East & Africa,Furniture,Chairs,Corporate,1,0.2,299.54,-46.75,-0.1560726447219069
2021-03-05,2021,3,Asia Pacific,Technology,Laptops,Corporate,2,0.2,674.97,9.02,0.013363556898825131
2022-01-04,2022,1,Europe,Office Supplies,Paper,Corporate,5,0.0,253.78,34.03,0.13409252108125147
2023-03-05,2023,3,North America,Furniture,Bookcases,Consumer,5,0.1,1111.11,42.08,0.03787203787203788
2022-02-20,2022,2,North America,Office Supplies,Paper,Consumer,5,0.0,247.9,51.9,0.20935861234368697
2021-11-01,2021,11,North America,Technology,Copiers,Corporate,2,0.1,969.86,202.42,0.2087105355412121
2021-05-30,2021,5,Europe,Office Supplies,Storage,Consumer,2,0.4,83.4,-13.16,-0.1577937649880096
2023-09-19,2023,9,Europe,Technology,Laptops,Corporate,1,0.3,547.76,6.99,0.01276106323937491
2023-10-19,2023,10,Europe,Office Supplies,Paper,Home Office,1,0.1,61.95,2.99,0.04826472962066183
2024-08-09,2024,8,Europe,Technology,Phones,Corporate,6,0.15,3002.63,271.42,0.0903940878496518
2024-02-20,2024,2,North America,Office Supplies,Art,Consumer,1,0.0,66.95,21.03,0.3141150112023898
2024-01-20,2024,1,North America,Office Supplies,Binders,Corporate,5,0.0,197.14,34.72,0.17611849447093436
2023-10-31,2023,10,North America,Furniture,Furnishings,Corporate,5,0.2,1152.33,-91.47,-0.0793783030902606
2023-11-16,2023,11,North America,Office Supplies,Paper,Consumer,4,0.0,340.08,92.96,0.27334744765937424
2021-02-12,2021,2,North America,Furniture,Bookcases,Corporate,2,0.0,227.03,11.96,0.05268026252037176
2021-04-06,2021,4,Europe,Technology,Phones,Consumer,1,0.0,760.19,288.45,0.3794446125310777
2021-02-19,2021,2,Europe,Office Supplies,Binders,Home Office,2,0.15,119.58,14.75,0.12334838601772873
2022-08-16,2022,8,Middle East & Africa,Furniture,Tables,Consumer,5,0.0,1727.82,344.15,0.19918162771585002
2023-06-11,2023,6,Asia Pacific,Furniture,Tables,Home Office,1,0.15,346.87,-4.68,-0.013492086372416178
2021-02-11,2021,2,North America,Office Supplies,Storage,Home Office,2,0.3,140.38,-11.77,-0.08384385240062688
2024-04-07,2024,4,North America,Technology,Accessories,Corporate,2,0.15,1301.87,113.31,0.08703634003395117
2023-06-08,2023,6,Asia Pacific,Office Supplies,Art,Home Office,1,0.0,51.14,9.75,0.1906531091122409
2022-11-19,2022,11,Latin America,Office Supplies,Binders,Consumer,3,0.15,226.13,1.79,0.00791580064564631
2023-04-26,2023,4,Europe,Furniture,Furnishings,Corporate,5,0.1,1594.8,71.53,0.04485201906195135
2023-11-11,2023,11,North America,Technology,Copiers,Consumer,5,0.5,3515.67,-543.4,-0.15456513267741284
2023-03-05,2023,3,Europe,Technology,Copiers,Consumer,3,0.4,858.19,-129.76,-0.15120194828650996
2021-11-20,2021,11,North America,Office Supplies,Binders,Corporate,1,0.15,73.39,-1.82,-0.02479901893991007
2024-04-12,2024,4,Asia Pacific,Technology,Laptops,Home Office,1,0.1,754.75,139.47,0.18478966545213646
2021-05-10,2021,5,Europe,Furniture,Chairs,Corporate,1,0.2,240.17,-10.51,-0.043760669525752596
2021-07-22,2021,7,North America,Office Supplies,Binders,Consumer,2,0.0,145.7,28.1,0.19286204529855872
2023-12-21,2023,12,Asia Pacific,Office Supplies,Binders,Corporate,2,0.0,146.31,19.46,0.13300526279816827
2022-07-27,2022,7,Europe,Technology,Laptops,Consumer,5,0.2,3569.27,301.05,0.08434497810476653
2021-10-27,2021,10,Latin America,Office Supplies,Art,Corporate,3,0.0,148.82,34.54,0.2320924606907674
2022-09-15,2022,9,North America,Office Supplies,Storage,Consumer,2,0.1,151.75,19.5,0.128500823723229
2024-05-20,2024,5,North America,Office Supplies,Binders,Home Office,5,0.2,498.66,15.04,0.030160831027152765
2023-12-10,2023,12,Asia Pacific,Furniture,Furnishings,Consumer,1,0.15,389.79,-5.16,-0.013237897329331179
2023-02-17,2023,2,Asia Pacific,Office Supplies,Art,Home Office,4,0.0,157.8,19.6,0.12420785804816223
2022-02-25,2022,2,Asia Pacific,Technology,Laptops,Consumer,7,0.0,1332.59,337.12,0.25298103692808743
2024-11-15,2024,11,Asia Pacific,Office Supplies,Binders,Consumer,5,0.0,396.91,47.92,0.12073265979693129
2024-03-27,2024,3,Europe,Office Supplies,Storage,Corporate,2,0.15,127.94,7.69,0.0601062998280444
2022-09-20,2022,9,Europe,Technology,Copiers,Home Office,1,0.0,321.77,127.35,0.3957795941200236
2021-05-06,2021,5,Middle East & Africa,Technology,Laptops,Corporate,4,0.0,1429.89,532.8,0.3726160753624404
2023-05-29,2023,5,Asia Pacific,Office Supplies,Binders,Consumer,3,0.0,278.12,81.1,0.2916007478786135
2022-05-01,2022,5,Latin America,Technology,Phones,Corporate,3,0.5,977.99,-119.79,-0.12248591498890582
2021-12-02,2021,12,Europe,Office Supplies,Storage,Consumer,2,0.0,242.32,68.41,0.28231264443710796
2021-03-26,2021,3,Asia Pacific,Office Supplies,Storage,Consumer,3,0.0,142.07,27.62,0.1944112057436475
2024-03-16,2024,3,Europe,Furniture,Furnishings,Consumer,3,0.2,855.28,-49.97,-0.05842531100926013
2021-03-18,2021,3,Asia Pacific,Office Supplies,Binders,Consumer,4,0.1,123.45,3.19,0.02584042122316727
2022-04-19,2022,4,Asia Pacific,Technology,Laptops,Corporate,3,0.1,1751.39,265.42,0.15154819885919185
2021-05-23,2021,5,Europe,Technology,Copiers,Consumer,3,0.1,1470.15,213.79,0.1454205353195252
2022-05-24,2022,5,North America,Furniture,Chairs,Consumer,3,0.15,636.81,-8.21,-0.012892385483896297
2022-08-17,2022,8,North America,Office Supplies,Storage,Corporate,4,0.0,349.17,81.22,0.23260875791161897
2024-03-05,2024,3,Latin America,Office Supplies,Binders,Home Office,3,0.0,226.84,62.97,0.27759654381943216
2023-11-12,2023,11,Europe,Office Supplies,Storage,Consumer,4,0.15,201.41,14.06,0.0698078546248945
2022-04-23,2022,4,Europe,Technology,Copiers,Consumer,3,0.2,1482.85,64.98,0.04382102033246789
2022-09-08,2022,9,North America,Technology,Accessories,Consumer,5,0.1,2357.39,763.97,0.3240745061275394
2021-11-09,2021,11,Europe,Furniture,Bookcases,Consumer,3,0.4,1869.96,-452.84,-0.24216560782048813
2024-01-16,2024,1,North America,Technology,Phones,Home Office,5,0.0,2042.39,709.71,0.3474899504991701
2024-06-26,2024,6,North America,Office Supplies,Storage,Consumer,3,0.0,280.06,53.25,0.19013782760836964
2022-06-03,2022,6,Europe,Technology,Phones,Corporate,3,0.15,1741.33,207.88,0.11938001412713271
2023-02-01,2023,2,North America,Office Supplies,Art,Consumer,2,0.4,79.74,-15.25,-0.19124655129169804
2022-04-27,2022,4,North America,Office Supplies,Storage,Consumer,2,0.3,80.13,-17.29,-0.21577436665418695
2022-03-09,2022,3,Europe,Furniture,Bookcases,Home Office,1,0.0,264.1,32.78,0.12411965164710337
2024-02-23,2024,2,Middle East & Africa,Technology,Laptops,Corporate,2,0.15,548.68,122.61,0.22346358533206973
2021-04-23,2021,4,North America,Technology,Copiers,Home Office,3,0.0,1681.19,522.1,0.31055383389146973
2021-05-23,2021,5,North America,Office Supplies,Art,Consumer,2,0.0,93.74,17.09,0.18231278002986986
2024-10-24,2024,10,Asia Pacific,Furniture,Furnishings,Consumer,3,0.4,878.72,-223.89,-0.2547910597232338
2023-11-15,2023,11,Europe,Technology,Copiers,Consumer,4,0.15,3022.53,325.2,0.10759198419866799
2022-11-02,2022,11,North America,Office Supplies,Art,Corporate,3,0.0,410.18,102.02,0.24872007411380367
2024-02-10,2024,2,North America,Technology,Laptops,Home Office,3,0.15,1627.53,259.83,0.159646826786603
2021-07-22,2021,7,Europe,Office Supplies,Art,Consumer,5,0.2,266.33,-2.28,-0.008560808020125408
2024-05-29,2024,5,Europe,Office Supplies,Storage,Consumer,3,0.3,123.71,-12.11,-0.0978902271441274
2022-05-15,2022,5,Middle East & Africa,Technology,Copiers,Consumer,1,0.0,203.88,71.86,0.35246223268589366
2021-07-16,2021,7,North America,Technology,Copiers,Consumer,3,0.0,907.59,303.69,0.33461144349320726
2023-02-13,2023,2,Middle East & Africa,Office Supplies,Binders,Home Office,1,0.0,54.04,10.41,0.19263508512213176
2021-09-13,2021,9,Latin America,Technology,Accessories,Consumer,3,0.2,1032.34,84.9,0.0822403471724432
2024-10-22,2024,10,Europe,Office Supplies,Art,Home Office,2,0.1,80.49,5.43,0.06746179649645918
2022-02-08,2022,2,Middle East & Africa,Furniture,Chairs,Corporate,2,0.0,189.83,21.05,0.11088868988041932
2021-12-31,2021,12,Europe,Technology,Laptops,Home Office,5,0.1,3245.52,561.09,0.1728813872661392
2021-04-14,2021,4,North America,Furniture,Furnishings,Consumer,1,0.1,285.47,-9.32,-0.0326479139664413
2022-06-09,2022,6,Asia Pacific,Furniture,Tables,Consumer,4,0.3,1155.87,-149.47,-0.12931385017346242
2021-04-26,2021,4,Asia Pacific,Technology,Laptops,Consumer,6,0.0,2816.35,578.9,0.20554973636089263
2022-11-13,2022,11,Asia Pacific,Technology,Accessories,Corporate,1,0.2,607.38,31.71,0.052207843524646844
2021-08-02,2021,8,Europe,Furniture,Bookcases,Home Office,4,0.4,557.31,-127.71,-0.22915433062388976
2022-12-28,2022,12,Asia Pacific,Office Supplies,Art,Corporate,4,0.3,403.81,-0.96,-0.0023773556870805576
2022-11-12,2022,11,Asia Pacific,Technology,Laptops,Corporate,4,0.1,2241.04,615.03,0.27443954592510617
2022-11-30,2022,11,North America,Technology,Phones,Corporate,4,0.0,3213.47,675.53,0.2102182376060769
2021-10-25,2021,10,North America,Furniture,Chairs,Home Office,1,0.0,418.95,40.94,0.0977204917054541
2024-01-23,2024,1,Latin America,Office Supplies,Binders,Consumer,2,0.0,194.57,34.97,0.17972966027650716
2023-08-31,2023,8,North America,Office Supplies,Art,Home Office,3,0.3,246.86,-13.66,-0.05533500769667017
2024-11-22,2024,11,Europe,Technology,Phones,Consumer,4,0.4,3573.82,14.51,0.0040600813695149725
2021-02-28,2021,2,Europe,Technology,Accessories,Corporate,1,0.1,348.51,97.23,0.2789876904536455
2024-04-07,2024,4,Latin America,Furniture,Furnishings,Home Office,1,0.1,353.71,27.66,0.07819965508467389
2021-01-08,2021,1,North America,Office Supplies,Storage,Corporate,5,0.0,377.18,91.43,0.2424041571663397
2022-12-24,2022,12,North America,Office Supplies,Binders,Corporate,7,0.2,1183.58,65.87,0.05565318778620795
2022-04-13,2022,4,Europe,Office Supplies,Art,Consumer,3,0.2,208.83,-4.1,-0.019633194464396875
2022-03-12,2022,3,Asia Pacific,Furniture,Furnishings,Corporate,7,0.1,2948.73,-58.14,-0.019716962895890772
2022-11-21,2022,11,Asia Pacific,Furniture,Tables,Consumer,2,0.15,673.14,-6.47,-0.009611670677719345
2024-04-02,2024,4,Latin America,Furniture,Bookcases,Home Office,1,0.4,883.2,-238.25,-0.2697576992753623
2024-07-27,2024,7,Europe,Office Supplies,Paper,Consumer,5,0.3,232.89,-4.04,-0.017347245480699044
2022-05-26,2022,5,Asia Pacific,Technology,Phones,Corporate,1,0.15,394.45,75.06,0.19029027760172393
2022-11-04,2022,11,Latin America,Technology,Phones,Consumer,1,0.0,1377.79,331.45,0.24056641433019546
2021-01-18,2021,1,Europe,Technology,Laptops,Corporate,3,0.2,956.84,43.9,0.04588018895531123
2022-06-22,2022,6,North America,Office Supplies,Paper,Consumer,4,0.1,253.85,12.55,0.04943864486901714
2023-12-27,2023,12,Latin America,Office Supplies,Binders,Corporate,2,0.0,143.72,36.49,0.2538964653492903
2023-12-26,2023,12,Europe,Technology,Phones,Consumer,2,0.15,1718.19,147.32,0.08574139064946251
2024-02-01,2024,2,Asia Pacific,Office Supplies,Paper,Consumer,4,0.1,199.48,37.79,0.18944255063164228
2021-07-31,2021,7,Europe,Furniture,Furnishings,Corporate,2,0.15,538.13,-15.94,-0.02962109527437608
2023-11-21,2023,11,Asia Pacific,Office Supplies,Binders,Corporate,3,0.0,435.49,83.76,0.19233507083974374
2024-01-02,2024,1,Asia Pacific,Technology,Laptops,Consumer,1,0.1,390.59,55.29,0.14155508333546687
2023-02-21,2023,2,Europe,Furniture,Tables,Corporate,3,0.1,361.27,12.0,0.03321615412295513
2024-03-30,2024,3,North America,Office Supplies,Art,Corporate,6,0.3,455.05,-12.37,-0.027183825953191954
2022-02-24,2022,2,North America,Furniture,Tables,Consumer,3,0.1,1239.16,34.08,0.027502501694696403
2023-11-15,2023,11,Europe,Office Supplies,Paper,Consumer,1,0.0,68.81,14.85,0.21581165528266238
2023-05-06,2023,5,North America,Office Supplies,Storage,Corporate,5,0.0,312.1,58.04,0.18596603652675422
2024-11-02,2024,11,Europe,Office Supplies,Paper,Home Office,2,0.1,171.27,19.77,0.11543177439131196
2023-12-04,2023,12,North America,Office Supplies,Paper,Consumer,4,0.15,200.57,3.88,0.019344867128683253
2021-04-12,2021,4,Middle East & Africa,Furniture,Tables,Consumer,1,0.15,325.92,5.1,0.015648011782032397
2022-12-25,2022,12,Europe,Technology,Laptops,Consumer,2,0.4,2664.87,-279.08,-0.104725558845272
2024-11-26,2024,11,Europe,Technology,Phones,Corporate,1,0.2,803.11,94.97,0.11825279227005017
2024-03-09,2024,3,North America,Office Supplies,Paper,Corporate,2,0.1,140.3,23.45,0.16714183891660725
2023-01-19,2023,1,Europe,Office Supplies,Art,Home Office,6,0.5,297.41,-71.44,-0.24020712148212903
2023-05-08,2023,5,Europe,Furniture,Chairs,Corporate,2,0.0,1244.74,206.75,0.16609894435785785
2021-06-06,2021,6,Asia Pacific,Office Supplies,Paper,Consumer,1,0.15,51.46,8.32,0.16167897396035757
2022-04-20,2022,4,Europe,Office Supplies,Art,Consumer,4,0.4,268.84,-53.43,-0.19874274661508706
2023-04-06,2023,4,Latin America,Office Supplies,Binders,Consumer,4,0.0,347.35,60.21,0.173341010508133
2024-11-02,2024,11,Europe,Furniture,Tables,Consumer,2,0.0,1830.13,257.46,0.14067853103331454
2024-07-24,2024,7,Asia Pacific,Technology,Copiers,Corporate,1,0.15,557.09,57.88,0.10389703638550324
2024-10-25,2024,10,Asia Pacific,Office Supplies,Art,Consumer,6,0.15,1545.65,-22.87,-0.014796363989260182
2023-08-24,2023,8,Latin America,Office Supplies,Binders,Home Office,3,0.0,230.28,36.04,0.15650512419663018
2024-09-29,2024,9,Asia Pacific,Office Supplies,Storage,Consumer,3,0.2,169.92,-6.51,-0.03831214689265537
2022-06-24,2022,6,North America,Technology,Phones,Corporate,3,0.3,2279.78,-59.96,-0.02630078340892542
2023-10-17,2023,10,North America,Office Supplies,Binders,Consumer,2,0.0,206.34,36.47,0.17674711640980906
2022-08-08,2022,8,Asia Pacific,Office Supplies,Binders,Consumer,1,0.1,120.69,7.38,0.061148396718866516
2024-01-29,2024,1,North America,Furniture,Tables,Consumer,7,0.2,1779.92,-72.55,-0.040760258888039906
2023-05-18,2023,5,Asia Pacific,Office Supplies,Paper,Consumer,1,0.4,45.26,-5.03,-0.11113566062748564
2024-04-14,2024,4,North America,Technology,Phones,Corporate,6,0.2,2776.96,411.73,0.14826644964277483
2021-07-28,2021,7,North America,Furniture,Tables,Corporate,2,0.0,395.41,43.71,0.11054348650767558
2023-07-30,2023,7,Latin America,Furniture,Bookcases,Home Office,3,0.3,1125.0,-110.67,-0.09837333333333334
2022-04-11,2022,4,Europe,Office Supplies,Binders,Corporate,4,0.2,492.66,-34.93,-0.07090082409775504
2022-01-09,2022,1,Europe,Office Supplies,Storage,Home Office,2,0.1,64.19,3.4,0.0529677519862907
2024-10-17,2024,10,North America,Office Supplies,Storage,Home Office,4,0.0,519.58,117.69,0.22650987335925168
2021-04-08,2021,4,Latin America,Office Supplies,Paper,Corporate,2,0.0,173.92,27.68,0.15915363385464582
2022-05-25,2022,5,North America,Technology,Accessories,Consumer,6,0.1,3520.23,496.22,0.14096238029901456
2023-06-01,2023,6,Europe,Technology,Copiers,Home Office,4,0.1,1859.44,440.03,0.23664651723099425
2022-10-28,2022,10,Middle East & Africa,Technology,Accessories,Consumer,2,0.0,434.52,108.88,0.25057534750989596
2021-02-21,2021,2,Europe,Office Supplies,Art,Corporate,3,0.1,141.81,1.8,0.012693039983075947
2022-06-13,2022,6,Europe,Office Supplies,Binders,Consumer,2,0.4,48.19,-11.9,-0.24693919900394273
2023-01-05,2023,1,Europe,Technology,Accessories,Corporate,2,0.3,1333.0,90.16,0.06763690922730682
2024-06-22,2024,6,Europe,Technology,Accessories,Consumer,2,0.1,1808.0,351.74,0.19454646017699115
2021-05-31,2021,5,North America,Office Supplies,Binders,Consumer,4,0.0,276.04,47.74,0.1729459498623388
2022-11-30,2022,11,Asia Pacific,Technology,Phones,Consumer,1,0.0,477.08,105.2,0.22050809088622456
2022-11-04,2022,11,Europe,Technology,Accessories,Corporate,1,0.2,639.33,50.31,0.07869175543146732
2021-08-19,2021,8,Europe,Furniture,Chairs,Consumer,1,0.2,330.76,-34.58,-0.10454710364010159
2021-10-22,2021,10,Asia Pacific,Technology,Copiers,Consumer,2,0.1,1484.19,250.35,0.1686778646938734
2023-03-28,2023,3,Asia Pacific,Office Supplies,Art,Consumer,3,0.15,310.28,23.89,0.07699497228309915
2023-08-12,2023,8,North America,Furniture,Bookcases,Consumer,1,0.0,472.87,51.56,0.10903631019096158
2021-03-02,2021,3,Asia Pacific,Office Supplies,Binders,Home Office,5,0.1,323.61,37.31,0.11529309971879732
2024-01-14,2024,1,North America,Technology,Accessories,Consumer,6,0.5,2155.12,-299.68,-0.13905490181521216
2022-07-31,2022,7,Asia Pacific,Office Supplies,Storage,Corporate,4,0.2,281.6,3.0,0.01065340909090909
2024-03-31,2024,3,Europe,Office Supplies,Paper,Corporate,2,0.2,117.37,-3.74,-0.031865042174320526
2024-04-11,2024,4,Europe,Furniture,Bookcases,Corporate,2,0.15,1064.26,-14.52,-0.013643282656493713
2022-07-24,2022,7,Europe,Furniture,Furnishings,Corporate,3,0.3,725.93,-104.86,-0.14444918931577425
2021-07-06,2021,7,Asia Pacific,Furniture,Bookcases,Home Office,3,0.15,710.16,-52.45,-0.07385659569674441
2024-07-11,2024,7,Middle East & Africa,Office Supplies,Binders,Consumer,3,0.3,331.07,-35.95,-0.10858730782009848
2023-08-25,2023,8,North America,Technology,Laptops,Corporate,4,0.0,2357.29,640.82,0.27184606051864646
2022-08-13,2022,8,Asia Pacific,Office Supplies,Binders,Corporate,2,0.1,80.82,4.7,0.058153922296461276
2022-12-14,2022,12,Asia Pacific,Office Supplies,Storage,Consumer,3,0.15,248.36,4.76,0.019165727170236752
2021-10-23,2021,10,Europe,Office Supplies,Storage,Corporate,3,0.2,257.39,-3.48,-0.013520338785500604
2024-11-03,2024,11,Europe,Office Supplies,Art,Corporate,1,0.0,233.26,32.43,0.1390294092429049
2024-11-09,2024,11,Europe,Furniture,Tables,Corporate,2,0.0,1284.85,202.32,0.1574658520449858
2021-05-03,2021,5,Asia Pacific,Office Supplies,Paper,Consumer,4,0.15,193.76,-5.28,-0.027250206440957887
2022-01-13,2022,1,North America,Technology,Phones,Consumer,4,0.0,1338.4,404.64,0.30233114166168557
2024-08-30,2024,8,Latin America,Furniture,Chairs,Consumer,3,0.1,942.88,8.95,0.009492194128627184
2024-10-04,2024,10,North America,Technology,Copiers,Consumer,5,0.15,5593.47,1250.88,0.22363219968999568
2023-09-22,2023,9,North America,Office Supplies,Art,Home Office,6,0.1,286.39,15.22,0.05314431369810399
2023-03-09,2023,3,Latin America,Furniture,Furnishings,Consumer,2,0.0,380.93,36.13,0.09484682225080723
2021-09-08,2021,9,Asia Pacific,Office Supplies,Binders,Consumer,2,0.1,105.48,1.13,0.010712931361395523
2024-05-20,2024,5,North America,Furniture,Tables,Consumer,2,0.0,361.87,40.42,0.11169757095089397
2021-07-28,2021,7,North America,Technology,Copiers,Home Office,3,0.15,1002.71,148.07,0.14766981480188687
2021-11-05,2021,11,Asia Pacific,Office Supplies,Paper,Consumer,3,0.1,158.49,5.9,0.037226323427345574
2021-11-05,2021,11,Asia Pacific,Office Supplies,Paper,Consumer,1,0.1,50.87,3.29,0.06467466090033419
2023-04-10,2023,4,Latin America,Office Supplies,Paper,Consumer,1,0.0,53.38,11.58,0.2169351817159985
2023-05-10,2023,5,Asia Pacific,Technology,Accessories,Corporate,1,0.15,612.21,92.94,0.1518106532072328
2023-03-31,2023,3,Middle East & Africa,Office Supplies,Art,Consumer,3,0.0,129.01,15.5,0.12014572513758624
2022-12-05,2022,12,North America,Office Supplies,Paper,Consumer,8,0.15,441.1,-16.39,-0.0371571072319202
2024-08-01,2024,8,North America,Office Supplies,Art,Consumer,2,0.1,189.24,30.68,0.16212217290213485
2022-09-29,2022,9,Middle East & Africa,Technology,Phones,Consumer,2,0.1,1300.38,266.35,0.2048247435365047
2021-08-21,2021,8,Asia Pacific,Furniture,Chairs,Home Office,1,0.3,424.24,-61.62,-0.1452479728455591
2022-01-01,2022,1,North America,Office Supplies,Paper,Corporate,6,0.0,424.77,82.97,0.19532923699884644
2022-11-05,2022,11,North America,Office Supplies,Art,Consumer,3,0.15,291.94,7.78,0.0266493115023635
2021-10-07,2021,10,Europe,Office Supplies,Paper,Consumer,4,0.3,266.06,-16.48,-0.061940915582951214
2024-04-18,2024,4,Asia Pacific,Office Supplies,Storage,Consumer,4,0.3,278.73,-23.29,-0.083557564668317
2023-04-17,2023,4,North America,Office Supplies,Paper,Home Office,3,0.1,235.9,24.18,0.10250105977108945
2024-03-16,2024,3,Middle East & Africa,Office Supplies,Binders,Home Office,3,0.3,122.69,-5.97,-0.04865922243051593
2021-05-20,2021,5,North America,Technology,Laptops,Home Office,3,0.2,964.41,109.32,0.1133542787818459
2022-06-29,2022,6,Europe,Technology,Phones,Consumer,3,0.2,1587.0,151.11,0.09521739130434784
2022-09-06,2022,9,North America,Office Supplies,Art,Consumer,2,0.2,177.45,10.81,0.06091856861087631
2023-10-20,2023,10,Asia Pacific,Office Supplies,Art,Consumer,3,0.2,312.68,-6.74,-0.02155558398362543
2024-09-08,2024,9,Europe,Office Supplies,Storage,Consumer,2,0.15,145.77,15.54,0.10660629759209712
2024-11-09,2024,11,North America,Furniture,Tables,Consumer,3,0.2,1445.53,-139.64,-0.09660124660159249
2023-10-22,2023,10,North America,Technology,Accessories,Corporate,4,0.4,1504.23,-90.36,-0.060070600905446636
2021-05-11,2021,5,Europe,Technology,Copiers,Corporate,3,0.1,1402.73,203.43,0.14502434538364475
2022-12-09,2022,12,Asia Pacific,Furniture,Furnishings,Home Office,2,0.1,580.73,49.7,0.08558193997210407
2024-08-18,2024,8,Asia Pacific,Office Supplies,Paper,Corporate,2,0.1,75.19,4.72,0.06277430509376247
2022-10-19,2022,10,North America,Technology,Laptops,Home Office,1,0.0,737.55,159.89,0.21678530269134297
2022-02-03,2022,2,Europe,Office Supplies,Binders,Consumer,4,0.0,260.44,46.9,0.18007986484410995
2022-09-01,2022,9,North America,Office Supplies,Paper,Consumer,4,0.1,106.33,9.19,0.08642904166274805
2022-06-15,2022,6,Europe,Office Supplies,Art,Corporate,4,0.15,269.1,-0.44,-0.0016350798959494611
2023-01-24,2023,1,North America,Technology,Phones,Consumer,2,0.4,1091.62,-34.57,-0.03166852934171232
2024-06-30,2024,6,North America,Technology,Copiers,Home Office,2,0.15,779.77,142.57,0.18283596445105607
2021-09-17,2021,9,Europe,Technology,Laptops,Corporate,3,0.1,909.89,158.38,0.17406499686775323
2022-12-20,2022,12,Middle East & Africa,Furniture,Chairs,Corporate,1,0.1,231.92,5.23,0.022550879613659886
2022-01-20,2022,1,Asia Pacific,Office Supplies,Art,Consumer,3,0.15,178.25,-6.78,-0.03803646563814867
2022-10-01,2022,10,Latin America,Technology,Accessories,Corporate,1,0.0,298.48,82.32,0.2757973733583489
2021-06-09,2021,6,North America,Furniture,Bookcases,Corporate,2,0.2,692.12,-76.55,-0.11060220770964573
2021-06-05,2021,6,North America,Office Supplies,Art,Consumer,2,0.1,122.49,10.39,0.08482325087762267
2021-10-18,2021,10,Asia Pacific,Technology,Copiers,Consumer,1,0.2,704.2,103.39,0.14681908548707753
2023-08-15,2023,8,Asia Pacific,Office Supplies,Storage,Corporate,1,0.15,45.42,3.7,0.08146191105239982
2022-02-07,2022,2,North America,Office Supplies,Art,Corporate,1,0.5,44.48,-10.64,-0.23920863309352522
2023-11-23,2023,11,Asia Pacific,Office Supplies,Binders,Consumer,5,0.15,610.58,10.7,0.017524321137279305
2021-05-16,2021,5,North America,Furniture,Tables,Corporate,7,0.2,1634.95,-84.85,-0.05189761154775375
2024-12-21,2024,12,Asia Pacific,Office Supplies,Paper,Corporate,1,0.2,132.06,3.73,0.02824473724064819
2024-11-17,2024,11,Europe,Technology,Copiers,Consumer,3,0.5,3021.54,-619.75,-0.2051106389457032
2022-11-23,2022,11,North America,Technology,Laptops,Consumer,3,0.0,3745.93,1242.05,0.3315732007805805
2021-04-08,2021,4,Europe,Office Supplies,Paper,Corporate,2,0.15,163.5,6.69,0.04091743119266055
2023-04-15,2023,4,Europe,Technology,Copiers,Corporate,4,0.1,4310.86,657.98,0.15263311728982154
2022-01-23,2022,1,North America,Technology,Laptops,Consumer,6,0.4,4112.25,-658.24,-0.16006808924554686
2021-11-14,2021,11,Asia Pacific,Office Supplies,Storage,Consumer,1,0.0,71.77,16.16,0.22516371743068136
2023-02-02,2023,2,Asia Pacific,Office Supplies,Storage,Corporate,3,0.2,195.76,-7.66,-0.039129546383326524
2021-10-23,2021,10,Europe,Furniture,Furnishings,Corporate,2,0.15,762.66,-18.43,-0.024165421026407573
2021-12-05,2021,12,Europe,Technology,Copiers,Consumer,4,0.15,2242.29,419.41,0.18704538663598377
2023-10-24,2023,10,North America,Technology,Laptops,Corporate,3,0.0,2612.74,624.37,0.23897134808668297
2021-05-16,2021,5,North America,Technology,Laptops,Consumer,1,0.0,461.43,133.82,0.29001148603255095
2021-09-17,2021,9,North America,Furniture,Tables,Home Office,3,0.15,684.14,-38.58,-0.05639196655655275
2021-04-27,2021,4,Europe,Office Supplies,Paper,Consumer,4,0.4,212.16,-23.1,-0.10888009049773756
2024-10-21,2024,10,North America,Technology,Copiers,Home Office,1,0.5,504.7,-108.78,-0.2155339805825243
2021-12-03,2021,12,Asia Pacific,Furniture,Furnishings,Corporate,2,0.2,1417.82,-38.48,-0.02714025757853606
2023-07-13,2023,7,North America,Office Supplies,Paper,Corporate,3,0.15,176.25,-22.06,-0.12516312056737589
2022-01-04,2022,1,Europe,Technology,Phones,Consumer,4,0.15,2178.15,381.79,0.1752817758189289
2022-02-05,2022,2,Asia Pacific,Office Supplies,Art,Corporate,4,0.0,243.17,43.85,0.1803265205411852
2023-03-19,2023,3,Latin America,Technology,Laptops,Consumer,2,0.1,664.74,158.27,0.23809308902728887
2024-06-26,2024,6,Latin America,Office Supplies,Binders,Consumer,5,0.0,374.35,104.86,0.28011219447041535
2024-10-28,2024,10,North America,Technology,Phones,Home Office,6,0.2,3378.62,368.89,0.10918363118669752
2022-08-28,2022,8,Middle East & Africa,Furniture,Furnishings,Home Office,2,0.1,589.84,-23.62,-0.04004475790044758
2021-03-13,2021,3,Middle East & Africa,Office Supplies,Paper,Consumer,5,0.0,199.23,42.0,0.21081162475530796
2021-03-11,2021,3,Asia Pacific,Furniture,Furnishings,Corporate,4,0.0,810.41,81.45,0.10050468281487149
2022-05-10,2022,5,North America,Technology,Laptops,Consumer,2,0.0,791.6,247.79,0.3130242546740778
2021-03-15,2021,3,Latin America,Office Supplies,Paper,Home Office,3,0.4,193.29,-14.18,-0.07336127062962389
2021-09-13,2021,9,Middle East & Africa,Office Supplies,Art,Consumer,4,0.1,201.13,15.8,0.07855615770894447
2023-01-11,2023,1,Asia Pacific,Technology,Accessories,Consumer,3,0.0,1197.69,307.14,0.2564436540340155
2024-11-10,2024,11,Asia Pacific,Technology,Accessories,Consumer,5,0.1,5141.42,1133.12,0.22039047578295487
2022-07-21,2022,7,Europe,Technology,Phones,Corporate,4,0.1,2335.68,295.33,0.12644283463488148
2023-12-31,2023,12,Latin America,Technology,Laptops,Consumer,5,0.0,5719.97,1015.97,0.17761806443040784
2022-03-25,2022,3,Europe,Technology,Laptops,Corporate,6,0.0,1984.4,661.95,0.33357689981858496
2021-04-03,2021,4,Asia Pacific,Furniture,Chairs,Consumer,3,0.15,718.04,9.16,0.012756949473566932
2022-05-07,2022,5,Asia Pacific,Furniture,Tables,Consumer,5,0.15,1552.13,14.73,0.0094901844561989
2023-09-23,2023,9,Latin America,Technology,Laptops,Home Office,4,0.2,2544.72,289.04,0.11358420572793865
2022-12-14,2022,12,North America,Office Supplies,Storage,Corporate,2,0.5,158.66,-45.74,-0.28828942392537504
2021-02-04,2021,2,Middle East & Africa,Office Supplies,Paper,Corporate,4,0.0,100.28,17.52,0.1747108097327483
2021-12-10,2021,12,North America,Technology,Copiers,Consumer,1,0.1,912.22,152.0,0.16662647168446207
2023-09-20,2023,9,Latin America,Technology,Laptops,Consumer,1,0.0,584.87,132.83,0.2271102980149435
2022-02-20,2022,2,North America,Technology,Accessories,Consumer,4,0.3,1539.49,0.89,0.0005781135311044566
2022-10-03,2022,10,North America,Office Supplies,Storage,Corporate,2,0.15,89.03,4.42,0.04964618667864765
2022-08-07,2022,8,Europe,Technology,Copiers,Consumer,6,0.0,1558.97,416.51,0.26716999044240747
2021-05-05,2021,5,Europe,Technology,Phones,Corporate,4,0.1,2337.95,681.46,0.29147757650933515
2023-08-27,2023,8,Europe,Technology,Laptops,Consumer,3,0.3,1708.82,98.65,0.05772989548343302
2022-03-17,2022,3,North America,Office Supplies,Binders,Corporate,3,0.2,137.67,4.07,0.029563448826904922
2024-10-03,2024,10,North America,Office Supplies,Binders,Corporate,1,0.15,78.37,3.09,0.039428352685976775
2023-10-25,2023,10,North America,Technology,Laptops,Corporate,2,0.2,844.85,93.13,0.11023258566609456
2022-09-27,2022,9,Europe,Furniture,Bookcases,Consumer,4,0.15,1703.98,-48.93,-0.028715125764386906
2023-03-18,2023,3,North America,Office Supplies,Binders,Consumer,4,0.0,249.77,68.69,0.2750130119710133
2021-04-04,2021,4,Asia Pacific,Technology,Phones,Corporate,3,0.2,1669.25,82.36,0.04933952373820578
2021-12-14,2021,12,Europe,Technology,Laptops,Consumer,3,0.15,2864.9,468.07,0.16338092080002792
2022-07-10,2022,7,Asia Pacific,Furniture,Furnishings,Consumer,5,0.0,1465.35,240.26,0.16396082847101376
2024-11-02,2024,11,North America,Furniture,Bookcases,Consumer,2,0.3,1238.25,-119.31,-0.09635372501514233
2022-12-03,2022,12,Europe,Office Supplies,Binders,Home Office,1,0.0,167.53,30.94,0.1846833402972602
2024-10-16,2024,10,North America,Office Supplies,Binders,Corporate,2,0.5,150.39,-40.82,-0.27142762151738814
2022-08-29,2022,8,North America,Technology,Phones,Home Office,1,0.4,450.32,-65.71,-0.14591845798543257
2021-03-22,2021,3,Asia Pacific,Office Supplies,Binders,Corporate,2,0.1,64.1,8.76,0.13666146645865834
2024-03-24,2024,3,Europe,Technology,Phones,Corporate,4,0.15,2402.74,279.05,0.11613824217351858
2024-10-14,2024,10,Europe,Technology,Accessories,Consumer,2,0.0,1298.76,294.36,0.2266469555576088
2022-10-31,2022,10,North America,Office Supplies,Art,Home Office,5,0.1,155.69,18.9,0.12139507996660029
2024-04-03,2024,4,North America,Office Supplies,Paper,Consumer,5,0.1,290.29,45.06,0.155224086258569
2024-10-20,2024,10,North America,Office Supplies,Art,Consumer,3,0.3,277.99,-21.85,-0.0785999496384762
2024-05-06,2024,5,Latin America,Technology,Accessories,Consumer,5,0.0,2655.49,711.93,0.2680974132834242
2021-01-28,2021,1,Latin America,Office Supplies,Binders,Consumer,3,0.5,67.4,-14.56,-0.21602373887240356
2021-08-20,2021,8,Europe,Furniture,Tables,Corporate,5,0.1,1463.42,95.31,0.06512826119637562
2023-10-19,2023,10,Asia Pacific,Office Supplies,Binders,Home Office,1,0.0,24.45,2.61,0.1067484662576687
2022-12-06,2022,12,North America,Office Supplies,Paper,Consumer,4,0.15,286.51,6.21,0.021674636138354682
2021-03-28,2021,3,North America,Furniture,Chairs,Consumer,4,0.0,1151.1,182.83,0.15883068369385808
2024-11-20,2024,11,Asia Pacific,Technology,Accessories,Consumer,3,0.2,2076.64,150.39,0.0724198705601356
2021-11-10,2021,11,North America,Office Supplies,Art,Home Office,3,0.2,196.81,-1.81,-0.009196687160205275
2024-06-03,2024,6,Latin America,Technology,Phones,Home Office,1,0.2,450.37,9.06,0.020116792859204653
2022-10-02,2022,10,Asia Pacific,Office Supplies,Binders,Consumer,3,0.1,163.79,21.66,0.13224250564747544
2023-02-12,2023,2,Asia Pacific,Technology,Copiers,Home Office,7,0.3,4004.97,-273.57,-0.06830762777249268
2021-07-12,2021,7,Asia Pacific,Office Supplies,Storage,Consumer,1,0.2,111.45,-5.17,-0.046388515029161054
2022-04-27,2022,4,Europe,Technology,Laptops,Home Office,3,0.0,967.22,221.99,0.22951345092119685
2021-05-22,2021,5,Latin America,Office Supplies,Paper,Corporate,5,0.1,133.82,8.0,0.059781796442983114
2024-03-18,2024,3,Asia Pacific,Technology,Phones,Consumer,3,0.1,1849.8,411.96,0.22270515731430424
2023-12-15,2023,12,Europe,Office Supplies,Paper,Corporate,2,0.2,191.53,-0.93,-0.004855636192763536
2023-10-06,2023,10,Asia Pacific,Furniture,Bookcases,Corporate,4,0.0,1408.94,283.61,0.2012931707524806
2022-12-23,2022,12,Europe,Office Supplies,Art,Consumer,6,0.3,629.74,-48.18,-0.07650776510941024
2023-08-24,2023,8,Asia Pacific,Office Supplies,Storage,Consumer,4,0.3,325.2,-22.73,-0.06989544895448954
2024-07-08,2024,7,Asia Pacific,Office Supplies,Paper,Corporate,3,0.1,221.51,18.44,0.08324680601327254
2024-10-24,2024,10,Asia Pacific,Office Supplies,Storage,Corporate,4,0.0,445.24,125.14,0.28106189920043123
2023-06-12,2023,6,Europe,Office Supplies,Binders,Consumer,4,0.3,404.19,-38.42,-0.0950543061431505
2021-06-05,2021,6,North America,Technology,Laptops,Consumer,2,0.3,1145.48,-20.6,-0.017983727345741524
2021-09-22,2021,9,Europe,Furniture,Chairs,Consumer,4,0.15,1450.38,-19.86,-0.013692963223431099
2023-10-06,2023,10,Asia Pacific,Office Supplies,Art,Corporate,4,0.4,276.41,-62.85,-0.22737961723526642
2024-05-28,2024,5,North America,Office Supplies,Paper,Corporate,4,0.2,198.12,-4.33,-0.02185544114677973
2021-01-18,2021,1,Europe,Office Supplies,Storage,Consumer,1,0.1,40.91,5.24,0.12808604253238817
2021-10-24,2021,10,Asia Pacific,Office Supplies,Paper,Corporate,5,0.15,258.73,14.87,0.05747304139450392
2022-10-09,2022,10,North America,Furniture,Furnishings,Consumer,4,0.1,1308.06,14.67,0.01121508187697812
2022-01-02,2022,1,Europe,Office Supplies,Binders,Corporate,4,0.1,267.5,18.38,0.06871028037383177
2021-09-20,2021,9,Europe,Furniture,Bookcases,Home Office,5,0.2,727.61,-60.29,-0.0828603235249653
2024-03-11,2024,3,Asia Pacific,Office Supplies,Art,Consumer,2,0.2,194.47,2.68,0.013781045919679128
2022-05-14,2022,5,Europe,Office Supplies,Paper,Consumer,4,0.15,210.19,-5.76,-0.02740377753461154
2023-07-03,2023,7,North America,Office Supplies,Storage,Home Office,2,0.1,242.96,33.77,0.13899407309845244
2021-02-27,2021,2,Middle East & Africa,Office Supplies,Paper,Consumer,3,0.1,96.93,-1.46,-0.015062416176622304
2021-09-18,2021,9,Europe,Furniture,Chairs,Consumer,1,0.1,268.72,-13.69,-0.050945221792200054
2024-08-31,2024,8,Latin America,Furniture,Furnishings,Consumer,3,0.0,742.67,91.94,0.12379657182867222
2023-09-03,2023,9,Europe,Technology,Laptops,Home Office,3,0.1,1497.19,244.52,0.16331928479351318
2023-02-28,2023,2,North America,Technology,Copiers,Consumer,1,0.0,358.56,82.48,0.23003123605533246
2024-10-05,2024,10,Europe,Furniture,Furnishings,Corporate,1,0.0,440.34,61.03,0.13859744742698824
2024-12-01,2024,12,North America,Furniture,Furnishings,Consumer,3,0.0,956.87,86.68,0.0905870180902317
2023-10-17,2023,10,North America,Technology,Copiers,Consumer,2,0.3,1222.06,18.24,0.014925617400127652
2024-04-08,2024,4,North America,Office Supplies,Paper,Consumer,3,0.0,123.88,22.12,0.17855989667420086
2024-06-28,2024,6,Latin America,Office Supplies,Paper,Consumer,3,0.1,200.65,19.91,0.09922751059058062
2023-06-20,2023,6,Latin America,Technology,Laptops,Consumer,4,0.1,3144.99,492.2,0.15650288236210608
2023-02-04,2023,2,Asia Pacific,Office Supplies,Art,Corporate,1,0.5,37.4,-13.87,-0.370855614973262
2022-02-03,2022,2,Asia Pacific,Furniture,Chairs,Consumer,5,0.15,1359.04,-95.79,-0.07048357664233577
2021-03-02,2021,3,North America,Technology,Accessories,Corporate,6,0.15,2131.63,368.9,0.17306005263577637
2022-08-29,2022,8,Asia Pacific,Technology,Accessories,Corporate,5,0.0,3272.69,804.63,0.2458619667612881
2023-04-20,2023,4,Europe,Technology,Laptops,Consumer,2,0.2,657.78,60.83,0.09247772811578339
2024-10-06,2024,10,North America,Technology,Laptops,Consumer,6,0.2,3086.38,332.85,0.10784478904088285
2021-12-06,2021,12,Asia Pacific,Technology,Phones,Consumer,4,0.0,3911.98,1054.16,0.2694696803153391
2022-10-11,2022,10,Middle East & Africa,Technology,Accessories,Consumer,5,0.0,2063.14,543.81,0.2635836637358589
2022-05-03,2022,5,Asia Pacific,Office Supplies,Binders,Consumer,5,0.15,340.65,44.93,0.13189490679583152
2023-09-12,2023,9,Asia Pacific,Technology,Copiers,Home Office,3,0.2,4178.02,104.59,0.02503338902159396
2023-06-18,2023,6,North America,Office Supplies,Binders,Consumer,2,0.2,117.12,-0.17,-0.0014515027322404373
2022-11-15,2022,11,Asia Pacific,Office Supplies,Paper,Consumer,2,0.4,252.65,-45.65,-0.18068474173758162
2023-02-20,2023,2,Asia Pacific,Furniture,Chairs,Corporate,3,0.15,699.92,-1.3,-0.0018573551263001487
2024-06-17,2024,6,Europe,Furniture,Tables,Corporate,3,0.15,1197.57,-49.04,-0.04094958958557746
2024-04-16,2024,4,Latin America,Office Supplies,Art,Corporate,5,0.0,197.93,26.55,0.1341383317334411
2021-03-27,2021,3,Asia Pacific,Furniture,Tables,Corporate,1,0.15,181.53,-9.97,-0.05492205145155071
2024-05-02,2024,5,Europe,Office Supplies,Paper,Corporate,3,0.15,132.25,10.01,0.07568998109640832
2022-09-07,2022,9,North America,Office Supplies,Binders,Consumer,3,0.4,150.07,-24.18,-0.16112480842273605
2023-11-13,2023,11,North America,Technology,Laptops,Home Office,2,0.0,830.07,218.91,0.2637247461057501
2024-03-29,2024,3,Europe,Office Supplies,Binders,Corporate,2,0.4,108.34,-21.16,-0.19531105778105962
2021-07-14,2021,7,North America,Technology,Copiers,Corporate,2,0.3,1139.06,27.48,0.024125155830245992
2022-01-01,2022,1,Europe,Office Supplies,Binders,Consumer,5,0.1,291.48,32.51,0.11153423905585287
2022-09-07,2022,9,Asia Pacific,Office Supplies,Art,Corporate,5,0.0,217.29,52.54,0.24179667725159926
2022-03-31,2022,3,Asia Pacific,Office Supplies,Storage,Corporate,2,0.15,101.41,3.02,0.029780100581796667
2024-05-21,2024,5,Europe,Technology,Phones,Consumer,5,0.3,4324.75,120.96,0.027969246777270362
2023-01-15,2023,1,Asia Pacific,Office Supplies,Paper,Consumer,1,0.0,70.74,14.49,0.2048346055979644
2022-12-07,2022,12,Asia Pacific,Office Supplies,Art,Corporate,1,0.0,97.55,7.88,0.08077908764736033
2024-02-21,2024,2,Asia Pacific,Furniture,Tables,Consumer,2,0.15,447.32,-6.24,-0.013949745148886705
2024-11-01,2024,11,Latin America,Office Supplies,Paper,Corporate,8,0.3,1122.62,-100.0,-0.08907733694393473
2021-02-05,2021,2,North America,Office Supplies,Binders,Corporate,3,0.1,230.34,18.62,0.08083702353043327
2022-03-06,2022,3,Europe,Technology,Laptops,Home Office,2,0.0,928.86,316.53,0.34077255991215033
2022-11-17,2022,11,Europe,Office Supplies,Paper,Corporate,2,0.3,316.2,-34.29,-0.10844402277039848
2022-08-09,2022,8,Asia Pacific,Office Supplies,Storage,Corporate,5,0.1,222.46,23.55,0.10586172795109233
2023-03-03,2023,3,Asia Pacific,Technology,Laptops,Home Office,3,0.0,1326.35,328.47,0.24764956459456405
2021-07-07,2021,7,Europe,Technology,Copiers,Corporate,2,0.0,922.81,333.51,0.36140700685948357
2023-06-14,2023,6,Asia Pacific,Office Supplies,Binders,Consumer,4,0.0,233.89,36.5,0.15605626576595835
2021-10-04,2021,10,Europe,Office Supplies,Art,Consumer,1,0.3,67.78,-6.42,-0.09471820596046031
2024-01-22,2024,1,North America,Technology,Phones,Consumer,5,0.0,3980.54,1240.43,0.31162354856376273
2023-01-05,2023,1,Latin America,Technology,Phones,Consumer,4,0.1,1504.8,373.0,0.24787347155768208
2022-10-23,2022,10,Asia Pacific,Technology,Accessories,Home Office,1,0.0,316.26,116.18,0.36735597293366223
2021-12-19,2021,12,North America,Office Supplies,Paper,Corporate,2,0.0,123.83,22.79,0.18404263910199467
2023-07-23,2023,7,Europe,Furniture,Chairs,Corporate,2,0.5,860.73,-259.52,-0.3015115076737188
2021-10-21,2021,10,North America,Office Supplies,Paper,Consumer,1,0.0,40.43,4.4,0.10883007667573585
2024-03-08,2024,3,North America,Technology,Laptops,Consumer,1,0.15,593.99,92.03,0.1549352682705096
2024-09-12,2024,9,Latin America,Office Supplies,Art,Home Office,1,0.0,61.97,12.37,0.19961271583024043
2021-07-18,2021,7,North America,Office Supplies,Binders,Home Office,2,0.0,146.99,20.2,0.13742431457922305
2024-06-07,2024,6,Europe,Technology,Accessories,Consumer,4,0.3,2214.22,12.86,0.005807914299392111
2023-06-16,2023,6,Asia Pacific,Office Supplies,Storage,Consumer,2,0.15,149.76,4.63,0.03091613247863248
2024-02-13,2024,2,Latin America,Office Supplies,Paper,Home Office,1,0.0,53.12,8.82,0.16603915662650603
2024-06-30,2024,6,Asia Pacific,Furniture,Chairs,Consumer,5,0.1,2140.57,51.99,0.024287923310146363
2021-12-15,2021,12,Europe,Office Supplies,Binders,Home Office,1,0.1,124.31,8.67,0.06974499235781514
2022-06-08,2022,6,North America,Technology,Laptops,Consumer,2,0.1,809.09,124.62,0.1540248921628002
2022-04-29,2022,4,North America,Office Supplies,Art,Corporate,2,0.0,85.89,9.73,0.11328443357783212
2022-10-04,2022,10,North America,Office Supplies,Binders,Consumer,3,0.0,282.33,65.63,0.2324584705840683
2023-05-05,2023,5,Europe,Furniture,Chairs,Corporate,2,0.4,407.47,-94.95,-0.23302329005816377
2024-08-05,2024,8,Europe,Furniture,Chairs,Corporate,2,0.0,503.5,77.17,0.15326713008937437
2021-11-29,2021,11,Middle East & Africa,Furniture,Furnishings,Consumer,2,0.2,503.94,-31.27,-0.06205103782196293
2022-03-08,2022,3,Asia Pacific,Office Supplies,Paper,Home Office,1,0.15,68.76,1.9,0.027632344386271084
2022-12-03,2022,12,North America,Office Supplies,Storage,Consumer,6,0.0,937.42,205.25,0.2189520172388044
2022-12-10,2022,12,Europe,Technology,Copiers,Consumer,5,0.0,2460.34,757.26,0.307786728663518
2021-06-14,2021,6,Latin America,Technology,Accessories,Consumer,2,0.15,910.04,118.03,0.1296975957100787
2022-01-25,2022,1,North America,Technology,Phones,Consumer,2,0.15,984.62,55.12,0.05598098758912067
2024-01-07,2024,1,North America,Furniture,Tables,Corporate,3,0.1,655.51,-3.95,-0.006025842473799027
2024-05-06,2024,5,Europe,Office Supplies,Binders,Consumer,2,0.3,153.02,-6.01,-0.039275911645536524
2022-12-07,2022,12,North America,Office Supplies,Binders,Consumer,3,0.0,643.55,115.16,0.17894491492502526
2021-10-31,2021,10,Asia Pacific,Office Supplies,Binders,Home Office,6,0.4,579.98,-67.3,-0.11603848408565812
2022-10-02,2022,10,Europe,Technology,Phones,Consumer,2,0.3,519.82,46.42,0.08930014235696972
2022-06-13,2022,6,North America,Furniture,Tables,Home Office,2,0.4,465.63,-141.09,-0.30300882675085367
2022-07-02,2022,7,North America,Office Supplies,Binders,Home Office,4,0.15,180.8,13.73,0.07594026548672567
2023-01-23,2023,1,North America,Office Supplies,Art,Consumer,5,0.1,346.81,46.91,0.13526138231308207
2021-10-24,2021,10,Europe,Technology,Accessories,Consumer,2,0.0,735.8,275.52,0.3744495786898614
2021-02-10,2021,2,North America,Office Supplies,Paper,Consumer,5,0.0,166.24,32.5,0.1955004812319538
2021-09-16,2021,9,North America,Office Supplies,Storage,Consumer,4,0.2,202.75,-9.5,-0.0468557336621455
2021-04-02,2021,4,Europe,Office Supplies,Paper,Consumer,4,0.0,116.72,25.98,0.22258396161754626
2022-05-12,2022,5,Asia Pacific,Office Supplies,Storage,Corporate,3,0.2,171.64,21.09,0.12287345607084596
2023-10-18,2023,10,Europe,Office Supplies,Paper,Consumer,2,0.1,143.36,16.5,0.11509486607142856
2023-09-09,2023,9,Europe,Furniture,Chairs,Corporate,3,0.2,1005.04,-98.89,-0.09839409376741225
2022-02-01,2022,2,Asia Pacific,Office Supplies,Paper,Consumer,3,0.5,113.2,-36.28,-0.3204946996466431
2023-12-04,2023,12,Latin America,Office Supplies,Art,Consumer,2,0.1,326.34,21.72,0.06655635227063798
2022-10-17,2022,10,Europe,Furniture,Chairs,Corporate,1,0.0,205.34,20.44,0.0995422226551086
2022-02-04,2022,2,North America,Office Supplies,Storage,Corporate,4,0.15,224.84,11.8,0.05248176481053193
2021-11-09,2021,11,Europe,Technology,Phones,Corporate,7,0.15,6860.54,307.48,0.044818629437332926
2024-02-10,2024,2,North America,Office Supplies,Paper,Home Office,3,0.0,187.29,43.22,0.2307651236051044
2022-07-21,2022,7,Asia Pacific,Office Supplies,Binders,Home Office,1,0.0,62.34,13.34,0.21398780879050366
2021-06-27,2021,6,Europe,Office Supplies,Storage,Consumer,3,0.1,168.45,26.64,0.15814781834372219
2024-02-16,2024,2,Europe,Office Supplies,Art,Consumer,2,0.15,128.52,3.4,0.026455026455026454
2023-09-13,2023,9,Asia Pacific,Furniture,Chairs,Corporate,3,0.1,1140.84,53.25,0.046676133375407595
2021-07-09,2021,7,North America,Office Supplies,Art,Consumer,1,0.4,24.49,-2.75,-0.11229073091057576
2024-07-03,2024,7,Europe,Technology,Copiers,Consumer,2,0.15,1176.74,87.69,0.0745194350493737
2021-10-03,2021,10,North America,Technology,Laptops,Corporate,6,0.1,5654.66,1311.6,0.2319502852514563
2022-08-26,2022,8,North America,Office Supplies,Art,Home Office,3,0.15,202.23,24.13,0.11931958660930624
2022-04-10,2022,4,Europe,Technology,Laptops,Corporate,3,0.1,1412.03,201.0,0.14234825039128063
2024-05-21,2024,5,Asia Pacific,Office Supplies,Art,Consumer,2,0.0,286.13,50.1,0.17509523643099292
2023-06-27,2023,6,Asia Pacific,Technology,Laptops,Consumer,4,0.1,1831.29,473.99,0.2588284761015459
2024-04-12,2024,4,Europe,Technology,Phones,Corporate,5,0.4,2965.63,-373.02,-0.12578103134915683
2023-05-27,2023,5,Latin America,Furniture,Bookcases,Consumer,3,0.15,518.54,-28.11,-0.05420989701855209
2023-05-06,2023,5,Europe,Office Supplies,Storage,Consumer,4,0.0,231.63,33.11,0.14294348745844665
2023-11-30,2023,11,North America,Technology,Copiers,Corporate,3,0.0,2091.71,598.26,0.2860147917254304
2022-12-29,2022,12,Middle East & Africa,Office Supplies,Storage,Home Office,5,0.15,623.43,-19.04,-0.030540718284330238
2023-11-08,2023,11,Asia Pacific,Office Supplies,Storage,Home Office,4,0.15,292.75,-4.11,-0.014039282664389412
2024-04-29,2024,4,Asia Pacific,Technology,Phones,Corporate,2,0.15,1002.88,99.62,0.09933391831525208
2024-10-24,2024,10,Asia Pacific,Office Supplies,Storage,Corporate,3,0.15,123.15,2.04,0.016565164433617538
2023-05-09,2023,5,Europe,Office Supplies,Binders,Home Office,4,0.4,245.5,-38.89,-0.1584114052953157
2023-09-29,2023,9,Latin America,Office Supplies,Art,Home Office,1,0.15,74.52,1.94,0.026033279656468063
2023-04-07,2023,4,North America,Furniture,Furnishings,Consumer,1,0.0,364.22,34.1,0.09362473230465103
2022-02-16,2022,2,Asia Pacific,Office Supplies,Paper,Home Office,1,0.4,68.56,-17.52,-0.2555425904317386
2024-06-30,2024,6,Europe,Office Supplies,Storage,Consumer,4,0.1,290.56,45.13,0.15532075991189428
2023-09-16,2023,9,North America,Office Supplies,Paper,Consumer,5,0.15,777.18,-29.52,-0.03798347873079596
2021-09-20,2021,9,Asia Pacific,Technology,Phones,Consumer,2,0.0,491.01,138.73,0.2825400704669966
2021-10-27,2021,10,Asia Pacific,Technology,Phones,Corporate,3,0.5,1247.66,-203.43,-0.16304922815510636
2021-02-12,2021,2,Asia Pacific,Office Supplies,Paper,Home Office,1,0.15,49.92,4.79,0.09595352564102563
2024-01-03,2024,1,North America,Office Supplies,Binders,Corporate,2,0.0,159.52,41.2,0.25827482447342026
2022-06-16,2022,6,Europe,Office Supplies,Storage,Corporate,2,0.0,171.77,36.77,0.2140653199045235
2022-05-27,2022,5,North America,Technology,Accessories,Consumer,2,0.15,730.51,110.74,0.15159272289222597
2022-03-06,2022,3,Latin America,Technology,Phones,Corporate,3,0.15,2337.91,378.19,0.16176413976585927
2022-06-23,2022,6,Asia Pacific,Furniture,Chairs,Corporate,2,0.0,628.09,126.21,0.20094254008183537
2023-10-17,2023,10,North America,Office Supplies,Binders,Corporate,2,0.1,203.45,4.19,0.020594740722536253
2023-07-19,2023,7,Asia Pacific,Furniture,Furnishings,Corporate,4,0.15,1536.56,-57.25,-0.0372585515697402
2022-10-26,2022,10,North America,Technology,Copiers,Consumer,2,0.15,979.14,182.91,0.18680678963171762
2024-01-18,2024,1,Asia Pacific,Office Supplies,Storage,Corporate,4,0.0,230.56,35.14,0.152411519777932
2024-02-15,2024,2,North America,Technology,Phones,Consumer,4,0.0,1446.37,367.75,0.2542572094277398
2021-07-12,2021,7,Latin America,Office Supplies,Storage,Consumer,1,0.2,64.01,1.95,0.030463990001562254
2022-05-27,2022,5,Asia Pacific,Office Supplies,Paper,Home Office,3,0.2,140.45,-2.3,-0.016375934496262016
2024-10-16,2024,10,North America,Technology,Phones,Corporate,2,0.1,868.25,121.53,0.13997120644975525
2023-11-03,2023,11,Latin America,Technology,Copiers,Consumer,2,0.15,1312.12,231.82,0.17667591378837302
2024-03-24,2024,3,Europe,Office Supplies,Binders,Corporate,2,0.15,212.12,20.63,0.09725627003582878
2024-10-22,2024,10,Europe,Technology,Accessories,Corporate,1,0.0,526.13,134.89,0.25638150267044263
2023-10-11,2023,10,Middle East & Africa,Office Supplies,Binders,Corporate,6,0.1,405.01,20.11,0.049653094985309
2022-06-22,2022,6,North America,Office Supplies,Binders,Home Office,3,0.15,180.96,13.17,0.07277851458885941
2022-12-03,2022,12,North America,Office Supplies,Art,Home Office,1,0.15,174.62,5.61,0.03212690413469248
2024-02-20,2024,2,Europe,Furniture,Furnishings,Consumer,4,0.0,1196.83,171.05,0.14291921158393425
2021-03-22,2021,3,Asia Pacific,Office Supplies,Art,Consumer,1,0.1,73.22,3.67,0.05012291723572794
2023-06-21,2023,6,Asia Pacific,Furniture,Tables,Corporate,4,0.2,2512.47,-36.91,-0.014690722675295625
2023-02-14,2023,2,Latin America,Furniture,Bookcases,Consumer,3,0.0,602.35,50.61,0.08402091807088902
2023-04-28,2023,4,North America,Office Supplies,Storage,Corporate,4,0.1,265.59,34.1,0.1283933883052826
2024-04-20,2024,4,Asia Pacific,Technology,Laptops,Consumer,4,0.1,1006.71,184.73,0.18349872356487965
2021-06-21,2021,6,North America,Office Supplies,Storage,Corporate,1,0.0,70.87,19.15,0.27021306617750807
2022-04-22,2022,4,Asia Pacific,Furniture,Tables,Consumer,2,0.4,392.53,-61.26,-0.1560645046238504
2022-10-11,2022,10,North America,Office Supplies,Paper,Corporate,3,0.15,121.97,14.15,0.11601213413134377
2023-10-16,2023,10,North America,Office Supplies,Art,Consumer,3,0.2,329.41,-11.18,-0.033939467532861776
2024-12-26,2024,12,North America,Office Supplies,Binders,Consumer,2,0.4,206.45,-44.44,-0.21525793170259142
2023-09-19,2023,9,Middle East & Africa,Technology,Copiers,Corporate,3,0.3,1867.71,77.9,0.041708830600039624
2023-07-24,2023,7,North America,Office Supplies,Storage,Home Office,6,0.15,428.47,2.09,0.004877821084323289
2023-03-06,2023,3,North America,Technology,Laptops,Consumer,3,0.1,758.66,169.66,0.22363113911370047
2021-05-31,2021,5,Europe,Furniture,Tables,Home Office,6,0.0,1542.29,211.88,0.13738012954762074
2023-06-06,2023,6,Europe,Office Supplies,Paper,Home Office,2,0.15,119.39,12.74,0.10670910461512689
2024-06-14,2024,6,North America,Office Supplies,Art,Consumer,2,0.0,187.15,51.8,0.27678332888057705
2021-12-03,2021,12,Asia Pacific,Office Supplies,Paper,Consumer,2,0.0,140.98,25.41,0.18023833167825226
2023-05-19,2023,5,Europe,Technology,Copiers,Consumer,6,0.2,3452.35,432.74,0.12534650310657958
2023-04-04,2023,4,Asia Pacific,Office Supplies,Paper,Consumer,3,0.5,212.88,-43.29,-0.20335400225479144
2021-12-19,2021,12,Europe,Furniture,Tables,Consumer,4,0.2,1021.51,-93.32,-0.09135495491967772
2022-10-05,2022,10,Asia Pacific,Furniture,Chairs,Consumer,1,0.0,215.17,0.84,0.0039038899474833854
2022-03-12,2022,3,North America,Technology,Laptops,Consumer,3,0.15,2255.91,513.49,0.22761989618380168
2024-01-17,2024,1,Latin America,Office Supplies,Art,Consumer,1,0.3,51.01,-9.22,-0.18074887277004512
2024-02-22,2024,2,Europe,Technology,Copiers,Home Office,2,0.1,1187.53,259.72,0.21870605374180024
2021-03-17,2021,3,North America,Office Supplies,Storage,Corporate,5,0.0,271.59,56.8,0.20913877535991754
2023-11-19,2023,11,Latin America,Office Supplies,Storage,Consumer,1,0.4,76.31,-10.5,-0.13759664526274407
2021-01-25,2021,1,Middle East & Africa,Furniture,Chairs,Home Office,3,0.0,444.99,22.91,0.05148430301804535
2024-05-12,2024,5,Asia Pacific,Technology,Phones,Consumer,1,0.4,399.7,-23.39,-0.05851888916687516
2022-10-20,2022,10,Asia Pacific,Technology,Phones,Corporate,6,0.0,4128.91,1219.48,0.2953515576750281
2024-08-19,2024,8,Asia Pacific,Office Supplies,Storage,Corporate,2,0.4,140.2,-33.42,-0.23837375178316694
2022-01-04,2022,1,Asia Pacific,Office Supplies,Storage,Home Office,5,0.2,436.63,9.67,0.02214689783111559
2022-10-09,2022,10,Middle East & Africa,Furniture,Tables,Consumer,5,0.0,641.0,131.35,0.2049141965678627
2021-05-20,2021,5,North America,Technology,Laptops,Consumer,1,0.1,336.19,46.48,0.13825515333591124
2024-08-02,2024,8,Middle East & Africa,Office Supplies,Storage,Consumer,2,0.2,207.92,-0.69,-0.00331858407079646
2023-03-10,2023,3,Asia Pacific,Technology,Accessories,Consumer,3,0.4,1316.78,-87.13,-0.06616898798584425
2023-02-13,2023,2,Europe,Technology,Phones,Corporate,3,0.2,1604.02,229.03,0.14278500268076458
2024-12-22,2024,12,Europe,Furniture,Tables,Corporate,3,0.5,2040.76,-648.17,-0.31761206609302417
2023-08-16,2023,8,Europe,Office Supplies,Binders,Corporate,1,0.2,64.1,5.31,0.0828393135725429
2024-12-19,2024,12,Asia Pacific,Furniture,Furnishings,Consumer,3,0.0,1201.42,102.53,0.08534068019510246
2023-07-01,2023,7,Asia Pacific,Office Supplies,Art,Corporate,3,0.2,339.89,25.34,0.07455353202506694
2022-04-26,2022,4,Europe,Technology,Phones,Consumer,1,0.0,468.5,116.67,0.24902881536819638
2023-10-24,2023,10,Latin America,Furniture,Bookcases,Consumer,2,0.0,387.23,81.37,0.21013351238282157
2024-06-22,2024,6,Europe,Technology,Copiers,Consumer,2,0.0,2608.18,974.07,0.37346732204065675
2022-01-14,2022,1,Latin America,Office Supplies,Binders,Home Office,4,0.15,468.06,37.2,0.07947699012947058
2022-08-11,2022,8,North America,Office Supplies,Binders,Home Office,3,0.0,226.6,35.7,0.15754633715798766
2024-12-26,2024,12,North America,Office Supplies,Paper,Home Office,3,0.5,503.69,-69.11,-0.13720740931922412
2024-02-01,2024,2,Europe,Technology,Laptops,Corporate,6,0.15,2855.3,206.34,0.07226561131930094
2021-03-07,2021,3,Asia Pacific,Office Supplies,Art,Corporate,2,0.2,132.6,1.22,0.009200603318250377
2024-12-05,2024,12,Latin America,Office Supplies,Paper,Corporate,2,0.1,145.78,0.41,0.002812457127177939
2023-08-04,2023,8,North America,Office Supplies,Storage,Home Office,4,0.0,184.48,42.22,0.2288594969644406
2023-12-21,2023,12,North America,Office Supplies,Art,Corporate,5,0.1,245.81,22.07,0.08978479313290753
2023-08-12,2023,8,North America,Furniture,Furnishings,Consumer,2,0.15,1372.54,-47.13,-0.034337797076952226
2022-02-04,2022,2,Latin America,Technology,Laptops,Consumer,2,0.2,733.1,40.0,0.054562815441276766
2022-01-11,2022,1,Latin America,Furniture,Bookcases,Corporate,2,0.15,853.66,-16.93,-0.019832251716139917
2024-05-17,2024,5,Asia Pacific,Office Supplies,Binders,Corporate,2,0.5,141.02,-31.5,-0.22337257126648702
2022-10-18,2022,10,Europe,Technology,Copiers,Consumer,3,0.1,874.16,191.67,0.21926192001464262
2024-10-03,2024,10,Europe,Office Supplies,Binders,Consumer,5,0.1,506.38,22.81,0.045045222955093014
2021-04-21,2021,4,North America,Technology,Accessories,Corporate,6,0.0,2738.2,878.32,0.3207654663647652
2024-04-21,2024,4,North America,Office Supplies,Storage,Home Office,3,0.0,111.58,37.64,0.33733644022226206
2024-03-11,2024,3,Middle East & Africa,Furniture,Bookcases,Consumer,1,0.0,457.9,29.94,0.0653854553395938
2024-06-06,2024,6,Asia Pacific,Technology,Laptops,Corporate,2,0.15,1069.49,176.05,0.16461116980990942
2024-09-15,2024,9,North America,Office Supplies,Storage,Home Office,2,0.0,89.24,7.85,0.08796503809950695
2023-09-10,2023,9,Latin America,Office Supplies,Binders,Consumer,2,0.0,110.19,15.64,0.1419366548688629
2024-12-05,2024,12,Middle East & Africa,Furniture,Tables,Consumer,1,0.1,388.23,3.09,0.007959199443628776
2022-05-23,2022,5,Asia Pacific,Office Supplies,Art,Consumer,4,0.0,348.32,86.94,0.24959807073954984
2022-03-21,2022,3,North America,Technology,Copiers,Corporate,4,0.2,1515.11,207.99,0.13727716139422222
2024-01-16,2024,1,Asia Pacific,Technology,Laptops,Corporate,3,0.15,995.86,182.16,0.18291727752896994
2021-10-31,2021,10,Middle East & Africa,Technology,Copiers,Corporate,3,0.15,1380.18,163.34,0.1183468822907157
2023-07-16,2023,7,North America,Technology,Accessories,Consumer,2,0.0,1744.51,548.94,0.314667155820259
2024-11-29,2024,11,North America,Office Supplies,Art,Consumer,1,0.15,83.9,3.65,0.0435041716328963
2022-03-27,2022,3,Europe,Office Supplies,Storage,Consumer,4,0.4,292.56,-56.16,-0.19196062346185397
2024-10-25,2024,10,North America,Furniture,Chairs,Consumer,2,0.15,976.77,14.82,0.015172456156515864
2021-05-07,2021,5,Europe,Office Supplies,Paper,Consumer,4,0.2,218.53,-7.81,-0.03573880016473711
2021-06-12,2021,6,Asia Pacific,Furniture,Tables,Consumer,3,0.15,857.88,-14.26,-0.01662237142723924
2024-07-01,2024,7,Asia Pacific,Furniture,Furnishings,Corporate,5,0.1,1451.84,-29.29,-0.020174399382852107
2023-03-25,2023,3,North America,Technology,Laptops,Consumer,4,0.1,3781.37,736.89,0.19487381557477845
2024-03-09,2024,3,North America,Furniture,Bookcases,Corporate,3,0.2,538.08,-14.51,-0.02696625037169194
2021-11-01,2021,11,Middle East & Africa,Office Supplies,Storage,Corporate,2,0.1,305.42,27.25,0.08922140003929015
2021-10-17,2021,10,North America,Furniture,Chairs,Consumer,2,0.1,330.19,12.61,0.0381901329537539
2024-07-12,2024,7,Asia Pacific,Office Supplies,Binders,Corporate,1,0.15,100.32,7.67,0.07645534290271133
2021-12-12,2021,12,North America,Office Supplies,Storage,Consumer,2,0.2,162.17,2.3,0.014182647838687796
2022-11-28,2022,11,Middle East & Africa,Office Supplies,Paper,Corporate,2,0.0,108.25,14.95,0.13810623556581986
2024-11-22,2024,11,Europe,Furniture,Tables,Corporate,4,0.1,2845.04,-1.61,-0.0005658971402862527
2021-02-12,2021,2,Asia Pacific,Technology,Copiers,Consumer,5,0.2,1859.91,250.74,0.1348129748213623
2023-10-06,2023,10,North America,Technology,Phones,Consumer,6,0.0,3685.69,1016.15,0.2757014290404239
2023-11-04,2023,11,Middle East & Africa,Office Supplies,Art,Corporate,3,0.1,264.56,5.53,0.02090263078318718
2022-03-31,2022,3,Latin America,Office Supplies,Art,Consumer,5,0.2,386.21,24.54,0.063540560834779
2022-02-04,2022,2,North America,Furniture,Bookcases,Corporate,5,0.4,1571.68,-481.53,-0.3063791611523974
2024-11-26,2024,11,Europe,Technology,Accessories,Consumer,3,0.1,2929.1,367.7,0.125533440305896
2024-09-26,2024,9,Asia Pacific,Technology,Accessories,Consumer,2,0.0,638.34,195.83,0.3067800858476674
2023-05-25,2023,5,Europe,Office Supplies,Art,Consumer,2,0.3,134.32,-10.61,-0.07899047051816557
2022-09-02,2022,9,Asia Pacific,Furniture,Bookcases,Corporate,2,0.3,915.29,-75.2,-0.08215975264670214
2022-07-03,2022,7,North America,Office Supplies,Paper,Corporate,6,0.0,339.87,66.08,0.19442728101921322
2024-03-02,2024,3,North America,Furniture,Tables,Corporate,1,0.3,221.01,-36.8,-0.16650830279172887
2021-11-01,2021,11,Europe,Technology,Laptops,Consumer,4,0.2,3829.81,250.71,0.06546277752682249
2021-03-22,2021,3,Europe,Furniture,Furnishings,Corporate,2,0.15,772.65,-6.87,-0.008891477383032422
2022-01-25,2022,1,North America,Technology,Laptops,Corporate,1,0.0,300.56,63.69,0.21190444503593292
2023-06-10,2023,6,Europe,Office Supplies,Art,Consumer,1,0.3,103.81,-4.71,-0.04537135150756189
2022-08-06,2022,8,North America,Technology,Laptops,Consumer,1,0.0,345.97,83.31,0.24080122553978667
2024-06-02,2024,6,North America,Office Supplies,Paper,Consumer,2,0.3,106.44,5.41,0.05082675685832394
2024-03-08,2024,3,North America,Furniture,Chairs,Home Office,2,0.0,673.54,71.06,0.1055022715800101
2022-03-08,2022,3,North America,Furniture,Tables,Consumer,6,0.0,1787.18,166.7,0.0932754395192426
2024-07-03,2024,7,Europe,Office Supplies,Binders,Consumer,1,0.4,59.26,-9.49,-0.16014174822814717
2023-11-12,2023,11,Asia Pacific,Technology,Accessories,Consumer,2,0.15,1375.75,176.05,0.12796656369253134
2023-04-28,2023,4,Latin America,Technology,Copiers,Home Office,4,0.5,3083.68,-528.59,-0.17141532195299125
2022-08-09,2022,8,Europe,Technology,Accessories,Home Office,1,0.0,726.74,283.77,0.39046976910587
2023-07-03,2023,7,Middle East & Africa,Technology,Copiers,Consumer,5,0.4,3454.64,-326.67,-0.09455978046916612
2021-12-04,2021,12,Europe,Technology,Laptops,Home Office,7,0.0,2784.12,964.83,0.34654756260506014
2023-12-29,2023,12,North America,Office Supplies,Storage,Consumer,1,0.3,54.82,-4.37,-0.07971543232396935
2021-07-07,2021,7,Europe,Furniture,Bookcases,Consumer,4,0.15,971.14,-60.95,-0.06276129085404783
2022-03-29,2022,3,Asia Pacific,Office Supplies,Binders,Corporate,2,0.15,124.57,1.3,0.010435899494260256
2023-07-01,2023,7,North America,Furniture,Bookcases,Consumer,2,0.0,897.98,152.01,0.16927993941958616
2021-07-01,2021,7,Europe,Technology,Laptops,Consumer,5,0.0,2981.71,800.34,0.2684164455966543
2022-04-28,2022,4,Europe,Furniture,Furnishings,Consumer,5,0.15,2834.53,-173.64,-0.061258833034047964
2022-12-01,2022,12,North America,Office Supplies,Storage,Consumer,4,0.1,363.34,38.97,0.10725491275389443
2022-05-23,2022,5,Middle East & Africa,Technology,Copiers,Consumer,2,0.4,649.49,-80.78,-0.12437450923031917
2021-01-25,2021,1,Latin America,Office Supplies,Binders,Home Office,2,0.15,68.25,-3.74,-0.054798534798534804
2024-07-16,2024,7,North America,Technology,Laptops,Consumer,3,0.1,1235.04,252.04,0.20407436196398498
2022-11-03,2022,11,Latin America,Technology,Accessories,Consumer,4,0.1,5237.23,815.31,0.15567580572172696
2023-11-13,2023,11,Europe,Office Supplies,Paper,Consumer,2,0.0,212.55,36.7,0.17266525523406256
2021-05-26,2021,5,Europe,Technology,Phones,Consumer,3,0.2,2126.35,270.17,0.127058104263174
2022-11-19,2022,11,North America,Office Supplies,Paper,Consumer,3,0.1,662.95,23.92,0.03608115242476808
2021-03-14,2021,3,Europe,Office Supplies,Binders,Home Office,4,0.0,402.06,91.42,0.22737899815947868
2022-08-25,2022,8,Europe,Office Supplies,Storage,Corporate,3,0.1,174.13,20.87,0.11985298340320451
2022-06-08,2022,6,North America,Office Supplies,Binders,Home Office,3,0.4,164.09,-33.73,-0.20555792552867327
2021-03-24,2021,3,Latin America,Furniture,Tables,Home Office,4,0.1,1240.39,51.62,0.04161594337264892
2024-07-18,2024,7,North America,Office Supplies,Art,Corporate,1,0.0,48.64,8.51,0.17495888157894737
2024-08-19,2024,8,North America,Office Supplies,Art,Home Office,2,0.4,186.69,-45.55,-0.24398735872301675
2023-11-30,2023,11,North America,Office Supplies,Paper,Home Office,4,0.0,488.92,102.34,0.20931849791376914
2024-07-08,2024,7,North America,Office Supplies,Paper,Consumer,3,0.1,118.92,10.55,0.08871510258997646
2023-09-03,2023,9,Middle East & Africa,Technology,Phones,Home Office,3,0.15,670.73,121.45,0.1810713699998509
2024-05-23,2024,5,Asia Pacific,Office Supplies,Storage,Corporate,1,0.2,63.0,-0.25,-0.003968253968253968
2023-02-16,2023,2,Asia Pacific,Technology,Accessories,Consumer,2,0.3,356.15,-8.4,-0.023585567878702796
2021-08-15,2021,8,Europe,Office Supplies,Storage,Consumer,1,0.1,157.81,7.73,0.04898295418541284
2022-10-08,2022,10,Europe,Office Supplies,Art,Consumer,3,0.0,220.25,19.57,0.08885357548240636
2024-04-15,2024,4,Middle East & Africa,Technology,Phones,Consumer,2,0.0,831.9,192.31,0.23116961173217937
2021-09-12,2021,9,Asia Pacific,Furniture,Furnishings,Consumer,8,0.0,2253.34,216.37,0.09602190526063532
2022-03-20,2022,3,Asia Pacific,Office Supplies,Art,Corporate,4,0.4,331.29,-50.96,-0.15382293458903076
2023-07-01,2023,7,Asia Pacific,Office Supplies,Storage,Consumer,4,0.15,600.51,-1.89,-0.003147324773942149
2021-07-09,2021,7,Europe,Office Supplies,Paper,Corporate,2,0.4,117.72,-25.17,-0.21381243628950053
2022-05-01,2022,5,North America,Furniture,Furnishings,Consumer,3,0.0,485.95,38.35,0.07891758411359194
2021-04-21,2021,4,Asia Pacific,Office Supplies,Storage,Corporate,5,0.1,364.32,36.0,0.09881422924901186
2022-02-27,2022,2,Asia Pacific,Technology,Phones,Consumer,6,0.0,3082.94,1081.02,0.35064581211441026
2022-02-05,2022,2,Europe,Office Supplies,Paper,Consumer,5,0.3,195.98,-19.32,-0.09858148790692929
2023-07-31,2023,7,Europe,Office Supplies,Art,Consumer,7,0.2,677.21,-40.15,-0.05928737023965978
2023-08-24,2023,8,Latin America,Technology,Accessories,Corporate,1,0.2,462.78,28.76,0.062146160162496224
2023-08-30,2023,8,North America,Office Supplies,Art,Consumer,1,0.0,50.86,9.51,0.18698387731026347
2021-10-31,2021,10,North America,Technology,Copiers,Consumer,1,0.0,503.75,137.98,0.27390570719602975
2021-07-04,2021,7,Europe,Technology,Phones,Corporate,1,0.4,368.43,-4.63,-0.01256683766251391
2021-07-22,2021,7,Europe,Technology,Laptops,Consumer,4,0.1,4170.92,707.92,0.1697275421249988
2022-02-23,2022,2,North America,Office Supplies,Paper,Corporate,1,0.4,61.23,-15.82,-0.258370080026131
2023-02-20,2023,2,North America,Furniture,Chairs,Consumer,3,0.1,911.9,-22.3,-0.0244544357933984
2022-04-14,2022,4,Asia Pacific,Technology,Laptops,Home Office,4,0.0,1410.47,366.71,0.2599913504009302
2023-12-31,2023,12,Asia Pacific,Technology,Accessories,Corporate,5,0.4,5703.25,-144.26,-0.025294349712883003
2022-04-14,2022,4,Asia Pacific,Technology,Phones,Consumer,5,0.1,2007.21,643.21,0.3204497785483333
2023-12-27,2023,12,Europe,Technology,Accessories,Consumer,2,0.1,1099.67,215.18,0.1956768848836469
2024-09-13,2024,9,Europe,Office Supplies,Binders,Consumer,2,0.1,111.56,16.13,0.14458587307278592
2023-07-09,2023,7,Europe,Furniture,Chairs,Consumer,1,0.3,216.37,-41.29,-0.19083052179137588
2022-12-19,2022,12,Asia Pacific,Furniture,Tables,Consumer,4,0.4,986.54,-262.66,-0.26624363938613743
2024-02-16,2024,2,North America,Office Supplies,Storage,Corporate,2,0.15,89.91,-3.89,-0.04326548770993216
2023-04-14,2023,4,Latin America,Office Supplies,Binders,Home Office,3,0.0,203.87,46.92,0.23014666208858586
2023-02-25,2023,2,Europe,Furniture,Tables,Corporate,2,0.3,418.4,-100.0,-0.23900573613766732
2023-07-07,2023,7,Middle East & Africa,Office Supplies,Art,Consumer,2,0.3,143.16,-3.38,-0.023609946912545404
2022-08-16,2022,8,North America,Technology,Accessories,Consumer,3,0.0,1807.92,476.16,0.26337448559670784
2022-08-14,2022,8,North America,Office Supplies,Storage,Corporate,1,0.0,76.94,19.38,0.25188458539121394
2022-12-25,2022,12,North America,Office Supplies,Binders,Home Office,3,0.15,152.62,9.27,0.060739090551697024
2022-10-02,2022,10,North America,Office Supplies,Art,Consumer,2,0.0,182.26,32.28,0.1771096236146165
2022-02-18,2022,2,Latin America,Furniture,Bookcases,Consumer,3,0.2,634.99,-47.82,-0.0753082725712216
2022-05-28,2022,5,Latin America,Office Supplies,Binders,Consumer,4,0.2,280.18,6.34,0.022628310371903774
2021-05-27,2021,5,North America,Furniture,Chairs,Corporate,7,0.15,1197.24,12.84,0.01072466673348702
2022-02-28,2022,2,Europe,Technology,Accessories,Home Office,1,0.2,428.63,28.33,0.06609430044560577
2022-03-18,2022,3,North America,Office Supplies,Binders,Corporate,5,0.4,247.38,-42.18,-0.17050691244239632
2024-05-30,2024,5,North America,Technology,Laptops,Consumer,3,0.5,1771.37,-178.22,-0.10061139118309557
2021-02-18,2021,2,Latin America,Technology,Phones,Corporate,7,0.15,1541.18,178.53,0.11583981105386781
2023-03-07,2023,3,Latin America,Office Supplies,Storage,Home Office,1,0.0,110.46,12.98,0.11750860039833425
2021-05-15,2021,5,Asia Pacific,Office Supplies,Binders,Consumer,3,0.1,132.32,9.65,0.07292926239419589
2021-10-09,2021,10,Latin America,Office Supplies,Storage,Consumer,3,0.0,130.2,33.86,0.2600614439324117
2023-02-27,2023,2,Middle East & Africa,Office Supplies,Storage,Consumer,1,0.0,74.52,11.97,0.16062801932367152
2021-10-28,2021,10,Asia Pacific,Office Supplies,Paper,Consumer,3,0.1,136.6,9.03,0.06610541727672035
2022-10-17,2022,10,North America,Technology,Phones,Consumer,4,0.3,1992.48,91.89,0.04611840520356541
2024-11-27,2024,11,Latin America,Office Supplies,Art,Consumer,1,0.0,99.55,27.28,0.27403314917127075
2023-11-22,2023,11,Asia Pacific,Office Supplies,Binders,Consumer,2,0.2,334.65,-19.88,-0.059405348871955775
2024-02-20,2024,2,Asia Pacific,Office Supplies,Paper,Consumer,7,0.15,317.95,-10.85,-0.034124862399748386
2022-12-08,2022,12,Europe,Office Supplies,Art,Consumer,2,0.0,151.43,37.75,0.24929010103678267
2024-03-09,2024,3,North America,Office Supplies,Binders,Consumer,5,0.0,272.57,58.13,0.21326631690941777
2021-04-16,2021,4,Europe,Technology,Phones,Consumer,1,0.1,400.45,56.94,0.14219003620926457
2024-06-16,2024,6,North America,Office Supplies,Art,Consumer,3,0.2,359.41,2.53,0.007039314431985753
2022-04-24,2022,4,Latin America,Office Supplies,Paper,Corporate,4,0.3,280.91,-37.62,-0.13392189669289095
2022-11-01,2022,11,Latin America,Furniture,Bookcases,Corporate,1,0.15,401.32,-63.9,-0.15922455895544702
2024-03-18,2024,3,Europe,Office Supplies,Storage,Home Office,2,0.3,100.92,1.27,0.012584225128814902
2023-03-01,2023,3,Latin America,Office Supplies,Binders,Corporate,2,0.4,169.14,-11.8,-0.06976469197114817
2023-04-15,2023,4,Europe,Technology,Laptops,Corporate,1,0.2,826.87,67.15,0.08120986370287954
2022-05-19,2022,5,Asia Pacific,Office Supplies,Binders,Corporate,2,0.15,73.64,2.85,0.03870179250407387
2023-09-25,2023,9,Europe,Furniture,Chairs,Corporate,2,0.0,992.81,112.61,0.11342552955751857
2023-03-11,2023,3,North America,Office Supplies,Binders,Corporate,5,0.1,414.71,63.45,0.15299848086614745
2021-08-03,2021,8,North America,Technology,Laptops,Corporate,1,0.0,289.66,98.01,0.3383622177725609
2022-09-20,2022,9,Europe,Technology,Copiers,Corporate,2,0.0,821.81,212.46,0.2585269101130432
2022-12-29,2022,12,North America,Furniture,Furnishings,Corporate,4,0.5,3171.86,-1297.55,-0.40908173752939914
2022-01-01,2022,1,Europe,Office Supplies,Storage,Consumer,2,0.0,99.18,18.19,0.1834039120790482
2022-12-02,2022,12,Asia Pacific,Technology,Laptops,Consumer,4,0.1,3522.61,821.85,0.2333071217080517
2021-08-06,2021,8,Latin America,Furniture,Furnishings,Home Office,1,0.1,128.9,4.28,0.03320403413498836
2024-12-21,2024,12,Europe,Office Supplies,Binders,Corporate,2,0.0,315.13,60.94,0.19338050963094597
2021-02-20,2021,2,North America,Office Supplies,Art,Consumer,2,0.0,82.39,15.39,0.18679451389731763
2021-01-12,2021,1,Middle East & Africa,Office Supplies,Paper,Consumer,4,0.0,290.16,60.14,0.20726495726495725
2023-12-17,2023,12,Europe,Furniture,Chairs,Consumer,3,0.15,1303.02,-46.99,-0.03606237816764133
2022-10-06,2022,10,North America,Technology,Accessories,Corporate,3,0.0,1831.77,453.99,0.24784225093761772
2022-08-13,2022,8,North America,Technology,Copiers,Corporate,9,0.1,5141.71,922.15,0.17934694877774124
2023-10-21,2023,10,Asia Pacific,Technology,Copiers,Consumer,3,0.15,2175.14,480.41,0.22086394438978643
2021-01-24,2021,1,Asia Pacific,Office Supplies,Binders,Consumer,2,0.2,100.61,2.43,0.024152668720803103
2024-10-26,2024,10,Europe,Office Supplies,Art,Consumer,4,0.3,382.63,-40.44,-0.1056895695580587
2023-06-11,2023,6,Europe,Office Supplies,Storage,Consumer,1,0.2,48.25,1.59,0.03295336787564767
2023-11-26,2023,11,North America,Furniture,Bookcases,Home Office,5,0.0,1240.85,46.78,0.037699963734536816
2024-06-14,2024,6,North America,Technology,Laptops,Consumer,1,0.5,583.91,-92.95,-0.15918549091469578
2024-02-06,2024,2,Europe,Furniture,Bookcases,Corporate,5,0.3,1590.4,-138.49,-0.08707872233400403
2023-10-09,2023,10,North America,Furniture,Chairs,Consumer,3,0.0,1263.26,218.24,0.1727593686177034
2022-09-15,2022,9,North America,Technology,Laptops,Consumer,3,0.4,994.02,-94.51,-0.09507856984768918
2024-12-13,2024,12,North America,Office Supplies,Paper,Consumer,5,0.0,501.3,115.34,0.2300817873528825
2021-02-07,2021,2,Europe,Furniture,Bookcases,Consumer,4,0.0,945.02,104.58,0.11066432456455948
2024-12-28,2024,12,Asia Pacific,Office Supplies,Paper,Consumer,1,0.1,122.82,9.76,0.07946588503501059
2024-06-23,2024,6,North America,Office Supplies,Binders,Corporate,4,0.4,367.37,-76.45,-0.2081008247815554
2021-02-13,2021,2,North America,Office Supplies,Storage,Consumer,3,0.0,160.38,32.01,0.19958847736625512
2022-12-21,2022,12,Europe,Technology,Accessories,Corporate,2,0.3,1252.05,25.01,0.019975240605407136
2021-09-17,2021,9,Middle East & Africa,Office Supplies,Binders,Home Office,2,0.15,80.59,6.6,0.08189601687554286
2021-10-10,2021,10,Europe,Office Supplies,Binders,Consumer,2,0.1,110.63,21.24,0.19199132242610503
2021-10-20,2021,10,North America,Furniture,Furnishings,Corporate,3,0.2,852.69,-101.03,-0.11848385697029401
2023-12-27,2023,12,Europe,Technology,Laptops,Home Office,2,0.0,891.91,256.27,0.28732719669024903
2022-09-24,2022,9,Latin America,Furniture,Bookcases,Corporate,4,0.0,1456.47,129.18,0.08869389688768049
2022-07-28,2022,7,Asia Pacific,Furniture,Tables,Corporate,2,0.15,627.88,-9.92,-0.015799197298846913
2022-08-10,2022,8,Latin America,Furniture,Furnishings,Corporate,2,0.15,582.16,6.75,0.011594750584031881
2022-10-24,2022,10,Europe,Office Supplies,Paper,Consumer,4,0.0,376.71,61.08,0.16214063868758463
2021-11-16,2021,11,North America,Furniture,Bookcases,Consumer,3,0.15,1501.08,139.48,0.09291976443627255
2022-01-26,2022,1,Europe,Office Supplies,Paper,Consumer,5,0.1,163.91,5.33,0.03251784515892868
2021-11-11,2021,11,Europe,Technology,Copiers,Corporate,3,0.4,2077.14,-51.35,-0.024721492051570912
2024-05-09,2024,5,North America,Office Supplies,Paper,Consumer,5,0.0,276.77,74.64,0.2696824077754092
2024-12-17,2024,12,North America,Office Supplies,Binders,Consumer,4,0.15,848.53,107.44,0.1266189763473301
2021-07-17,2021,7,North America,Office Supplies,Paper,Consumer,1,0.1,53.84,4.47,0.08302377414561664
2022-01-18,2022,1,North America,Technology,Phones,Consumer,3,0.0,1547.82,443.83,0.2867452287733716
2022-09-19,2022,9,North America,Office Supplies,Art,Corporate,3,0.0,112.27,29.58,0.2634719871737775
2023-05-10,2023,5,Europe,Office Supplies,Storage,Corporate,3,0.0,271.56,61.79,0.2275371925173074
2024-06-15,2024,6,Europe,Technology,Phones,Consumer,3,0.15,2568.36,164.05,0.06387344453269791
2024-11-18,2024,11,Asia Pacific,Technology,Phones,Home Office,1,0.5,981.45,-219.65,-0.2238015181619033
2021-08-03,2021,8,Latin America,Furniture,Bookcases,Consumer,2,0.0,937.62,114.59,0.12221368998101577
2023-12-20,2023,12,Asia Pacific,Furniture,Chairs,Corporate,2,0.4,607.89,-158.15,-0.26016220039809834
2022-09-05,2022,9,Latin America,Furniture,Bookcases,Consumer,4,0.4,1248.85,-295.96,-0.23698602714497338
2023-01-30,2023,1,Europe,Furniture,Chairs,Home Office,3,0.15,978.52,-27.09,-0.027684666639414626
2022-10-15,2022,10,North America,Technology,Accessories,Corporate,4,0.0,1558.12,330.89,0.21236490129129978
2023-10-22,2023,10,Asia Pacific,Furniture,Bookcases,Home Office,4,0.3,2157.64,-323.03,-0.14971450288277932
2023-08-03,2023,8,North America,Furniture,Tables,Consumer,2,0.1,800.08,22.12,0.02764723527647235
2022-12-14,2022,12,Asia Pacific,Office Supplies,Storage,Consumer,3,0.0,218.77,31.17,0.1424784019746766
2023-01-15,2023,1,North America,Technology,Copiers,Corporate,5,0.1,2519.76,703.93,0.27936390767374664
2022-05-17,2022,5,Europe,Technology,Accessories,Home Office,4,0.0,2523.86,753.49,0.2985466705760224
2022-05-16,2022,5,Asia Pacific,Furniture,Tables,Consumer,2,0.15,706.74,-15.57,-0.022030732659818322
2023-07-04,2023,7,Latin America,Technology,Copiers,Consumer,1,0.0,421.15,141.05,0.33491630060548505
2023-06-02,2023,6,North America,Office Supplies,Storage,Consumer,1,0.1,49.66,1.03,0.020741039065646397
2022-01-11,2022,1,Europe,Office Supplies,Art,Consumer,5,0.15,510.29,24.45,0.04791393129397009
2023-11-11,2023,11,Europe,Office Supplies,Art,Home Office,2,0.3,276.92,-12.37,-0.04466994077711974
2021-06-17,2021,6,Asia Pacific,Office Supplies,Storage,Corporate,2,0.2,79.79,4.23,0.05301416217571124
2023-07-05,2023,7,Europe,Office Supplies,Storage,Consumer,7,0.2,846.99,20.67,0.024404066163709135
2021-04-12,2021,4,Middle East & Africa,Office Supplies,Paper,Corporate,1,0.0,49.49,9.58,0.193574459486765
2021-12-06,2021,12,Asia Pacific,Office Supplies,Binders,Corporate,5,0.1,235.18,4.64,0.019729568840887828
2024-10-07,2024,10,Asia Pacific,Office Supplies,Binders,Home Office,1,0.2,86.59,-3.59,-0.04145975285829772
2023-11-17,2023,11,North America,Technology,Phones,Consumer,6,0.2,3380.89,475.18,0.14054879040725962
2024-02-27,2024,2,Europe,Technology,Accessories,Consumer,2,0.15,693.8,74.01,0.10667339290861921
2022-09-25,2022,9,North America,Furniture,Furnishings,Consumer,4,0.0,2139.01,280.93,0.13133645939009167
2024-08-19,2024,8,North America,Furniture,Chairs,Corporate,2,0.3,495.43,-87.9,-0.17742163373231334
2021-07-06,2021,7,Latin America,Office Supplies,Storage,Corporate,2,0.3,78.21,-6.82,-0.08720112517580873
2022-08-17,2022,8,Middle East & Africa,Office Supplies,Paper,Consumer,2,0.15,84.0,3.31,0.03940476190476191
2022-05-11,2022,5,North America,Office Supplies,Storage,Consumer,5,0.0,559.44,72.93,0.13036250536250535
2023-04-02,2023,4,Europe,Technology,Phones,Home Office,2,0.0,862.63,284.8,0.33015313633887067
2021-02-26,2021,2,North America,Technology,Copiers,Consumer,1,0.4,279.26,16.64,0.05958604884337177
2022-05-13,2022,5,Asia Pacific,Furniture,Furnishings,Consumer,3,0.0,565.61,104.15,0.18413747988896945
2022-02-27,2022,2,Europe,Office Supplies,Binders,Consumer,2,0.0,67.1,13.3,0.19821162444113266
2024-06-16,2024,6,Middle East & Africa,Technology,Phones,Consumer,3,0.1,1977.53,356.55,0.18030067811866318
2024-11-25,2024,11,Latin America,Furniture,Chairs,Corporate,5,0.3,1849.49,-344.6,-0.18632163461278517
2024-05-09,2024,5,Asia Pacific,Technology,Laptops,Consumer,7,0.1,5875.08,1265.16,0.21534345064237426
2021-02-08,2021,2,Latin America,Office Supplies,Binders,Corporate,1,0.15,39.14,2.66,0.06796116504854369
2023-08-08,2023,8,North America,Technology,Accessories,Consumer,3,0.3,1488.68,84.69,0.056889324770938006
2021-01-15,2021,1,North America,Office Supplies,Binders,Consumer,3,0.0,112.18,32.89,0.293189516847923
2022-12-25,2022,12,Europe,Office Supplies,Binders,Corporate,4,0.0,390.98,56.32,0.14404828891503402
2021-02-08,2021,2,North America,Technology,Accessories,Corporate,4,0.1,3172.44,90.7,0.028589981213198674
2023-09-13,2023,9,Europe,Technology,Copiers,Home Office,5,0.0,3311.11,1051.44,0.31754909984869123
2021-02-24,2021,2,Europe,Technology,Copiers,Home Office,4,0.15,1258.97,136.58,0.10848550799463054
2021-06-16,2021,6,Europe,Technology,Accessories,Home Office,2,0.0,731.13,211.22,0.2888952717027068
2022-02-12,2022,2,Middle East & Africa,Technology,Laptops,Consumer,4,0.2,2063.79,171.66,0.08317706743418662
2023-07-01,2023,7,Europe,Office Supplies,Art,Consumer,4,0.0,269.07,62.93,0.23387965956814213
2022-04-30,2022,4,Europe,Furniture,Tables,Consumer,2,0.1,618.48,62.47,0.10100569137239684
2024-04-12,2024,4,Asia Pacific,Office Supplies,Storage,Consumer,4,0.1,268.3,29.9,0.11144241520685798
2023-01-17,2023,1,Middle East & Africa,Technology,Accessories,Corporate,6,0.1,1256.01,168.0,0.1337568968399933
2022-05-13,2022,5,Asia Pacific,Office Supplies,Art,Corporate,2,0.4,82.17,-12.99,-0.15808689302665208
2021-06-05,2021,6,North America,Office Supplies,Paper,Corporate,3,0.0,155.38,22.16,0.14261809756725446
2022-04-25,2022,4,North America,Technology,Accessories,Home Office,3,0.3,1209.24,64.25,0.05313254606198935
2022-01-09,2022,1,Asia Pacific,Furniture,Chairs,Home Office,1,0.4,338.17,-78.33,-0.23162906230594077
2023-09-02,2023,9,Asia Pacific,Furniture,Chairs,Consumer,4,0.15,1128.43,-43.89,-0.03889474756963214
2021-04-02,2021,4,Latin America,Furniture,Chairs,Home Office,3,0.0,1172.27,194.87,0.16623303505165193
2021-09-18,2021,9,North America,Furniture,Chairs,Corporate,1,0.15,248.08,9.82,0.03958400515962593
2024-02-05,2024,2,Europe,Technology,Phones,Consumer,3,0.15,894.66,248.12,0.27733440636666445
2021-10-10,2021,10,North America,Furniture,Chairs,Consumer,3,0.15,896.89,-134.72,-0.150207940773116
2022-05-07,2022,5,Europe,Technology,Phones,Consumer,1,0.0,683.74,87.12,0.1274168543598444
2024-01-22,2024,1,Asia Pacific,Technology,Laptops,Consumer,1,0.15,584.33,61.24,0.10480379237759485
2023-07-12,2023,7,Latin America,Office Supplies,Storage,Consumer,4,0.0,203.07,37.59,0.18510858324715618
2021-02-03,2021,2,Europe,Office Supplies,Paper,Consumer,5,0.1,261.4,6.79,0.025975516449885237
2024-04-09,2024,4,Asia Pacific,Furniture,Furnishings,Home Office,2,0.15,309.64,-14.31,-0.046214959307583
2023-03-02,2023,3,North America,Furniture,Chairs,Corporate,1,0.2,308.7,-46.59,-0.15092322643343054
2023-03-08,2023,3,Europe,Furniture,Tables,Consumer,6,0.5,2138.57,-717.4,-0.335457805917038
2021-12-09,2021,12,Latin America,Office Supplies,Paper,Consumer,3,0.1,192.63,17.88,0.09282043295436848
2021-06-10,2021,6,Europe,Office Supplies,Binders,Consumer,3,0.3,203.91,4.14,0.020303074885979107
2023-03-01,2023,3,Europe,Office Supplies,Paper,Corporate,1,0.15,61.58,2.44,0.03962325430334524
2024-08-07,2024,8,Europe,Technology,Copiers,Home Office,4,0.15,798.88,134.9,0.1688614059683557
2021-05-30,2021,5,Europe,Technology,Copiers,Consumer,2,0.1,681.19,167.69,0.2461721399315903
2023-12-22,2023,12,North America,Technology,Accessories,Consumer,1,0.1,616.06,141.15,0.22911729377008735
2022-12-12,2022,12,North America,Furniture,Chairs,Consumer,3,0.2,967.71,-31.06,-0.0320963925142863
2024-05-14,2024,5,Asia Pacific,Office Supplies,Paper,Consumer,1,0.2,33.15,0.26,0.00784313725490196
2021-06-25,2021,6,Europe,Office Supplies,Paper,Corporate,3,0.3,256.21,-14.87,-0.05803832793411655
2021-11-01,2021,11,Asia Pacific,Office Supplies,Paper,Corporate,3,0.15,371.75,-0.15,-0.0004034969737726967
2021-06-10,2021,6,Europe,Technology,Laptops,Corporate,2,0.1,1570.26,146.22,0.09311833709067288
2022-08-22,2022,8,North America,Office Supplies,Storage,Consumer,2,0.0,108.82,24.86,0.2284506524535931
2021-04-06,2021,4,North America,Furniture,Bookcases,Consumer,2,0.0,480.29,55.7,0.1159716004913698
2022-01-30,2022,1,North America,Office Supplies,Storage,Consumer,1,0.0,86.15,23.51,0.27289611143354614
2022-01-05,2022,1,Asia Pacific,Furniture,Chairs,Home Office,1,0.1,141.02,3.28,0.02325911218266912
2024-03-29,2024,3,Latin America,Furniture,Bookcases,Corporate,2,0.15,518.23,-5.28,-0.010188526330007911
2024-07-05,2024,7,Europe,Technology,Accessories,Corporate,5,0.1,1745.46,349.26,0.20009624969921969
2023-02-11,2023,2,North America,Office Supplies,Art,Consumer,3,0.0,116.17,14.39,0.12387019023844366
2024-03-18,2024,3,Asia Pacific,Technology,Accessories,Home Office,3,0.0,2031.4,693.5,0.3413901742640543
2022-01-25,2022,1,Latin America,Office Supplies,Art,Consumer,2,0.1,116.14,17.37,0.1495608748062683
2021-10-20,2021,10,Asia Pacific,Office Supplies,Storage,Consumer,2,0.3,106.38,-16.78,-0.15773641661966536
2023-08-02,2023,8,Asia Pacific,Furniture,Chairs,Consumer,4,0.1,1246.65,-16.52,-0.013251514057674567
2022-12-08,2022,12,Europe,Office Supplies,Storage,Consumer,3,0.0,341.54,55.48,0.16244070972653274
2022-01-01,2022,1,Asia Pacific,Furniture,Bookcases,Home Office,3,0.3,792.11,-123.5,-0.15591268889421925
2022-05-26,2022,5,North America,Office Supplies,Binders,Corporate,1,0.15,67.15,1.06,0.0157855547282204
2024-11-14,2024,11,Latin America,Furniture,Furnishings,Home Office,3,0.1,1501.64,-73.63,-0.04903305719080472
2024-11-01,2024,11,North America,Office Supplies,Binders,Consumer,2,0.15,159.04,-7.36,-0.04627766599597586
2023-05-25,2023,5,Asia Pacific,Furniture,Tables,Consumer,1,0.0,187.27,28.3,0.15111870561221766
2023-05-06,2023,5,Europe,Office Supplies,Storage,Corporate,4,0.0,373.9,67.8,0.18133190692698584
2023-11-27,2023,11,Europe,Technology,Copiers,Corporate,6,0.3,3336.25,312.61,0.09370101161483702
2023-07-07,2023,7,Europe,Office Supplies,Art,Corporate,5,0.15,411.76,6.08,0.014765883038663299
2021-01-27,2021,1,Asia Pacific,Technology,Phones,Consumer,1,0.1,401.1,95.05,0.23697332336075788
2023-09-18,2023,9,Asia Pacific,Furniture,Tables,Consumer,2,0.3,690.05,-99.86,-0.1447141511484675
2021-03-10,2021,3,Latin America,Technology,Laptops,Consumer,2,0.2,780.71,65.24,0.0835649601004214
2024-03-16,2024,3,North America,Office Supplies,Paper,Consumer,4,0.1,136.87,-3.25,-0.023745159640534814
2024-05-10,2024,5,Europe,Technology,Copiers,Home Office,4,0.0,2151.42,588.68,0.27362393210065905
2023-07-16,2023,7,Asia Pacific,Technology,Laptops,Consumer,2,0.15,387.85,56.61,0.14595848910661338
2024-11-01,2024,11,North America,Office Supplies,Art,Corporate,2,0.1,303.35,43.07,0.14198120982363605
2022-06-28,2022,6,North America,Technology,Laptops,Home Office,2,0.15,1046.94,209.96,0.20054635413681776
2024-02-07,2024,2,North America,Office Supplies,Art,Home Office,6,0.0,530.9,111.09,0.20924844603503487
2024-11-12,2024,11,Europe,Technology,Accessories,Home Office,4,0.15,2846.8,317.62,0.11157088660952648
2024-07-21,2024,7,North America,Office Supplies,Paper,Consumer,1,0.2,85.9,1.16,0.013504074505238647
2022-08-19,2022,8,Asia Pacific,Office Supplies,Art,Corporate,1,0.0,79.23,12.77,0.16117632210021454
2023-03-24,2023,3,North America,Technology,Laptops,Corporate,2,0.15,1277.26,56.98,0.04461112068020606
2024-10-27,2024,10,Asia Pacific,Office Supplies,Paper,Corporate,2,0.3,139.02,-16.25,-0.11688965616458062
2021-03-09,2021,3,Asia Pacific,Technology,Laptops,Corporate,7,0.2,2755.55,343.06,0.12449783164885413
2024-06-03,2024,6,North America,Furniture,Tables,Home Office,5,0.15,1629.49,-104.93,-0.06439438106401389
2023-02-27,2023,2,Europe,Technology,Phones,Consumer,1,0.3,500.8,16.56,0.03306709265175718
2022-03-16,2022,3,North America,Office Supplies,Paper,Corporate,5,0.15,258.87,2.78,0.010738980955692045
2024-03-08,2024,3,North America,Office Supplies,Storage,Consumer,2,0.0,155.11,34.67,0.22351879311456385
2024-05-11,2024,5,North America,Office Supplies,Binders,Corporate,4,0.5,602.82,-189.39,-0.3141733850900766
2023-08-02,2023,8,Europe,Office Supplies,Paper,Corporate,3,0.2,154.48,5.6,0.03625064733298809
2023-08-05,2023,8,Latin America,Furniture,Chairs,Corporate,1,0.2,199.89,-7.19,-0.035969783380859474
2021-05-23,2021,5,North America,Furniture,Bookcases,Corporate,2,0.15,976.43,6.04,0.006185799289247566
2022-11-07,2022,11,North America,Furniture,Furnishings,Corporate,1,0.15,399.53,41.05,0.10274572622831828
2023-06-13,2023,6,Asia Pacific,Office Supplies,Paper,Consumer,3,0.0,182.79,34.42,0.1883035176979047
2024-06-09,2024,6,North America,Technology,Accessories,Home Office,6,0.0,2598.18,676.97,0.2605554657491013
2021-06-23,2021,6,North America,Technology,Laptops,Consumer,1,0.1,264.39,43.99,0.1663829948182609
2022-11-10,2022,11,Latin America,Technology,Phones,Corporate,1,0.2,782.11,126.07,0.16119215967063455
2022-11-13,2022,11,North America,Technology,Copiers,Home Office,5,0.3,3570.68,-108.78,-0.03046478541902383
2021-03-04,2021,3,Europe,Office Supplies,Paper,Consumer,1,0.1,89.54,9.91,0.11067679249497431
2022-04-19,2022,4,North America,Technology,Copiers,Corporate,1,0.3,396.79,14.13,0.03561077648126213
2021-02-27,2021,2,Europe,Office Supplies,Binders,Consumer,6,0.15,310.89,29.98,0.09643282189842067
2023-02-27,2023,2,North America,Office Supplies,Art,Corporate,6,0.15,285.14,-0.7,-0.002454934418180543
2022-04-08,2022,4,Asia Pacific,Technology,Phones,Consumer,2,0.15,774.12,99.49,0.12852012607864413
2023-02-13,2023,2,Latin America,Technology,Accessories,Home Office,4,0.3,1609.71,244.66,0.15199011001981722
2021-04-13,2021,4,Asia Pacific,Technology,Accessories,Corporate,6,0.2,4089.64,75.0,0.01833902250564842
2024-01-09,2024,1,Asia Pacific,Office Supplies,Binders,Corporate,2,0.5,259.86,-69.35,-0.2668744708689294
2024-05-16,2024,5,Asia Pacific,Technology,Copiers,Consumer,3,0.1,2759.55,415.99,0.15074559257850012
2021-01-09,2021,1,Asia Pacific,Office Supplies,Paper,Home Office,3,0.0,200.26,65.39,0.3265255168281235
2024-06-30,2024,6,Europe,Technology,Accessories,Consumer,3,0.1,1814.56,294.22,0.16214399082973285
2021-09-21,2021,9,Asia Pacific,Technology,Copiers,Home Office,1,0.15,262.71,41.05,0.1562559476228541
2022-05-30,2022,5,Europe,Furniture,Tables,Consumer,6,0.0,1782.3,174.58,0.09795208438534479
2022-08-15,2022,8,Asia Pacific,Technology,Phones,Corporate,1,0.2,677.11,45.73,0.0675370323876475
2022-01-24,2022,1,Middle East & Africa,Office Supplies,Storage,Consumer,2,0.1,68.1,10.14,0.14889867841409693
2021-09-28,2021,9,Latin America,Office Supplies,Storage,Consumer,1,0.3,62.32,-0.23,-0.0036906290115532735
2021-03-08,2021,3,Europe,Furniture,Bookcases,Home Office,3,0.2,889.75,-5.89,-0.006619837032874403
2023-08-23,2023,8,Middle East & Africa,Furniture,Tables,Consumer,5,0.1,1709.34,14.51,0.008488656440497502
2022-03-29,2022,3,North America,Furniture,Furnishings,Home Office,1,0.0,277.5,36.5,0.13153153153153152
2022-08-15,2022,8,Latin America,Office Supplies,Paper,Consumer,2,0.15,131.21,6.94,0.052892310037344716
2023-06-17,2023,6,Europe,Office Supplies,Paper,Home Office,3,0.15,120.96,10.35,0.08556547619047619
2023-11-11,2023,11,Europe,Furniture,Tables,Consumer,5,0.0,2172.32,298.67,0.13748895190395521
2024-12-05,2024,12,Asia Pacific,Office Supplies,Paper,Consumer,1,0.15,73.79,3.03,0.04106247459005285
2022-09-03,2022,9,North America,Office Supplies,Art,Corporate,1,0.15,63.67,1.81,0.028427831003612375
2022-10-03,2022,10,Europe,Technology,Phones,Consumer,4,0.3,968.54,137.02,0.14147066718979084
2021-01-11,2021,1,North America,Office Supplies,Binders,Home Office,1,0.15,59.99,0.59,0.009834972495415902
2023-01-12,2023,1,Latin America,Office Supplies,Binders,Consumer,3,0.1,200.14,24.63,0.1230638553012891
2023-05-14,2023,5,North America,Office Supplies,Paper,Consumer,7,0.15,327.13,25.25,0.07718643964173265
2023-02-28,2023,2,North America,Furniture,Bookcases,Home Office,2,0.0,519.41,43.54,0.08382587936312355
2024-10-05,2024,10,North America,Office Supplies,Art,Corporate,6,0.15,569.49,68.15,0.11966847530246362
2023-08-22,2023,8,Asia Pacific,Furniture,Furnishings,Corporate,2,0.1,988.15,-3.57,-0.0036128118200678032
2021-11-19,2021,11,North America,Office Supplies,Storage,Corporate,1,0.1,73.1,13.13,0.1796169630642955
2023-09-02,2023,9,Europe,Furniture,Chairs,Consumer,6,0.2,2477.53,-145.37,-0.058675374263883785
2023-01-09,2023,1,Europe,Office Supplies,Art,Consumer,2,0.0,103.75,15.05,0.14506024096385542
2022-12-08,2022,12,Middle East & Africa,Technology,Copiers,Corporate,1,0.3,1067.7,-48.06,-0.04501264400112391
2021-03-19,2021,3,Europe,Technology,Laptops,Home Office,1,0.3,304.11,7.96,0.026174739403505308
2022-01-31,2022,1,North America,Office Supplies,Storage,Corporate,3,0.4,163.2,-24.09,-0.14761029411764706
2021-05-01,2021,5,Latin America,Furniture,Bookcases,Home Office,6,0.0,1480.25,221.26,0.14947475088667453
2022-01-04,2022,1,North America,Office Supplies,Art,Consumer,1,0.0,38.32,6.81,0.17771398747390396
2023-04-02,2023,4,North America,Technology,Phones,Corporate,4,0.0,2362.16,687.92,0.29122498052629797
2024-05-12,2024,5,Asia Pacific,Office Supplies,Storage,Consumer,1,0.3,89.35,-4.52,-0.05058757694459989
2021-01-09,2021,1,North America,Furniture,Chairs,Consumer,1,0.15,195.83,-2.09,-0.010672522085482306
2023-12-16,2023,12,Europe,Technology,Phones,Corporate,1,0.4,552.67,-35.51,-0.06425172345160765
2024-07-24,2024,7,Asia Pacific,Office Supplies,Art,Home Office,2,0.4,187.09,-25.4,-0.13576353626596824
2022-02-24,2022,2,North America,Office Supplies,Art,Consumer,1,0.2,73.31,2.57,0.03505660892102032
2024-08-03,2024,8,Asia Pacific,Office Supplies,Storage,Home Office,2,0.1,147.38,17.14,0.11629800515673769
2023-12-06,2023,12,Latin America,Furniture,Bookcases,Consumer,3,0.2,2300.27,-335.54,-0.1458698326718168
2023-04-24,2023,4,Asia Pacific,Furniture,Furnishings,Consumer,2,0.0,362.16,15.37,0.042439805610779764
2023-06-22,2023,6,Europe,Office Supplies,Paper,Home Office,3,0.2,436.99,42.08,0.09629510972791139
2021-08-21,2021,8,Asia Pacific,Furniture,Chairs,Consumer,3,0.1,957.33,95.84,0.1001117691913969
2024-10-12,2024,10,Europe,Office Supplies,Paper,Home Office,3,0.0,241.96,45.2,0.18680773681600266
2023-12-12,2023,12,Asia Pacific,Office Supplies,Paper,Home Office,3,0.1,322.7,76.49,0.23703129841958476
2021-08-07,2021,8,Europe,Office Supplies,Paper,Corporate,1,0.0,100.31,17.95,0.17894526966404145
2021-07-26,2021,7,Europe,Office Supplies,Storage,Home Office,1,0.2,93.28,-7.81,-0.08372641509433962
2022-05-29,2022,5,Middle East & Africa,Furniture,Tables,Corporate,4,0.2,1440.35,-104.61,-0.07262818065053633
2024-09-12,2024,9,Europe,Office Supplies,Binders,Consumer,6,0.0,360.77,91.97,0.2549269617762009
2022-08-03,2022,8,North America,Office Supplies,Binders,Home Office,4,0.15,168.03,-11.02,-0.06558352675117539
2024-11-04,2024,11,Europe,Technology,Copiers,Consumer,3,0.3,2294.53,92.04,0.0401127899831338
2022-01-27,2022,1,North America,Furniture,Chairs,Home Office,2,0.2,726.22,-42.9,-0.05907300817933959
2021-04-16,2021,4,Latin America,Technology,Accessories,Consumer,2,0.0,722.69,261.31,0.36157965379346607
2023-11-05,2023,11,North America,Technology,Phones,Corporate,4,0.1,2587.44,465.49,0.17990368858794795
2023-05-09,2023,5,Europe,Office Supplies,Art,Home Office,2,0.1,186.12,20.07,0.10783365570599614
2022-09-15,2022,9,Asia Pacific,Office Supplies,Paper,Corporate,1,0.5,97.18,-24.98,-0.2570487754682033
2023-05-19,2023,5,North America,Furniture,Chairs,Consumer,2,0.3,527.75,-76.17,-0.14432970156324018
2023-12-28,2023,12,Asia Pacific,Office Supplies,Storage,Consumer,3,0.15,508.38,23.73,0.04667768204886109
2022-11-04,2022,11,Asia Pacific,Technology,Laptops,Consumer,5,0.2,5341.15,587.3,0.10995759340216994
2023-12-10,2023,12,North America,Office Supplies,Binders,Home Office,1,0.1,187.8,4.01,0.021352502662406812
2023-11-29,2023,11,Asia Pacific,Technology,Copiers,Corporate,1,0.1,916.9,195.11,0.21279310720907407
2022-02-17,2022,2,North America,Office Supplies,Art,Consumer,5,0.1,244.13,27.33,0.11194855200098308
2022-04-09,2022,4,Europe,Office Supplies,Art,Corporate,2,0.1,102.47,15.42,0.15048306821508733
2023-12-21,2023,12,Asia Pacific,Office Supplies,Storage,Consumer,1,0.1,159.76,13.47,0.08431397095643466
2023-10-13,2023,10,Latin America,Office Supplies,Art,Home Office,2,0.1,154.3,19.62,0.1271548930654569
2024-05-07,2024,5,Asia Pacific,Office Supplies,Binders,Consumer,2,0.1,122.21,21.32,0.17445380901726537
2022-12-02,2022,12,Europe,Office Supplies,Paper,Consumer,7,0.2,630.11,47.11,0.07476472361968545
2024-07-24,2024,7,North America,Technology,Laptops,Corporate,3,0.2,2768.17,215.27,0.07776617765527406
2022-07-12,2022,7,Middle East & Africa,Technology,Copiers,Corporate,3,0.0,1902.2,562.22,0.29556303227841446
2024-05-22,2024,5,Latin America,Technology,Phones,Consumer,1,0.0,603.69,203.78,0.33755735559641536
2022-06-23,2022,6,North America,Office Supplies,Storage,Consumer,5,0.0,821.12,123.23,0.15007550662509744
2023-06-04,2023,6,North America,Technology,Copiers,Consumer,3,0.15,1931.66,271.98,0.1408011761904269
2021-09-28,2021,9,Asia Pacific,Technology,Phones,Consumer,2,0.2,1383.33,223.14,0.16130641278653685
2024-07-05,2024,7,Asia Pacific,Office Supplies,Binders,Consumer,3,0.2,269.27,14.43,0.053589334125598846
2021-04-19,2021,4,North America,Furniture,Chairs,Home Office,4,0.0,1010.25,102.07,0.1010343974263796
2022-06-22,2022,6,Asia Pacific,Technology,Laptops,Consumer,4,0.0,1982.07,560.0,0.2825329075158799
2021-08-06,2021,8,North America,Technology,Phones,Consumer,1,0.4,226.0,-9.41,-0.04163716814159292
2022-09-25,2022,9,Middle East & Africa,Office Supplies,Binders,Corporate,1,0.2,93.33,-6.84,-0.07328833172613308
2023-10-25,2023,10,North America,Furniture,Bookcases,Home Office,7,0.15,1543.93,-128.1,-0.08297008284054329
2024-10-13,2024,10,Europe,Office Supplies,Binders,Consumer,3,0.15,142.64,5.01,0.0351233875490746
2024-07-10,2024,7,North America,Office Supplies,Binders,Home Office,4,0.15,297.34,14.66,0.0493038272684469
2023-03-29,2023,3,Latin America,Technology,Phones,Home Office,1,0.15,787.51,174.5,0.22158448781602774
2021-06-01,2021,6,Europe,Technology,Phones,Home Office,5,0.3,1877.58,167.18,0.08904014742381151
2023-12-14,2023,12,North America,Office Supplies,Art,Home Office,1,0.1,109.5,23.08,0.21077625570776254
2024-08-23,2024,8,North America,Technology,Copiers,Consumer,2,0.15,1012.4,143.72,0.14195969972342948
2021-05-17,2021,5,North America,Office Supplies,Binders,Consumer,3,0.0,181.54,44.03,0.24253608020271017
2023-08-21,2023,8,Latin America,Furniture,Tables,Home Office,2,0.0,387.08,15.35,0.039655885088353826
2021-04-16,2021,4,Latin America,Technology,Laptops,Home Office,2,0.0,1408.76,261.02,0.1852835117408217
2021-11-13,2021,11,Middle East & Africa,Office Supplies,Storage,Corporate,1,0.0,113.62,27.52,0.24221087836648475
2022-10-28,2022,10,North America,Technology,Laptops,Consumer,2,0.0,937.97,261.94,0.2792626629849569
2024-09-22,2024,9,Latin America,Office Supplies,Art,Home Office,2,0.15,135.99,5.77,0.042429590411059634
2022-10-31,2022,10,North America,Office Supplies,Storage,Corporate,3,0.0,141.18,24.6,0.17424564385890354
2021-02-20,2021,2,Middle East & Africa,Technology,Phones,Home Office,3,0.2,1012.9,133.66,0.13195774508836014
2021-12-12,2021,12,Asia Pacific,Technology,Accessories,Corporate,2,0.0,1404.13,385.95,0.274867711679118
2023-06-17,2023,6,Asia Pacific,Office Supplies,Storage,Consumer,4,0.0,214.95,33.04,0.15371016515468713
2023-10-14,2023,10,Europe,Furniture,Furnishings,Consumer,1,0.1,376.53,22.91,0.060845085384962694
2024-01-21,2024,1,Middle East & Africa,Office Supplies,Paper,Home Office,2,0.1,181.96,16.54,0.09089909870301165
2021-07-18,2021,7,Europe,Office Supplies,Art,Corporate,3,0.4,245.77,-33.45,-0.13610286039793304
2024-01-03,2024,1,Asia Pacific,Furniture,Tables,Corporate,3,0.2,1036.69,-18.09,-0.017449768011652468
2023-05-22,2023,5,Latin America,Furniture,Furnishings,Consumer,2,0.0,559.01,122.59,0.2192984025330495
2023-08-02,2023,8,Europe,Office Supplies,Art,Consumer,7,0.0,448.6,75.91,0.16921533660276414
2022-04-08,2022,4,North America,Technology,Laptops,Consumer,5,0.3,2058.71,-0.48,-0.0002331557140150871
2022-09-24,2022,9,North America,Technology,Laptops,Corporate,3,0.2,967.32,99.93,0.10330604143406526
2023-02-27,2023,2,Asia Pacific,Office Supplies,Binders,Home Office,4,0.1,207.84,20.14,0.09690146266358737
2023-08-18,2023,8,North America,Technology,Laptops,Corporate,1,0.2,395.9,56.44,0.14256125284162668
2022-11-08,2022,11,Asia Pacific,Furniture,Tables,Consumer,2,0.0,740.88,70.12,0.09464420688910485
2023-03-13,2023,3,Asia Pacific,Technology,Copiers,Consumer,2,0.3,1151.41,-34.53,-0.029989317445566738
2023-12-04,2023,12,North America,Office Supplies,Paper,Corporate,3,0.4,316.01,-49.37,-0.15622923325211227
2023-01-13,2023,1,North America,Office Supplies,Paper,Corporate,1,0.0,65.21,18.64,0.28584572918264073
2024-12-14,2024,12,Asia Pacific,Office Supplies,Art,Corporate,2,0.3,289.55,-10.14,-0.03501985840096702
2023-05-11,2023,5,Europe,Office Supplies,Art,Consumer,5,0.15,451.97,-11.65,-0.02577604708277098
2021-11-13,2021,11,Asia Pacific,Office Supplies,Art,Corporate,1,0.15,99.91,-4.42,-0.04423981583425083
2021-12-11,2021,12,Europe,Furniture,Tables,Consumer,2,0.0,1532.51,251.76,0.1642795153049572
2022-02-25,2022,2,Asia Pacific,Office Supplies,Storage,Consumer,3,0.1,107.42,0.75,0.006981940048408118
2022-04-21,2022,4,Europe,Furniture,Furnishings,Consumer,5,0.3,2751.21,-345.25,-0.12549023884036478
2021-06-05,2021,6,Asia Pacific,Technology,Phones,Consumer,3,0.4,1247.01,-109.01,-0.08741710170728383
2022-04-15,2022,4,Middle East & Africa,Furniture,Bookcases,Consumer,2,0.1,642.33,-42.86,-0.06672582628866781
2022-07-19,2022,7,Middle East & Africa,Furniture,Chairs,Corporate,2,0.0,589.48,25.61,0.043445070231390374
2023-07-16,2023,7,Middle East & Africa,Office Supplies,Paper,Home Office,4,0.0,155.99,45.45,0.2913648310789153
2024-06-06,2024,6,Latin America,Furniture,Tables,Consumer,1,0.0,396.06,40.82,0.10306519214260465
2023-04-16,2023,4,Europe,Technology,Accessories,Corporate,4,0.0,1753.66,514.53,0.29340351037259216
2021-11-14,2021,11,North America,Office Supplies,Paper,Corporate,1,0.1,79.2,10.92,0.13787878787878788
2024-08-02,2024,8,Latin America,Furniture,Bookcases,Consumer,2,0.0,714.04,119.1,0.16679737829813457
2021-03-18,2021,3,Europe,Technology,Laptops,Consumer,4,0.0,1440.82,379.77,0.26357907302785916
2023-09-17,2023,9,North America,Technology,Accessories,Corporate,3,0.15,1035.19,134.16,0.12959939721210598
2022-12-18,2022,12,Asia Pacific,Technology,Laptops,Home Office,3,0.1,3942.16,935.33,0.23726332771881406
2024-04-17,2024,4,Middle East & Africa,Furniture,Furnishings,Consumer,1,0.5,255.06,-94.68,-0.37120677487649967
2021-07-25,2021,7,Latin America,Office Supplies,Art,Home Office,5,0.0,569.99,107.82,0.18916121335462024
2021-04-13,2021,4,Asia Pacific,Technology,Accessories,Consumer,2,0.0,378.42,104.74,0.27678241107763857
2022-07-03,2022,7,Asia Pacific,Technology,Copiers,Consumer,3,0.0,4761.61,1595.43,0.3350610402783933
2024-10-07,2024,10,Europe,Furniture,Bookcases,Consumer,2,0.2,1095.24,-74.79,-0.06828640298016873
2023-02-10,2023,2,North America,Office Supplies,Art,Consumer,7,0.5,428.45,-91.96,-0.2146341463414634
2024-06-18,2024,6,Middle East & Africa,Office Supplies,Art,Home Office,2,0.1,128.31,12.06,0.09399111526771102
2024-09-06,2024,9,Latin America,Office Supplies,Art,Consumer,2,0.0,86.78,11.65,0.13424752247061536
2021-05-18,2021,5,North America,Office Supplies,Art,Consumer,5,0.0,281.0,49.71,0.17690391459074734
2022-12-17,2022,12,Europe,Technology,Laptops,Home Office,2,0.4,1087.55,42.13,0.03873844880695141
2023-04-15,2023,4,North America,Office Supplies,Paper,Corporate,5,0.0,364.22,66.9,0.18368019328976992
2024-09-05,2024,9,Latin America,Office Supplies,Binders,Corporate,4,0.2,162.4,4.55,0.028017241379310342
2021-02-08,2021,2,Asia Pacific,Office Supplies,Art,Consumer,3,0.4,206.28,-33.95,-0.1645821213884041
2024-09-09,2024,9,Latin America,Furniture,Chairs,Home Office,4,0.15,976.25,-72.35,-0.0741101152368758
2021-06-03,2021,6,Europe,Furniture,Furnishings,Consumer,4,0.15,1519.44,-42.48,-0.027957668614752802
2023-04-26,2023,4,North America,Furniture,Tables,Corporate,1,0.4,264.89,-67.39,-0.25440748990146855
2023-02-17,2023,2,North America,Office Supplies,Paper,Home Office,1,0.0,48.21,10.09,0.2092926778676623
2021-06-23,2021,6,Europe,Technology,Copiers,Corporate,3,0.3,1149.48,95.19,0.08281135817935066
2021-08-27,2021,8,Europe,Technology,Laptops,Corporate,4,0.0,1434.21,405.2,0.2825248743210548
2024-12-05,2024,12,Europe,Office Supplies,Storage,Corporate,6,0.15,1059.93,68.48,0.06460804015359504
2021-06-22,2021,6,North America,Technology,Copiers,Home Office,2,0.1,735.95,171.82,0.23346694748284527
2021-05-06,2021,5,Asia Pacific,Technology,Laptops,Consumer,6,0.2,3028.95,298.85,0.09866455372323744
2024-01-28,2024,1,Europe,Furniture,Tables,Home Office,2,0.4,254.96,-56.58,-0.22191716347662377
2022-05-20,2022,5,North America,Technology,Copiers,Corporate,3,0.0,1799.2,425.91,0.23672187638950645
2021-04-01,2021,4,Europe,Furniture,Tables,Home Office,2,0.1,742.91,19.37,0.02607314479546648
2024-06-09,2024,6,Latin America,Technology,Phones,Consumer,6,0.0,6346.2,1594.62,0.25127162711543916
2023-06-13,2023,6,Asia Pacific,Office Supplies,Storage,Consumer,3,0.2,309.16,5.67,0.018340018113598134
2024-05-31,2024,5,Europe,Office Supplies,Storage,Home Office,4,0.4,200.32,-34.71,-0.17327276357827476
2021-06-03,2021,6,Europe,Technology,Copiers,Corporate,3,0.0,1700.84,394.53,0.2319618541426589
2022-03-11,2022,3,Latin America,Technology,Accessories,Consumer,2,0.0,1070.49,288.87,0.26984838718717596
2022-07-23,2022,7,Europe,Technology,Laptops,Consumer,5,0.0,2549.88,822.26,0.32247007702323244
2021-05-28,2021,5,Latin America,Technology,Laptops,Corporate,3,0.0,1387.35,339.47,0.24468951598371
2022-08-31,2022,8,North America,Technology,Accessories,Corporate,2,0.0,1131.81,396.17,0.3500322492291109
2023-12-22,2023,12,Latin America,Office Supplies,Binders,Consumer,1,0.0,94.95,15.69,0.16524486571879934
2024-05-12,2024,5,Latin America,Office Supplies,Art,Consumer,1,0.0,41.57,8.95,0.21529949482800095
2021-06-03,2021,6,North America,Office Supplies,Art,Home Office,5,0.1,249.51,22.58,0.09049737485471523
2024-03-06,2024,3,Europe,Office Supplies,Paper,Home Office,3,0.2,140.51,-6.19,-0.04405380399971533
2023-08-13,2023,8,Europe,Technology,Copiers,Consumer,3,0.2,618.2,67.07,0.10849239728243285
2021-11-14,2021,11,North America,Technology,Copiers,Corporate,2,0.0,1657.56,617.5,0.3725355341586428
2023-04-28,2023,4,Asia Pacific,Office Supplies,Paper,Corporate,4,0.0,382.38,87.94,0.22998064752340602
2021-02-13,2021,2,Asia Pacific,Technology,Accessories,Consumer,2,0.0,563.71,166.3,0.2950098454879282
2023-06-06,2023,6,Asia Pacific,Technology,Phones,Corporate,5,0.0,2454.19,609.96,0.24853821423769146
2024-04-22,2024,4,Asia Pacific,Furniture,Tables,Consumer,2,0.0,540.64,60.06,0.11109055933708198
2023-10-18,2023,10,North America,Technology,Phones,Consumer,2,0.1,749.61,152.5,0.20343912167660516
2021-03-01,2021,3,North America,Technology,Laptops,Corporate,2,0.1,434.57,68.25,0.15705179832938307
2023-08-31,2023,8,Europe,Office Supplies,Storage,Consumer,2,0.2,105.84,2.5,0.023620559334845047
2022-10-25,2022,10,Latin America,Technology,Accessories,Corporate,4,0.0,764.19,238.57,0.3121867598372132
2023-04-27,2023,4,Asia Pacific,Office Supplies,Art,Home Office,1,0.1,46.43,-0.9,-0.01938401895326298
2024-01-16,2024,1,Europe,Furniture,Furnishings,Corporate,4,0.0,1264.31,243.21,0.19236579636323373
2023-03-05,2023,3,Latin America,Technology,Accessories,Corporate,4,0.15,2298.76,209.56,0.09116219179035653
2022-10-11,2022,10,North America,Technology,Phones,Consumer,4,0.1,2306.82,633.46,0.27460313331772745
2023-03-30,2023,3,Asia Pacific,Office Supplies,Binders,Corporate,5,0.1,276.76,45.07,0.16284867755455992
2023-08-03,2023,8,North America,Office Supplies,Art,Corporate,4,0.0,252.49,50.86,0.20143372014733255
2021-03-22,2021,3,Europe,Furniture,Bookcases,Consumer,7,0.4,2250.83,-696.52,-0.3094502916701839
2022-10-24,2022,10,North America,Office Supplies,Binders,Corporate,1,0.1,38.28,3.27,0.08542319749216301
2024-01-23,2024,1,Europe,Furniture,Chairs,Home Office,1,0.1,351.87,-8.17,-0.023218802398613125
2023-08-02,2023,8,Latin America,Technology,Laptops,Corporate,7,0.1,3410.7,498.53,0.1461664760899522
2024-02-19,2024,2,North America,Technology,Laptops,Consumer,2,0.1,1205.71,286.72,0.2378017931343358
2022-08-09,2022,8,Asia Pacific,Office Supplies,Art,Corporate,3,0.2,182.67,1.06,0.005802813817266109
2022-11-03,2022,11,Europe,Technology,Accessories,Corporate,1,0.15,585.49,83.08,0.14189823908179472
2022-03-29,2022,3,Europe,Office Supplies,Paper,Corporate,1,0.0,32.28,5.99,0.1855638166047088
2021-01-21,2021,1,North America,Furniture,Bookcases,Corporate,2,0.2,731.73,0.79,0.0010796331980375275
2022-07-02,2022,7,Europe,Technology,Copiers,Consumer,5,0.0,2577.77,732.16,0.28402844318926823
2023-10-27,2023,10,Asia Pacific,Office Supplies,Storage,Consumer,4,0.15,206.84,16.01,0.0774028234384065
2023-03-03,2023,3,Asia Pacific,Office Supplies,Storage,Corporate,3,0.2,225.28,1.97,0.008744673295454546
2022-03-05,2022,3,North America,Technology,Copiers,Consumer,1,0.0,494.87,210.78,0.4259300422333138
2022-02-19,2022,2,Latin America,Office Supplies,Storage,Consumer,4,0.2,205.71,18.78,0.09129356861601283
2023-07-24,2023,7,Asia Pacific,Office Supplies,Binders,Corporate,2,0.4,120.99,-19.02,-0.1572030746342673
2024-04-12,2024,4,Middle East & Africa,Furniture,Bookcases,Home Office,3,0.3,1190.95,-226.52,-0.19020109996221504
2024-06-19,2024,6,Latin America,Office Supplies,Paper,Consumer,1,0.5,97.69,-30.89,-0.3162043197870816
2021-12-27,2021,12,Europe,Office Supplies,Paper,Consumer,2,0.15,121.81,9.58,0.07864707331089402
2024-02-20,2024,2,North America,Office Supplies,Paper,Consumer,1,0.0,23.21,4.22,0.1818181818181818
2023-09-27,2023,9,Asia Pacific,Technology,Accessories,Consumer,2,0.0,1428.6,370.57,0.25939381212375756
2022-08-31,2022,8,North America,Furniture,Furnishings,Consumer,4,0.2,1114.26,-207.53,-0.18624916985263762
2023-12-09,2023,12,North America,Furniture,Bookcases,Home Office,3,0.15,1728.85,46.37,0.026821297394221594
2023-01-02,2023,1,Asia Pacific,Furniture,Chairs,Consumer,4,0.15,1065.2,-23.9,-0.022437101013894102
2022-05-14,2022,5,Europe,Technology,Phones,Corporate,4,0.2,1501.78,213.16,0.14193823329648816
2024-02-29,2024,2,Asia Pacific,Furniture,Bookcases,Consumer,2,0.0,422.84,-0.14,-0.00033109450383123643
2024-03-03,2024,3,Europe,Office Supplies,Paper,Consumer,4,0.0,226.1,36.57,0.16174259177355152
2023-11-06,2023,11,North America,Technology,Accessories,Corporate,1,0.2,720.27,109.61,0.1521790439696225
2023-10-12,2023,10,Europe,Technology,Phones,Corporate,3,0.3,1571.34,79.35,0.05049830081331857
2022-12-30,2022,12,Latin America,Office Supplies,Art,Corporate,3,0.0,222.17,46.14,0.20767880451906198
2022-06-06,2022,6,Asia Pacific,Office Supplies,Binders,Consumer,4,0.2,237.35,-2.09,-0.00880556140720455
2023-11-24,2023,11,North America,Office Supplies,Binders,Home Office,1,0.0,104.99,24.89,0.23707019716163447
2024-01-13,2024,1,North America,Office Supplies,Binders,Corporate,3,0.15,158.42,12.64,0.07978790556747886
2023-06-04,2023,6,North America,Office Supplies,Binders,Consumer,5,0.2,286.38,10.81,0.037747049374956355
2024-02-29,2024,2,Latin America,Office Supplies,Storage,Consumer,4,0.0,321.26,46.8,0.1456763991782357
2022-05-17,2022,5,Europe,Office Supplies,Paper,Consumer,3,0.15,312.64,31.32,0.10017911975435005
2024-02-07,2024,2,North America,Technology,Laptops,Consumer,2,0.0,794.47,214.52,0.2700164889800748
2022-08-08,2022,8,North America,Technology,Accessories,Consumer,2,0.1,1466.18,357.93,0.24412418666193783
2023-11-14,2023,11,Europe,Office Supplies,Storage,Corporate,2,0.0,174.58,28.68,0.1642799862527208
2021-04-08,2021,4,Europe,Office Supplies,Art,Home Office,1,0.15,48.56,2.68,0.05518945634266886
2022-08-01,2022,8,Latin America,Office Supplies,Binders,Home Office,5,0.0,399.98,82.61,0.20653532676633832
2023-02-14,2023,2,Europe,Technology,Phones,Consumer,2,0.1,860.98,111.47,0.12946874491858115
2021-10-30,2021,10,North America,Office Supplies,Binders,Consumer,1,0.0,66.87,13.37,0.19994018244354717
2023-11-30,2023,11,Asia Pacific,Office Supplies,Art,Consumer,4,0.2,870.67,-19.75,-0.02268368038407204
2024-01-17,2024,1,Asia Pacific,Technology,Phones,Home Office,3,0.15,1036.27,136.37,0.1315969776216623
2022-11-05,2022,11,North America,Office Supplies,Storage,Consumer,2,0.15,156.24,10.39,0.06650025601638505
2022-02-23,2022,2,North America,Furniture,Chairs,Corporate,3,0.1,621.05,23.38,0.03764592222848402
2022-11-18,2022,11,North America,Office Supplies,Binders,Corporate,1,0.0,130.77,16.67,0.12747572073105454
2022-08-29,2022,8,Middle East & Africa,Technology,Copiers,Corporate,7,0.0,3491.81,1034.18,0.2961730449251248
2022-04-25,2022,4,Latin America,Technology,Copiers,Consumer,1,0.4,353.08,-17.43,-0.04936558287073751
2023-07-31,2023,7,Europe,Office Supplies,Art,Home Office,3,0.15,161.96,22.33,0.13787354902445045
2023-05-04,2023,5,North America,Office Supplies,Art,Corporate,3,0.15,207.49,-1.85,-0.008916092341799605
2022-05-11,2022,5,North America,Furniture,Furnishings,Corporate,2,0.1,413.4,-18.99,-0.04593613933236575
2021-04-21,2021,4,North America,Furniture,Furnishings,Home Office,2,0.15,642.52,-18.32,-0.028512731121210236
2023-01-12,2023,1,Asia Pacific,Office Supplies,Binders,Corporate,2,0.1,106.53,23.43,0.21993804562095184
2021-07-22,2021,7,North America,Furniture,Tables,Consumer,6,0.15,2658.1,214.75,0.08079079041420564
2023-10-22,2023,10,Europe,Furniture,Tables,Consumer,3,0.0,1127.0,151.92,0.1348003549245785
2024-06-16,2024,6,North America,Office Supplies,Paper,Consumer,2,0.5,282.11,-60.42,-0.21417177696643153
2024-09-02,2024,9,Europe,Office Supplies,Storage,Corporate,1,0.3,63.74,-5.98,-0.09381863821775965
2022-09-29,2022,9,Europe,Office Supplies,Binders,Corporate,3,0.0,131.22,29.36,0.22374638012498094
2023-12-24,2023,12,Asia Pacific,Office Supplies,Paper,Corporate,3,0.1,243.53,41.47,0.17028702829220219
2021-07-03,2021,7,Europe,Office Supplies,Paper,Consumer,2,0.15,186.47,-1.03,-0.005523676730841422
2022-11-26,2022,11,Asia Pacific,Furniture,Chairs,Home Office,1,0.0,270.28,17.3,0.06400769572295398
2021-11-20,2021,11,Asia Pacific,Office Supplies,Binders,Consumer,3,0.3,229.02,-38.72,-0.1690682036503362
2022-12-19,2022,12,Asia Pacific,Technology,Accessories,Consumer,2,0.5,1114.8,-205.86,-0.18466092572658774
2023-05-15,2023,5,Europe,Office Supplies,Storage,Consumer,3,0.1,317.78,66.7,0.20989363710743283
2023-09-16,2023,9,Europe,Technology,Copiers,Consumer,2,0.4,856.68,-117.5,-0.13715739832843069
2024-12-29,2024,12,North America,Furniture,Chairs,Consumer,5,0.15,2375.22,27.77,0.011691548572342773
2021-09-11,2021,9,Asia Pacific,Technology,Laptops,Home Office,3,0.15,1670.55,184.03,0.11016132411481248
2024-06-23,2024,6,Asia Pacific,Office Supplies,Binders,Consumer,4,0.15,507.79,15.5,0.030524429390102206
2023-12-24,2023,12,North America,Technology,Phones,Corporate,4,0.3,2880.09,-68.71,-0.023856893360971354
2021-10-24,2021,10,Latin America,Office Supplies,Binders,Corporate,2,0.2,130.5,2.94,0.022528735632183907
2021-04-18,2021,4,Asia Pacific,Furniture,Furnishings,Home Office,4,0.0,898.67,52.08,0.05795230729856343
2023-06-04,2023,6,North America,Office Supplies,Art,Consumer,3,0.0,279.01,55.58,0.19920432959392137
2024-04-24,2024,4,Asia Pacific,Office Supplies,Storage,Corporate,3,0.1,136.16,3.1,0.022767332549941247
2021-07-07,2021,7,Europe,Office Supplies,Art,Consumer,1,0.4,56.2,-13.49,-0.2400355871886121
2021-08-16,2021,8,Asia Pacific,Office Supplies,Paper,Consumer,4,0.5,415.42,-98.71,-0.23761494391218524
2021-08-02,2021,8,Europe,Technology,Copiers,Home Office,1,0.0,434.36,109.9,0.2530159314854038
2023-06-02,2023,6,North America,Technology,Laptops,Corporate,6,0.1,1869.78,480.3,0.25687514039084813
2022-12-10,2022,12,Middle East & Africa,Technology,Copiers,Consumer,2,0.0,2622.32,823.85,0.3141683699929833
2022-10-12,2022,10,Middle East & Africa,Office Supplies,Paper,Corporate,5,0.15,406.16,44.66,0.10995666732322236
2021-04-13,2021,4,North America,Technology,Copiers,Home Office,2,0.15,890.29,134.46,0.15102943984544365
2021-07-29,2021,7,Europe,Technology,Phones,Consumer,4,0.0,1680.92,434.59,0.2585429407705304
2021-01-03,2021,1,Europe,Office Supplies,Storage,Consumer,4,0.15,219.15,4.32,0.01971252566735113
2023-08-29,2023,8,North America,Furniture,Bookcases,Consumer,3,0.3,458.18,-57.29,-0.1250381945960103
2023-03-13,2023,3,North America,Office Supplies,Paper,Corporate,6,0.0,276.93,19.8,0.07149821254468638
2023-06-09,2023,6,North America,Technology,Laptops,Corporate,2,0.5,968.35,-107.19,-0.1106934476170806
2022-02-12,2022,2,Europe,Furniture,Furnishings,Corporate,2,0.0,564.96,70.39,0.12459289153214387
2022-12-07,2022,12,Middle East & Africa,Office Supplies,Paper,Consumer,1,0.1,199.12,24.75,0.12429690638810767
2022-04-27,2022,4,Europe,Furniture,Bookcases,Home Office,2,0.0,393.59,41.47,0.10536344927462589
2023-09-19,2023,9,North America,Office Supplies,Paper,Home Office,2,0.0,176.03,19.01,0.10799295574617963
2023-02-05,2023,2,Asia Pacific,Furniture,Chairs,Consumer,5,0.1,787.69,-16.96,-0.02153131308001879
2021-01-23,2021,1,Middle East & Africa,Office Supplies,Paper,Consumer,1,0.1,94.9,17.98,0.18946259220231823
2021-03-13,2021,3,Asia Pacific,Furniture,Bookcases,Consumer,1,0.15,404.76,-18.04,-0.044569621504101195
2023-09-23,2023,9,Latin America,Technology,Accessories,Consumer,4,0.0,1906.87,499.87,0.2621416247568004
2021-11-05,2021,11,Europe,Office Supplies,Art,Consumer,4,0.0,321.15,72.21,0.22484820177487155
2021-10-01,2021,10,North America,Technology,Accessories,Corporate,1,0.1,601.82,127.15,0.21127579674985875
2022-11-24,2022,11,Europe,Technology,Laptops,Consumer,4,0.5,4890.15,-672.22,-0.13746408596873308
2024-07-06,2024,7,North America,Technology,Accessories,Consumer,3,0.15,1698.94,344.68,0.20287944247589673
2024-08-15,2024,8,Europe,Office Supplies,Binders,Consumer,4,0.15,246.42,10.35,0.04200146092037984
2024-04-26,2024,4,North America,Office Supplies,Art,Home Office,3,0.2,154.48,3.41,0.022074054893837392
2023-01-16,2023,1,Latin America,Technology,Laptops,Consumer,1,0.0,645.52,204.5,0.31679885983393236
2024-07-03,2024,7,Asia Pacific,Office Supplies,Paper,Corporate,4,0.15,286.98,18.35,0.06394173810021604
2023-12-08,2023,12,Middle East & Africa,Furniture,Tables,Consumer,3,0.2,2043.33,-161.76,-0.07916489260178239
2021-09-04,2021,9,North America,Technology,Accessories,Consumer,3,0.0,1396.24,498.84,0.3572738211195783
2022-05-27,2022,5,Latin America,Technology,Phones,Corporate,4,0.0,2929.72,806.5,0.2752822795352457
2024-03-26,2024,3,North America,Furniture,Furnishings,Corporate,3,0.2,1246.47,-50.75,-0.04071497910098117
2023-08-15,2023,8,Asia Pacific,Technology,Copiers,Consumer,6,0.4,2179.02,-167.3,-0.0767776339822489
2022-08-18,2022,8,Asia Pacific,Furniture,Tables,Home Office,4,0.0,974.04,129.44,0.13288981971992936
2023-08-13,2023,8,North America,Office Supplies,Paper,Home Office,5,0.0,336.24,58.87,0.17508327385201045
2023-09-04,2023,9,North America,Office Supplies,Paper,Consumer,4,0.0,279.63,50.93,0.18213353359796874
2024-12-06,2024,12,North America,Furniture,Bookcases,Consumer,5,0.5,3063.58,-975.73,-0.31849339661441844
2022-07-31,2022,7,Europe,Office Supplies,Paper,Corporate,4,0.15,208.68,9.89,0.04739313781866974
2024-11-19,2024,11,North America,Technology,Phones,Consumer,3,0.1,4052.74,224.94,0.05550319043412605
2022-04-07,2022,4,Asia Pacific,Office Supplies,Art,Consumer,3,0.15,153.31,2.49,0.016241601982910445
2021-01-04,2021,1,North America,Office Supplies,Art,Consumer,1,0.0,78.25,13.35,0.1706070287539936
2023-08-15,2023,8,Europe,Technology,Accessories,Consumer,3,0.2,2492.72,148.1,0.0594130106871209
2024-09-23,2024,9,North America,Technology,Copiers,Home Office,4,0.3,3295.12,-116.02,-0.03520964335138022
2022-04-29,2022,4,Latin America,Office Supplies,Art,Consumer,5,0.15,241.58,-0.86,-0.0035598973424952394
2024-03-02,2024,3,North America,Office Supplies,Art,Consumer,2,0.5,238.71,-42.91,-0.17975786519207404
2021-07-13,2021,7,Asia Pacific,Office Supplies,Binders,Home Office,2,0.2,85.87,5.33,0.06207057179457319
2022-09-20,2022,9,North America,Furniture,Tables,Home Office,2,0.0,496.16,10.29,0.0207392776523702
2021-11-15,2021,11,Europe,Office Supplies,Art,Consumer,2,0.0,250.03,41.08,0.16430028396592408
2021-05-03,2021,5,Europe,Office Supplies,Binders,Consumer,6,0.2,474.06,20.29,0.04280048938952875
2021-06-19,2021,6,Asia Pacific,Technology,Laptops,Corporate,4,0.3,3396.2,237.37,0.0698928213886108
2024-04-06,2024,4,North America,Furniture,Tables,Consumer,2,0.3,946.94,-73.43,-0.07754451179588992
2022-04-10,2022,4,Latin America,Office Supplies,Binders,Corporate,5,0.3,406.43,-40.1,-0.09866397657653225
2021-07-21,2021,7,Europe,Furniture,Tables,Consumer,5,0.3,2667.6,-425.69,-0.15957789773579248
2022-03-13,2022,3,North America,Office Supplies,Paper,Consumer,6,0.2,417.98,-22.85,-0.05466768744916025
2024-04-04,2024,4,North America,Furniture,Furnishings,Corporate,1,0.0,416.0,59.14,0.14216346153846154
2022-11-04,2022,11,Asia Pacific,Technology,Copiers,Consumer,3,0.3,2195.99,-159.37,-0.0725731902239992
2023-04-18,2023,4,Europe,Office Supplies,Art,Consumer,1,0.1,84.69,9.15,0.10804109103790295
2024-08-26,2024,8,Asia Pacific,Office Supplies,Paper,Consumer,2,0.0,216.6,47.3,0.21837488457987073
2023-10-11,2023,10,Middle East & Africa,Office Supplies,Binders,Corporate,1,0.3,49.66,-2.55,-0.0513491743858236
2023-04-25,2023,4,North America,Furniture,Bookcases,Home Office,1,0.1,226.93,-5.41,-0.023839950645573524
2021-02-07,2021,2,Europe,Office Supplies,Paper,Home Office,1,0.15,72.18,9.82,0.13604876697146023
2021-06-06,2021,6,Middle East & Africa,Office Supplies,Paper,Corporate,4,0.1,352.36,23.73,0.06734589624247928
2022-06-18,2022,6,Asia Pacific,Furniture,Furnishings,Consumer,6,0.5,5903.83,-2189.74,-0.3709016011639901
2021-02-15,2021,2,Europe,Furniture,Tables,Consumer,3,0.1,403.61,16.92,0.041921657045167364
2024-01-22,2024,1,Asia Pacific,Furniture,Tables,Consumer,1,0.1,314.5,-7.23,-0.022988871224165344
2024-09-08,2024,9,North America,Office Supplies,Paper,Consumer,6,0.15,389.17,60.62,0.155767402420536
2024-01-02,2024,1,Asia Pacific,Office Supplies,Paper,Consumer,3,0.0,315.1,43.95,0.13947953030783877
2024-03-07,2024,3,North America,Office Supplies,Art,Corporate,3,0.1,289.11,7.45,0.0257687385424233
2022-02-22,2022,2,Latin America,Office Supplies,Storage,Corporate,3,0.3,131.71,-11.53,-0.08754080935388352
2021-05-12,2021,5,Latin America,Office Supplies,Binders,Consumer,6,0.15,356.81,85.55,0.23976345954429526
2024-04-07,2024,4,Asia Pacific,Furniture,Bookcases,Corporate,2,0.1,315.45,33.02,0.10467585988270725
2023-05-26,2023,5,Asia Pacific,Office Supplies,Paper,Consumer,2,0.1,202.0,37.4,0.18514851485148515
2024-01-28,2024,1,Asia Pacific,Furniture,Furnishings,Home Office,6,0.5,1305.68,-378.01,-0.28951197843269405
2023-07-26,2023,7,Latin America,Technology,Phones,Corporate,3,0.2,1361.87,82.21,0.06036552681239766
2021-01-14,2021,1,North America,Office Supplies,Paper,Corporate,4,0.2,301.83,0.56,0.001855349037537687
2023-11-02,2023,11,Asia Pacific,Technology,Phones,Corporate,3,0.0,1803.37,269.0,0.14916517409073013
2023-05-11,2023,5,North America,Office Supplies,Binders,Corporate,2,0.2,117.08,2.91,0.024854800136658698
2022-08-28,2022,8,North America,Office Supplies,Binders,Consumer,4,0.15,297.07,25.95,0.0873531490894402
2024-01-06,2024,1,Latin America,Office Supplies,Art,Home Office,4,0.2,265.66,17.76,0.06685236768802229
2024-05-29,2024,5,North America,Technology,Copiers,Consumer,2,0.1,1128.91,201.01,0.17805670956940764
2022-05-15,2022,5,North America,Office Supplies,Paper,Corporate,1,0.3,83.93,-5.43,-0.06469677111878946
2022-02-15,2022,2,North America,Office Supplies,Storage,Consumer,4,0.0,214.13,25.96,0.12123476392845468
2024-10-27,2024,10,Europe,Office Supplies,Binders,Corporate,2,0.1,118.39,0.46,0.003885463299265141
2023-12-10,2023,12,Asia Pacific,Technology,Laptops,Home Office,6,0.2,3024.59,343.89,0.113698054942984
2022-10-02,2022,10,Europe,Office Supplies,Binders,Consumer,2,0.0,190.83,34.15,0.17895509091861864
2021-07-21,2021,7,Europe,Technology,Phones,Corporate,4,0.15,3013.43,193.16,0.0640997136153818
2022-06-04,2022,6,Asia Pacific,Office Supplies,Storage,Corporate,4,0.0,374.57,71.36,0.1905117868489201
2024-06-10,2024,6,Europe,Office Supplies,Art,Corporate,1,0.2,63.29,2.57,0.04060673092115658
2021-03-03,2021,3,Asia Pacific,Technology,Accessories,Consumer,3,0.3,2185.91,18.36,0.008399247910481219
2023-11-13,2023,11,North America,Office Supplies,Binders,Corporate,2,0.0,288.97,58.53,0.2025469771948645
2021-01-08,2021,1,North America,Furniture,Bookcases,Corporate,3,0.15,878.78,-96.12,-0.10937891167300122
2024-10-23,2024,10,North America,Technology,Phones,Home Office,1,0.2,364.86,10.84,0.02971002576330647
2023-10-05,2023,10,Latin America,Office Supplies,Art,Consumer,6,0.15,387.31,23.83,0.061526942242648
2021-10-19,2021,10,Asia Pacific,Technology,Laptops,Consumer,5,0.1,2530.46,552.99,0.2185333891861559
2023-04-06,2023,4,Europe,Office Supplies,Binders,Consumer,1,0.3,97.45,-9.98,-0.10241149307337095
2022-11-22,2022,11,North America,Office Supplies,Paper,Home Office,1,0.3,45.88,-2.31,-0.0503487358326068
2022-10-28,2022,10,Asia Pacific,Furniture,Bookcases,Consumer,2,0.0,605.23,62.92,0.1039604778348727
2024-11-05,2024,11,Latin America,Office Supplies,Art,Consumer,2,0.2,253.59,-18.73,-0.0738593793130644
2022-01-27,2022,1,Middle East & Africa,Technology,Copiers,Home Office,3,0.2,1115.66,152.74,0.13690550884678127
2022-05-21,2022,5,Latin America,Technology,Phones,Consumer,4,0.5,1560.81,-323.2,-0.20707196904171551
2024-01-21,2024,1,North America,Office Supplies,Binders,Home Office,2,0.0,111.49,26.2,0.2349986545878554
2024-10-31,2024,10,Europe,Furniture,Furnishings,Corporate,3,0.15,1105.3,3.94,0.003564643083325794
2022-04-10,2022,4,Asia Pacific,Furniture,Chairs,Consumer,1,0.0,249.55,43.47,0.17419354838709677
2021-08-15,2021,8,North America,Technology,Laptops,Corporate,7,0.2,4868.73,359.93,0.0739268762079639
2024-02-18,2024,2,North America,Furniture,Furnishings,Corporate,3,0.4,729.24,-217.63,-0.2984339860676869
2024-11-18,2024,11,Middle East & Africa,Furniture,Furnishings,Corporate,4,0.1,1766.64,162.54,0.09200516234207308
2023-06-07,2023,6,North America,Technology,Phones,Corporate,2,0.0,1546.28,466.75,0.3018534806115322
2023-04-09,2023,4,Europe,Technology,Laptops,Corporate,2,0.15,506.66,99.43,0.1962460032368847
2021-01-31,2021,1,North America,Office Supplies,Art,Consumer,3,0.5,192.57,-43.45,-0.2256322376278756
2022-12-02,2022,12,Asia Pacific,Office Supplies,Paper,Home Office,3,0.3,581.58,-46.21,-0.07945596478558409
2022-02-15,2022,2,Middle East & Africa,Office Supplies,Binders,Consumer,3,0.0,123.08,28.08,0.22814429639259018
2021-09-25,2021,9,Asia Pacific,Furniture,Tables,Home Office,3,0.15,420.79,1.94,0.004610375721856508
2022-05-09,2022,5,Asia Pacific,Office Supplies,Art,Consumer,3,0.15,140.93,6.13,0.043496771446817566
2022-09-15,2022,9,North America,Technology,Laptops,Consumer,6,0.2,3952.45,144.14,0.036468519525863705
2021-04-12,2021,4,North America,Office Supplies,Art,Consumer,3,0.0,135.13,29.52,0.2184563013394509
2023-05-03,2023,5,Asia Pacific,Technology,Accessories,Corporate,4,0.2,2094.26,211.1,0.10079932768615166
2024-01-07,2024,1,Asia Pacific,Technology,Phones,Home Office,2,0.3,991.93,-43.37,-0.04372284334580061
2024-11-03,2024,11,North America,Office Supplies,Binders,Consumer,5,0.4,895.43,-140.83,-0.15727639234781057
2024-08-10,2024,8,Europe,Office Supplies,Binders,Home Office,5,0.1,293.25,26.26,0.08954816709292412
2022-04-23,2022,4,Europe,Office Supplies,Storage,Consumer,2,0.15,128.7,19.61,0.15236985236985237
2021-03-02,2021,3,Latin America,Office Supplies,Binders,Corporate,4,0.0,198.89,51.0,0.2564231484740309
2024-09-26,2024,9,Middle East & Africa,Technology,Accessories,Consumer,2,0.15,1206.74,201.76,0.16719425891244177
2023-07-21,2023,7,Europe,Technology,Phones,Consumer,3,0.0,2452.38,568.85,0.2319583425080942
2022-03-03,2022,3,Latin America,Office Supplies,Paper,Consumer,3,0.5,135.12,-38.52,-0.28507992895204265
2024-10-23,2024,10,North America,Technology,Accessories,Corporate,3,0.1,2218.93,579.94,0.2613602051439208
2024-07-11,2024,7,Asia Pacific,Office Supplies,Art,Corporate,3,0.0,626.74,119.25,0.19027028751954558
2023-08-30,2023,8,Europe,Technology,Accessories,Consumer,3,0.15,1217.35,135.99,0.1117098615845895
2022-02-15,2022,2,North America,Office Supplies,Art,Corporate,1,0.3,30.09,-3.26,-0.10834164174144233
2021-03-29,2021,3,Middle East & Africa,Furniture,Tables,Consumer,2,0.0,473.38,57.6,0.12167814440829777
2024-11-16,2024,11,North America,Technology,Laptops,Corporate,4,0.5,2279.76,-402.21,-0.17642646594378353
2024-10-19,2024,10,Europe,Office Supplies,Storage,Consumer,3,0.2,118.19,1.36,0.01150689567645317
2021-11-19,2021,11,Asia Pacific,Furniture,Chairs,Corporate,5,0.1,1970.4,21.71,0.011018067397482744
2023-06-17,2023,6,Latin America,Furniture,Bookcases,Consumer,5,0.1,2056.09,115.21,0.05603353938786725
2024-03-28,2024,3,Asia Pacific,Technology,Phones,Consumer,5,0.15,4124.19,513.95,0.12461840991806879
2022-02-19,2022,2,North America,Furniture,Tables,Consumer,3,0.15,531.93,-6.83,-0.01284003534299626
2022-12-26,2022,12,Europe,Technology,Phones,Consumer,3,0.3,1580.71,95.64,0.060504456857994195
2021-06-12,2021,6,North America,Technology,Phones,Consumer,2,0.15,1117.94,157.1,0.1405263252052883
2022-05-23,2022,5,Latin America,Furniture,Tables,Consumer,6,0.3,1756.66,-189.93,-0.1081199549144399
2024-07-05,2024,7,Latin America,Office Supplies,Art,Home Office,4,0.3,443.63,-25.23,-0.056871717422176137
2022-09-27,2022,9,Asia Pacific,Office Supplies,Paper,Home Office,2,0.2,136.23,9.12,0.06694560669456066
2023-11-24,2023,11,North America,Technology,Phones,Home Office,1,0.2,508.38,82.76,0.16279161257327196
2021-03-15,2021,3,Latin America,Office Supplies,Binders,Consumer,6,0.0,382.67,69.52,0.18167089136854206
2021-12-03,2021,12,North America,Office Supplies,Paper,Consumer,3,0.5,332.4,-71.6,-0.21540312876052947
2022-02-24,2022,2,North America,Office Supplies,Paper,Corporate,4,0.2,144.47,-13.45,-0.09309891326919083
2022-06-06,2022,6,Middle East & Africa,Office Supplies,Storage,Consumer,5,0.0,275.65,57.1,0.20714674405949576
2022-05-28,2022,5,Asia Pacific,Office Supplies,Art,Consumer,6,0.0,381.36,54.3,0.1423851478917558
2021-12-23,2021,12,Latin America,Office Supplies,Storage,Consumer,2,0.0,141.16,31.63,0.22407197506375745
2021-12-08,2021,12,Latin America,Office Supplies,Binders,Consumer,1,0.3,74.9,-7.63,-0.10186915887850466
2024-03-05,2024,3,North America,Office Supplies,Storage,Consumer,1,0.2,51.14,1.44,0.028157997653500196
2023-10-25,2023,10,North America,Furniture,Chairs,Consumer,7,0.15,3290.49,-9.26,-0.002814170533871855
2021-10-17,2021,10,North America,Office Supplies,Paper,Corporate,2,0.15,114.58,7.33,0.06397277011694885
2024-10-02,2024,10,Europe,Technology,Copiers,Consumer,3,0.0,1690.44,447.91,0.2649665175930527
2023-04-25,2023,4,North America,Office Supplies,Binders,Consumer,3,0.1,182.49,1.05,0.005753739930955121
2022-04-15,2022,4,Europe,Furniture,Chairs,Consumer,3,0.0,686.62,55.38,0.08065596691037255
2023-10-29,2023,10,Europe,Furniture,Bookcases,Corporate,5,0.0,1661.63,78.25,0.047092312969794714
2023-10-06,2023,10,Europe,Technology,Copiers,Consumer,4,0.2,2818.82,345.48,0.12256192307419417
2023-10-05,2023,10,Europe,Office Supplies,Art,Corporate,7,0.0,333.79,39.39,0.11800832858983193
2021-08-16,2021,8,North America,Office Supplies,Art,Consumer,1,0.15,122.22,6.01,0.04917362133856979
2024-01-21,2024,1,Asia Pacific,Office Supplies,Paper,Consumer,4,0.3,340.8,-14.2,-0.041666666666666664
2024-06-15,2024,6,Europe,Office Supplies,Storage,Consumer,3,0.15,198.25,5.23,0.02638083228247163
2023-05-22,2023,5,North America,Technology,Accessories,Corporate,2,0.15,1081.26,145.71,0.13475944731146997
2023-12-12,2023,12,Europe,Furniture,Bookcases,Consumer,5,0.1,3841.62,-122.94,-0.03200212410389367
2024-05-30,2024,5,Asia Pacific,Technology,Laptops,Consumer,1,0.5,545.84,-79.39,-0.14544555181005422
2021-02-08,2021,2,Europe,Office Supplies,Paper,Corporate,10,0.15,389.86,45.4,0.11645205971374338
2023-11-17,2023,11,Asia Pacific,Technology,Phones,Corporate,3,0.15,1507.83,195.69,0.12978253516643123
2023-01-24,2023,1,North America,Technology,Phones,Corporate,6,0.1,2508.99,307.17,0.12242774981167723
2021-08-20,2021,8,Europe,Office Supplies,Binders,Consumer,1,0.2,48.02,-1.7,-0.035401915868388166
2023-09-15,2023,9,Latin America,Office Supplies,Art,Corporate,2,0.15,125.55,10.36,0.08251692552767821
2021-08-14,2021,8,Europe,Office Supplies,Binders,Corporate,2,0.0,119.68,28.35,0.2368816844919786
2021-08-31,2021,8,Europe,Technology,Laptops,Home Office,8,0.1,1618.22,397.92,0.24589981584704182
2024-09-18,2024,9,Asia Pacific,Furniture,Tables,Consumer,3,0.5,1001.51,-364.37,-0.3638206308474204
2023-05-08,2023,5,North America,Technology,Laptops,Corporate,5,0.2,6007.32,1077.15,0.17930624637941714
2024-11-20,2024,11,North America,Office Supplies,Storage,Home Office,4,0.1,422.83,19.44,0.045975924130265126
2024-09-04,2024,9,North America,Furniture,Furnishings,Consumer,2,0.3,853.82,-146.61,-0.1717106650113607
2022-09-28,2022,9,Asia Pacific,Office Supplies,Binders,Consumer,3,0.15,232.62,11.34,0.04874903275728656
2023-08-16,2023,8,North America,Office Supplies,Art,Home Office,6,0.0,249.97,51.67,0.2067048045765492
2022-08-17,2022,8,Middle East & Africa,Office Supplies,Art,Corporate,4,0.1,183.93,32.73,0.17794813244168975
2024-11-13,2024,11,Asia Pacific,Office Supplies,Storage,Corporate,1,0.1,168.17,10.96,0.06517214723196767
2021-06-28,2021,6,North America,Furniture,Chairs,Corporate,1,0.1,393.86,31.56,0.08012999542984817
2023-10-28,2023,10,North America,Office Supplies,Binders,Consumer,1,0.1,87.61,11.88,0.13560095879465817
2021-09-22,2021,9,Middle East & Africa,Technology,Accessories,Consumer,3,0.15,1271.03,121.62,0.09568617577869917
2022-05-20,2022,5,North America,Furniture,Furnishings,Consumer,6,0.15,1515.82,-11.36,-0.0074942935176999905
2023-11-12,2023,11,North America,Technology,Copiers,Consumer,6,0.2,5089.18,-86.02,-0.016902526536691567
2022-04-05,2022,4,Asia Pacific,Technology,Accessories,Home Office,1,0.4,397.25,-33.27,-0.08375078665827565
2021-05-20,2021,5,Europe,Furniture,Furnishings,Corporate,5,0.0,724.71,120.62,0.16643898938885898
2021-12-22,2021,12,Europe,Office Supplies,Binders,Corporate,5,0.5,442.14,-110.59,-0.25012439498801287
2023-07-02,2023,7,North America,Office Supplies,Art,Corporate,2,0.2,186.79,8.48,0.0453985759408962
2022-03-16,2022,3,Europe,Office Supplies,Paper,Corporate,2,0.15,72.73,3.47,0.047710710848343184
2023-11-17,2023,11,Europe,Technology,Accessories,Consumer,6,0.2,3099.35,240.72,0.07766789810766773
2024-04-18,2024,4,North America,Furniture,Furnishings,Home Office,4,0.2,1843.32,-122.42,-0.06641277694594536
2022-09-26,2022,9,Asia Pacific,Technology,Copiers,Consumer,2,0.15,519.21,48.12,0.09267926272606458
2024-01-28,2024,1,Middle East & Africa,Technology,Laptops,Consumer,4,0.1,2228.1,618.35,0.27752345047349763
2022-10-09,2022,10,Europe,Technology,Accessories,Corporate,2,0.2,627.72,108.24,0.17243356910724525
2022-08-21,2022,8,North America,Furniture,Bookcases,Consumer,6,0.0,1546.1,283.28,0.18322230127417372
2023-09-26,2023,9,Europe,Technology,Copiers,Corporate,3,0.15,1002.35,168.62,0.16822467202075123
2021-09-20,2021,9,Asia Pacific,Furniture,Furnishings,Corporate,1,0.0,229.58,21.89,0.09534802683160554
2021-09-04,2021,9,North America,Furniture,Bookcases,Consumer,8,0.15,1832.33,-135.3,-0.073840410843025
2021-10-15,2021,10,Latin America,Office Supplies,Art,Consumer,2,0.15,178.57,2.59,0.014504116032928263
2021-09-02,2021,9,Latin America,Office Supplies,Storage,Consumer,1,0.2,22.7,1.84,0.08105726872246696
2024-12-30,2024,12,North America,Furniture,Bookcases,Consumer,1,0.1,719.88,98.51,0.13684225148635884
2021-03-31,2021,3,North America,Office Supplies,Binders,Consumer,5,0.5,735.07,-236.17,-0.32128912892649675
2023-11-28,2023,11,Middle East & Africa,Furniture,Tables,Corporate,2,0.4,981.22,-208.27,-0.21225617088930107
2023-06-30,2023,6,North America,Technology,Accessories,Consumer,3,0.3,1260.09,12.88,0.010221492115642534
2023-02-01,2023,2,Europe,Technology,Copiers,Corporate,7,0.0,2743.13,885.58,0.3228355929175796
2024-09-28,2024,9,Asia Pacific,Office Supplies,Paper,Corporate,3,0.15,193.89,17.49,0.09020578678632214
2024-08-07,2024,8,North America,Office Supplies,Paper,Corporate,2,0.3,64.2,-2.75,-0.042834890965732085
2024-12-02,2024,12,North America,Technology,Laptops,Home Office,4,0.1,3642.75,821.96,0.2256427149818132
2023-06-17,2023,6,North America,Technology,Copiers,Corporate,5,0.1,3606.47,1227.29,0.34030229005093626
2023-09-13,2023,9,North America,Technology,Copiers,Consumer,2,0.1,1158.1,281.74,0.2432777825749072
2021-01-27,2021,1,Latin America,Office Supplies,Paper,Consumer,3,0.15,130.23,2.27,0.017430699531597944
2022-08-01,2022,8,Latin America,Office Supplies,Paper,Consumer,3,0.4,194.81,-30.82,-0.15820543093270367
2022-03-05,2022,3,North America,Office Supplies,Storage,Corporate,2,0.2,132.3,-7.81,-0.05903250188964474
2022-06-14,2022,6,Latin America,Office Supplies,Binders,Home Office,2,0.0,162.78,20.0,0.12286521685710775
2023-08-15,2023,8,Asia Pacific,Technology,Laptops,Consumer,3,0.0,1625.06,278.26,0.17123060071628124
2022-05-27,2022,5,Europe,Office Supplies,Binders,Consumer,2,0.0,74.17,8.07,0.10880409869219361
2024-04-03,2024,4,Asia Pacific,Technology,Accessories,Consumer,4,0.15,1212.9,134.99,0.11129524280649683
2022-06-03,2022,6,Europe,Furniture,Tables,Consumer,1,0.1,548.73,28.42,0.051792320449036866
2023-03-05,2023,3,Europe,Technology,Laptops,Consumer,5,0.15,1222.95,280.03,0.2289791078948444
2021-09-14,2021,9,Asia Pacific,Technology,Accessories,Consumer,1,0.1,250.82,24.89,0.09923451080456104
2021-03-21,2021,3,North America,Office Supplies,Storage,Consumer,1,0.0,48.56,8.66,0.17833607907743
2021-01-19,2021,1,Europe,Office Supplies,Art,Home Office,1,0.15,52.05,3.82,0.0733909702209414
2023-04-14,2023,4,Europe,Office Supplies,Storage,Consumer,6,0.4,273.48,-49.15,-0.17972063770659644
2021-06-29,2021,6,North America,Office Supplies,Art,Corporate,2,0.1,55.14,1.95,0.03536452665941241
2024-12-08,2024,12,North America,Technology,Phones,Corporate,3,0.15,1572.84,285.99,0.18183031967650876
2023-06-15,2023,6,Middle East & Africa,Furniture,Tables,Corporate,3,0.2,602.74,-10.94,-0.01815044629525168
2022-01-24,2022,1,Europe,Office Supplies,Art,Corporate,6,0.3,190.82,-25.38,-0.1330049261083744
2023-04-27,2023,4,Latin America,Technology,Copiers,Corporate,3,0.15,1167.02,4.52,0.0038731127144350564
2024-12-14,2024,12,Middle East & Africa,Furniture,Tables,Corporate,3,0.1,1972.39,-14.5,-0.007351487281927002
2022-10-24,2022,10,North America,Furniture,Chairs,Corporate,1,0.0,358.59,20.63,0.05753088485456929
2022-11-22,2022,11,Europe,Office Supplies,Paper,Corporate,1,0.2,64.06,4.54,0.07087105838276615
2024-07-08,2024,7,Middle East & Africa,Office Supplies,Paper,Corporate,1,0.2,48.57,-0.33,-0.0067943174799258805
2022-01-24,2022,1,North America,Furniture,Tables,Consumer,1,0.5,160.18,-52.05,-0.3249469346984642
2023-03-21,2023,3,Europe,Technology,Laptops,Consumer,1,0.3,534.63,22.79,0.042627611619250695
2023-06-25,2023,6,Latin America,Office Supplies,Binders,Corporate,3,0.5,124.47,-17.73,-0.14244396240057847
2024-12-26,2024,12,Latin America,Office Supplies,Art,Corporate,1,0.1,52.16,0.11,0.0021088957055214724
2022-06-08,2022,6,Europe,Technology,Laptops,Corporate,3,0.3,2891.56,227.29,0.07860462864336205
2023-03-18,2023,3,Europe,Technology,Laptops,Corporate,2,0.0,1205.16,299.75,0.24872216137276376
2021-05-28,2021,5,North America,Office Supplies,Storage,Consumer,3,0.0,133.56,28.15,0.2107666966157532
2023-07-31,2023,7,Asia Pacific,Technology,Accessories,Home Office,3,0.2,883.98,84.16,0.09520577388628701
2021-09-16,2021,9,Middle East & Africa,Office Supplies,Art,Consumer,1,0.2,42.89,2.1,0.04896246211238051
2022-10-13,2022,10,Asia Pacific,Technology,Phones,Corporate,4,0.1,1307.27,235.09,0.17983278129231145
2021-12-11,2021,12,North America,Technology,Laptops,Home Office,3,0.3,2704.73,43.16,0.01595723048141589
2024-06-27,2024,6,Europe,Technology,Phones,Corporate,3,0.0,888.5,236.99,0.2667304445694992
2024-10-11,2024,10,Asia Pacific,Office Supplies,Binders,Consumer,1,0.3,70.59,-5.83,-0.0825896019266185
2023-12-03,2023,12,Latin America,Office Supplies,Paper,Consumer,5,0.15,425.81,-12.23,-0.02872173034921679
2021-07-05,2021,7,Europe,Furniture,Bookcases,Corporate,5,0.1,1415.85,68.94,0.04869159868630152
2023-03-28,2023,3,Europe,Technology,Accessories,Consumer,2,0.0,1474.28,386.1,0.26189054996337197
2023-09-14,2023,9,Asia Pacific,Office Supplies,Art,Consumer,5,0.0,317.62,53.22,0.16755871796486366
2022-10-03,2022,10,Latin America,Furniture,Furnishings,Consumer,1,0.2,253.81,-4.89,-0.019266380363263856
2021-01-29,2021,1,Europe,Furniture,Chairs,Consumer,4,0.0,477.58,44.73,0.09365970099250387
2022-08-19,2022,8,Latin America,Office Supplies,Paper,Home Office,3,0.2,110.09,5.68,0.05159415024071214
2024-08-28,2024,8,North America,Technology,Phones,Consumer,3,0.0,1224.57,310.16,0.25328074344463775
2021-09-29,2021,9,Latin America,Furniture,Chairs,Consumer,1,0.5,242.15,-97.29,-0.40177575882717326
2024-03-25,2024,3,Asia Pacific,Technology,Copiers,Corporate,3,0.5,2578.27,-334.67,-0.12980409344250216
2022-12-21,2022,12,Europe,Technology,Laptops,Corporate,1,0.1,538.06,139.17,0.2586514515109839
2024-11-20,2024,11,Asia Pacific,Technology,Phones,Consumer,8,0.0,10725.66,2484.39,0.23163050106007463
2021-03-01,2021,3,Europe,Office Supplies,Art,Corporate,1,0.0,84.24,18.95,0.22495251661918328
2024-06-03,2024,6,North America,Technology,Phones,Corporate,3,0.2,1801.72,170.61,0.09469284905534713
2021-02-07,2021,2,North America,Office Supplies,Art,Consumer,3,0.1,129.67,9.87,0.07611629521092003
2022-04-15,2022,4,Latin America,Furniture,Furnishings,Consumer,4,0.3,1135.54,-185.19,-0.1630854043010374
2023-02-15,2023,2,Asia Pacific,Technology,Phones,Corporate,1,0.2,365.4,13.49,0.036918445539135196
2023-02-23,2023,2,Europe,Technology,Laptops,Corporate,4,0.1,1576.29,308.76,0.19587766210532326
2024-11-05,2024,11,Latin America,Technology,Phones,Corporate,3,0.1,2370.02,492.23,0.2076902304621902
2023-04-12,2023,4,Latin America,Office Supplies,Paper,Consumer,5,0.1,398.34,17.66,0.04433398604207461
2021-11-01,2021,11,North America,Office Supplies,Paper,Corporate,6,0.0,797.3,103.2,0.12943684936661232
2021-04-23,2021,4,Asia Pacific,Office Supplies,Art,Consumer,5,0.3,316.24,-20.85,-0.06593093852770049
2023-05-01,2023,5,Europe,Technology,Accessories,Consumer,2,0.0,880.74,231.47,0.2628130889933465
2022-01-19,2022,1,Europe,Office Supplies,Binders,Consumer,3,0.4,376.56,-76.66,-0.20357977480348416
2023-07-03,2023,7,Europe,Office Supplies,Paper,Consumer,4,0.4,189.17,-37.84,-0.20003171750277532
2023-03-05,2023,3,Asia Pacific,Office Supplies,Binders,Consumer,1,0.15,82.1,14.66,0.17856272838002438
2022-11-22,2022,11,North America,Technology,Copiers,Consumer,4,0.3,1930.02,60.45,0.03132091895420773
2022-09-20,2022,9,Middle East & Africa,Office Supplies,Storage,Corporate,5,0.2,239.93,-4.54,-0.018922185637477596
2023-08-31,2023,8,Asia Pacific,Technology,Copiers,Corporate,3,0.2,1521.86,255.19,0.16768296689577228
2024-02-13,2024,2,Asia Pacific,Office Supplies,Art,Consumer,2,0.1,55.97,4.99,0.08915490441307844
2023-03-19,2023,3,North America,Furniture,Chairs,Home Office,4,0.1,655.38,-50.01,-0.076306875400531
2023-01-15,2023,1,Asia Pacific,Office Supplies,Binders,Corporate,2,0.2,170.71,3.26,0.019096713725030752
2024-04-23,2024,4,Asia Pacific,Furniture,Furnishings,Consumer,1,0.15,285.25,1.28,0.00448729184925504
2021-03-24,2021,3,Asia Pacific,Technology,Laptops,Corporate,2,0.0,263.96,43.01,0.1629413547507198
2023-11-05,2023,11,Latin America,Office Supplies,Art,Consumer,3,0.4,465.73,-47.13,-0.10119597191505808
2023-12-05,2023,12,North America,Furniture,Tables,Consumer,6,0.3,2946.18,-529.24,-0.1796360032313029
2021-07-09,2021,7,North America,Technology,Copiers,Home Office,4,0.4,1607.92,-202.9,-0.12618787004328574
2023-05-25,2023,5,Europe,Technology,Phones,Home Office,3,0.4,1670.2,-383.58,-0.22966111842893064
2024-04-07,2024,4,Europe,Office Supplies,Binders,Consumer,1,0.0,66.01,14.84,0.22481442205726404
2024-03-29,2024,3,Asia Pacific,Office Supplies,Storage,Corporate,3,0.2,217.89,-2.81,-0.012896415622561844
2021-03-19,2021,3,North America,Office Supplies,Paper,Home Office,2,0.0,110.75,23.7,0.21399548532731377
2022-04-15,2022,4,Latin America,Office Supplies,Art,Consumer,4,0.0,223.92,50.76,0.2266881028938907
2021-12-25,2021,12,North America,Office Supplies,Binders,Home Office,3,0.0,249.96,39.48,0.15794527124339894
2024-09-13,2024,9,Asia Pacific,Office Supplies,Art,Home Office,7,0.2,427.76,-0.22,-0.0005143070880867777
2022-07-14,2022,7,Europe,Furniture,Furnishings,Home Office,3,0.0,720.78,51.82,0.07189433669080718
2021-10-18,2021,10,North America,Furniture,Tables,Consumer,2,0.0,637.65,45.14,0.07079118638751666
2021-06-28,2021,6,North America,Technology,Laptops,Consumer,6,0.1,3583.41,459.29,0.12817121122059716
2021-10-21,2021,10,Europe,Furniture,Chairs,Consumer,1,0.1,429.65,-4.96,-0.011544280228092634
2024-01-12,2024,1,North America,Office Supplies,Binders,Consumer,2,0.1,227.83,15.12,0.06636527235219242
2022-09-01,2022,9,North America,Office Supplies,Storage,Corporate,1,0.2,59.62,-1.56,-0.026165716202616575
2024-02-17,2024,2,Asia Pacific,Technology,Laptops,Consumer,2,0.1,1032.75,189.99,0.18396514161220046
2022-09-23,2022,9,Asia Pacific,Office Supplies,Binders,Corporate,4,0.15,375.66,48.65,0.12950540382260553
2023-12-28,2023,12,Europe,Furniture,Chairs,Consumer,6,0.1,1970.98,-128.58,-0.06523658281666989
2024-10-10,2024,10,Europe,Office Supplies,Storage,Corporate,1,0.1,66.97,9.37,0.13991339405704045
2022-04-09,2022,4,Asia Pacific,Office Supplies,Storage,Consumer,2,0.2,97.39,13.18,0.1353321696272718
2024-07-19,2024,7,Europe,Technology,Copiers,Corporate,6,0.1,3385.49,741.95,0.21915586813134882
2021-01-22,2021,1,Europe,Technology,Copiers,Home Office,1,0.15,234.14,29.9,0.12770137524557956
2024-07-01,2024,7,Europe,Technology,Accessories,Home Office,1,0.3,547.12,42.74,0.07811814592776722
2023-04-03,2023,4,Europe,Office Supplies,Paper,Consumer,2,0.4,170.32,-34.89,-0.20484969469234385
2024-08-16,2024,8,Asia Pacific,Office Supplies,Art,Consumer,5,0.15,324.07,3.47,0.010707563180794273
2021-02-15,2021,2,Asia Pacific,Furniture,Chairs,Consumer,10,0.15,2471.7,29.9,0.01209693733058219
2022-11-03,2022,11,Asia Pacific,Furniture,Chairs,Corporate,3,0.1,2122.97,50.9,0.02397584516031786
2022-05-07,2022,5,Asia Pacific,Furniture,Bookcases,Corporate,6,0.2,1363.86,-37.21,-0.027282858944466443
2021-12-19,2021,12,Europe,Technology,Copiers,Consumer,6,0.5,3963.58,-830.09,-0.20942935427063414
2021-11-20,2021,11,Asia Pacific,Furniture,Bookcases,Corporate,6,0.2,2761.41,-126.97,-0.04598013333767894
2021-11-08,2021,11,North America,Office Supplies,Paper,Corporate,7,0.0,405.9,73.27,0.18051244148805123
2024-05-04,2024,5,Europe,Technology,Copiers,Consumer,5,0.0,2010.36,566.53,0.2818052488111582
2023-05-21,2023,5,North America,Furniture,Chairs,Home Office,8,0.15,2843.76,260.06,0.09144934874954286
2023-07-05,2023,7,Asia Pacific,Office Supplies,Storage,Corporate,1,0.0,142.1,35.04,0.2465869106263195
2022-03-16,2022,3,North America,Furniture,Bookcases,Consumer,5,0.1,2286.59,69.17,0.03025028535942167
2023-02-07,2023,2,North America,Furniture,Furnishings,Consumer,3,0.2,1161.6,-47.64,-0.04101239669421488
2023-06-05,2023,6,North America,Furniture,Chairs,Home Office,7,0.1,2883.3,-160.31,-0.055599486699268195
2022-06-22,2022,6,North America,Technology,Laptops,Home Office,3,0.1,3099.87,443.91,0.1432027794713972
2021-11-23,2021,11,Asia Pacific,Office Supplies,Binders,Home Office,2,0.0,248.3,30.04,0.12098268223922673
2024-10-18,2024,10,North America,Office Supplies,Binders,Consumer,3,0.2,161.86,9.3,0.05745706165822315
2021-04-27,2021,4,Latin America,Furniture,Tables,Consumer,6,0.1,983.12,7.36,0.007486369924322565
2022-07-20,2022,7,Asia Pacific,Furniture,Furnishings,Home Office,1,0.15,295.33,-9.04,-0.030609826296007853
2024-02-25,2024,2,North America,Office Supplies,Binders,Consumer,1,0.2,66.74,-2.16,-0.03236439916092299
2023-02-21,2023,2,Asia Pacific,Office Supplies,Art,Home Office,3,0.15,300.76,13.0,0.04322383295651017
2021-12-01,2021,12,Latin America,Office Supplies,Binders,Consumer,5,0.3,664.26,-46.99,-0.07074037274561167
2022-05-30,2022,5,Asia Pacific,Furniture,Chairs,Consumer,2,0.0,993.66,128.01,0.12882676166898133
2024-09-01,2024,9,Europe,Office Supplies,Storage,Consumer,1,0.0,56.4,6.43,0.11400709219858156
2023-07-14,2023,7,Middle East & Africa,Office Supplies,Art,Consumer,3,0.2,296.88,-0.3,-0.0010105092966855296
2024-06-16,2024,6,Asia Pacific,Technology,Laptops,Consumer,7,0.0,2284.49,817.68,0.3579267144964522
2024-04-25,2024,4,North America,Technology,Copiers,Corporate,3,0.2,847.2,93.61,0.11049338999055712
2023-08-25,2023,8,Asia Pacific,Technology,Copiers,Corporate,2,0.1,664.57,120.02,0.18059798064914154
2023-05-16,2023,5,North America,Office Supplies,Binders,Home Office,3,0.3,252.25,-2.72,-0.010782953419226958
2021-11-05,2021,11,Asia Pacific,Technology,Copiers,Consumer,4,0.1,4261.87,1088.32,0.2553620828415695
2023-11-07,2023,11,Europe,Technology,Accessories,Corporate,3,0.0,1839.72,288.93,0.15705107298936796
2022-08-26,2022,8,Latin America,Furniture,Tables,Consumer,3,0.2,1688.47,-140.14,-0.08299821732100658
2021-04-10,2021,4,Latin America,Office Supplies,Storage,Corporate,3,0.15,184.38,0.07,0.0003796507213363706
2021-09-10,2021,9,Asia Pacific,Office Supplies,Binders,Consumer,3,0.1,208.54,13.62,0.06531121127841182
2021-09-11,2021,9,North America,Furniture,Furnishings,Corporate,3,0.15,658.05,0.03,4.5589240939138365e-05
2022-01-24,2022,1,Europe,Technology,Copiers,Corporate,2,0.2,1014.79,77.85,0.0767153795366529
2021-04-15,2021,4,North America,Furniture,Bookcases,Corporate,5,0.15,840.25,-33.7,-0.040107110978875336
2022-09-09,2022,9,Europe,Furniture,Tables,Home Office,2,0.15,602.28,-8.46,-0.014046622833233715
2021-01-01,2021,1,Europe,Office Supplies,Binders,Consumer,6,0.3,190.79,-6.35,-0.03328266680643639
2022-05-08,2022,5,North America,Office Supplies,Storage,Home Office,3,0.15,106.05,8.53,0.08043375766148043
2024-07-19,2024,7,North America,Technology,Accessories,Home Office,2,0.1,1206.73,177.37,0.14698399807744897
2022-10-29,2022,10,Europe,Furniture,Tables,Consumer,2,0.15,565.25,4.82,0.008527200353825742
2023-01-14,2023,1,Europe,Office Supplies,Paper,Corporate,3,0.2,273.44,-30.88,-0.11293153891164423
2024-12-17,2024,12,Europe,Technology,Copiers,Consumer,3,0.1,3304.66,195.12,0.05904389558986401
2021-05-25,2021,5,North America,Furniture,Chairs,Home Office,2,0.1,690.95,26.53,0.03839641073883783
2024-08-03,2024,8,Middle East & Africa,Technology,Accessories,Consumer,3,0.0,1725.65,382.34,0.22156288934604348
2023-11-10,2023,11,Asia Pacific,Office Supplies,Binders,Corporate,1,0.15,151.77,-9.13,-0.06015681623509257
2023-08-13,2023,8,Europe,Furniture,Tables,Home Office,2,0.5,826.07,-233.49,-0.282651591269505
2022-12-08,2022,12,Europe,Office Supplies,Art,Corporate,1,0.0,69.2,22.79,0.32933526011560693
2021-01-08,2021,1,North America,Technology,Accessories,Corporate,2,0.4,705.91,-77.3,-0.10950404442492669
2021-10-18,2021,10,Asia Pacific,Office Supplies,Paper,Consumer,6,0.1,305.51,27.05,0.08854047330692941
2022-02-05,2022,2,North America,Furniture,Tables,Consumer,1,0.15,240.69,2.42,0.010054426856121982
2024-04-11,2024,4,North America,Technology,Phones,Corporate,2,0.2,867.3,98.5,0.11357085206964142
2021-02-09,2021,2,North America,Office Supplies,Paper,Consumer,2,0.0,74.04,13.12,0.17720151269584006
2022-07-12,2022,7,Europe,Technology,Laptops,Consumer,4,0.5,2225.97,-266.6,-0.11976801124902853
2021-04-08,2021,4,Asia Pacific,Technology,Copiers,Home Office,3,0.2,1038.85,151.53,0.14586321413101028
2023-11-02,2023,11,Latin America,Office Supplies,Paper,Consumer,5,0.0,424.37,105.26,0.24803826849211774
2023-07-13,2023,7,North America,Furniture,Chairs,Home Office,2,0.0,587.31,69.68,0.11864262484888732
2021-06-19,2021,6,Europe,Furniture,Tables,Corporate,6,0.2,1639.74,59.85,0.036499688975081414
2023-01-20,2023,1,Asia Pacific,Technology,Laptops,Home Office,7,0.0,2717.59,893.72,0.3288649133975324
2022-11-02,2022,11,North America,Furniture,Bookcases,Corporate,4,0.1,2149.42,34.56,0.016078756129560532
2022-03-27,2022,3,North America,Office Supplies,Art,Consumer,3,0.1,239.32,41.31,0.17261407320742103
2022-03-08,2022,3,North America,Furniture,Bookcases,Home Office,2,0.15,801.16,-45.0,-0.05616855559438814
2023-02-27,2023,2,North America,Furniture,Tables,Corporate,5,0.2,768.03,-51.4,-0.06692446909625926
2021-02-08,2021,2,Latin America,Technology,Laptops,Home Office,7,0.0,4425.12,1039.39,0.23488402574393466
2024-01-22,2024,1,North America,Technology,Copiers,Corporate,3,0.3,3203.39,-59.05,-0.018433596908275295
2021-08-18,2021,8,Europe,Office Supplies,Paper,Corporate,3,0.5,139.38,-37.27,-0.26739847897833263
2023-10-05,2023,10,Asia Pacific,Furniture,Bookcases,Consumer,2,0.5,735.98,-259.41,-0.3524688170874209
2021-09-28,2021,9,Europe,Office Supplies,Binders,Consumer,5,0.0,196.11,38.61,0.1968793024323084
2024-03-10,2024,3,Asia Pacific,Technology,Phones,Corporate,1,0.1,375.34,64.41,0.17160441199978685
2022-11-24,2022,11,Asia Pacific,Furniture,Tables,Consumer,4,0.3,1442.27,-274.11,-0.19005456675934465
2023-09-26,2023,9,Latin America,Office Supplies,Storage,Consumer,1,0.4,61.91,-13.48,-0.21773542238733648
2024-10-20,2024,10,Europe,Technology,Accessories,Consumer,1,0.1,324.25,54.47,0.1679876638396299
2024-05-09,2024,5,Asia Pacific,Office Supplies,Paper,Corporate,2,0.4,177.56,-23.18,-0.130547420590223
2024-06-17,2024,6,North America,Office Supplies,Paper,Consumer,4,0.0,269.83,33.35,0.12359633843531113
2022-12-25,2022,12,Asia Pacific,Technology,Laptops,Consumer,4,0.0,2142.05,530.39,0.24760859923904668
2023-08-07,2023,8,Europe,Office Supplies,Storage,Home Office,1,0.2,42.72,0.99,0.023174157303370788
2021-10-19,2021,10,Asia Pacific,Office Supplies,Binders,Corporate,4,0.2,249.85,-4.79,-0.019171502901741046
2021-05-10,2021,5,Asia Pacific,Furniture,Tables,Consumer,1,0.3,208.9,-32.57,-0.1559119195787458
2023-06-13,2023,6,Europe,Furniture,Bookcases,Consumer,4,0.3,1193.47,-205.78,-0.17242159417496877
2023-09-26,2023,9,Latin America,Office Supplies,Art,Corporate,5,0.5,447.26,-128.84,-0.2880651075437106
2022-01-22,2022,1,Europe,Office Supplies,Binders,Consumer,4,0.0,224.67,39.7,0.17670360973872792
2021-10-10,2021,10,Asia Pacific,Office Supplies,Art,Corporate,3,0.5,145.07,-39.65,-0.2733163300475632
2024-08-13,2024,8,Latin America,Office Supplies,Art,Consumer,4,0.3,240.59,-22.73,-0.09447607963755768
2023-10-17,2023,10,Asia Pacific,Technology,Phones,Corporate,2,0.2,937.51,160.02,0.1706861793474203
2023-10-14,2023,10,Asia Pacific,Office Supplies,Binders,Corporate,3,0.2,128.58,-5.63,-0.04378596982423393
2021-08-13,2021,8,North America,Office Supplies,Storage,Corporate,4,0.0,216.21,50.66,0.2343092363905462
2023-11-15,2023,11,North America,Furniture,Tables,Corporate,3,0.15,2385.32,-279.89,-0.11733855415625576
2024-01-16,2024,1,Asia Pacific,Furniture,Chairs,Consumer,1,0.2,322.11,-5.89,-0.018285678805377042
2022-12-13,2022,12,Europe,Technology,Phones,Consumer,6,0.15,4846.45,903.56,0.18643749548638694
2021-01-24,2021,1,Asia Pacific,Office Supplies,Storage,Corporate,2,0.4,99.02,-18.95,-0.1913754797010705
2021-08-09,2021,8,Asia Pacific,Technology,Accessories,Home Office,4,0.1,1573.61,257.31,0.1635157376986674
2024-03-05,2024,3,Latin America,Office Supplies,Art,Consumer,5,0.0,348.03,65.15,0.1871965060483292
2023-06-12,2023,6,Europe,Furniture,Tables,Consumer,2,0.2,493.34,-30.54,-0.06190456885717761
2023-07-15,2023,7,Asia Pacific,Furniture,Bookcases,Corporate,5,0.1,2948.84,-2.31,-0.0007833588801020062
2021-11-16,2021,11,Europe,Office Supplies,Binders,Consumer,2,0.1,188.61,6.15,0.03260696675679974
2024-06-10,2024,6,Asia Pacific,Furniture,Tables,Corporate,5,0.2,1501.98,-108.2,-0.07203824285276768
2022-03-03,2022,3,Asia Pacific,Furniture,Tables,Corporate,2,0.3,1080.85,-162.15,-0.150020816949623
2024-11-19,2024,11,North America,Office Supplies,Storage,Home Office,2,0.4,197.07,-23.07,-0.11706500228345258
2021-11-26,2021,11,Asia Pacific,Furniture,Tables,Consumer,5,0.1,804.85,-19.44,-0.024153568988010188
2022-07-18,2022,7,North America,Technology,Phones,Consumer,5,0.0,1684.32,422.17,0.2506471454355467
2022-01-12,2022,1,Europe,Office Supplies,Binders,Corporate,1,0.0,45.28,4.36,0.09628975265017668
2021-01-27,2021,1,North America,Furniture,Bookcases,Consumer,1,0.1,366.19,-10.72,-0.02927442038286136
2022-01-30,2022,1,North America,Office Supplies,Paper,Consumer,3,0.1,92.28,5.84,0.06328565236237538
2022-06-28,2022,6,North America,Furniture,Tables,Consumer,3,0.5,953.83,-283.1,-0.29680341360619816
2021-04-28,2021,4,Europe,Office Supplies,Art,Home Office,6,0.0,449.82,92.21,0.2049931083544529
2022-11-19,2022,11,North America,Technology,Accessories,Consumer,2,0.1,1382.77,343.14,0.24815406756004252
2022-01-17,2022,1,North America,Technology,Laptops,Consumer,3,0.3,932.4,78.14,0.0838052338052338
2024-04-16,2024,4,Asia Pacific,Technology,Accessories,Home Office,3,0.2,1162.98,57.77,0.049674113054394745
2022-03-20,2022,3,Europe,Office Supplies,Art,Consumer,6,0.1,286.83,19.24,0.06707806017501655
2021-08-23,2021,8,Asia Pacific,Office Supplies,Paper,Consumer,5,0.15,261.24,1.64,0.006277752258459653
2021-03-22,2021,3,Europe,Furniture,Chairs,Consumer,1,0.15,243.7,-25.39,-0.104185473943373
2021-02-22,2021,2,North America,Furniture,Bookcases,Consumer,8,0.4,1357.52,-344.94,-0.25409570393069714
2022-06-20,2022,6,Europe,Technology,Copiers,Consumer,3,0.1,2876.04,790.89,0.2749926982934869
2023-08-05,2023,8,North America,Technology,Copiers,Home Office,2,0.0,1529.36,588.68,0.38491918188000207
2021-10-13,2021,10,Latin America,Technology,Copiers,Consumer,5,0.1,1547.08,423.04,0.27344416578328207
2022-09-21,2022,9,Europe,Office Supplies,Storage,Consumer,6,0.1,211.49,9.53,0.04506123220956073
2024-09-19,2024,9,Europe,Office Supplies,Art,Consumer,2,0.0,91.37,23.79,0.26036992448287183
2024-11-18,2024,11,Asia Pacific,Furniture,Bookcases,Corporate,1,0.0,794.38,54.71,0.06887132103023742
2022-01-12,2022,1,Europe,Furniture,Tables,Consumer,1,0.0,368.54,46.96,0.12742171813100342
2023-04-09,2023,4,North America,Technology,Copiers,Corporate,5,0.2,1405.66,124.18,0.08834284250814564
2021-03-24,2021,3,Latin America,Office Supplies,Storage,Consumer,1,0.2,52.39,0.46,0.008780301584271807
2021-02-18,2021,2,North America,Office Supplies,Art,Consumer,6,0.1,198.53,35.8,0.18032539162846922
2021-08-29,2021,8,Asia Pacific,Office Supplies,Binders,Consumer,3,0.15,131.1,-2.46,-0.018764302059496567
2021-10-09,2021,10,Latin America,Furniture,Chairs,Consumer,2,0.5,1050.75,-327.92,-0.31208184630026176
2024-09-04,2024,9,Europe,Technology,Laptops,Consumer,3,0.3,1436.87,-24.88,-0.01731541475568423
2023-09-04,2023,9,Latin America,Technology,Laptops,Home Office,2,0.0,882.01,166.18,0.18841056223852337
2023-02-18,2023,2,North America,Technology,Phones,Consumer,3,0.1,910.06,176.09,0.19349273674263237
2023-07-15,2023,7,Europe,Office Supplies,Art,Corporate,3,0.1,213.7,29.4,0.1375760411792232
2024-01-04,2024,1,North America,Furniture,Bookcases,Consumer,3,0.2,739.07,-48.81,-0.06604245876574615
2022-07-22,2022,7,Europe,Office Supplies,Binders,Consumer,1,0.2,69.3,0.55,0.007936507936507938
2021-06-09,2021,6,North America,Furniture,Chairs,Home Office,3,0.15,765.9,-35.37,-0.04618096357226792
2024-02-13,2024,2,North America,Office Supplies,Paper,Consumer,3,0.2,201.71,14.71,0.07292647860790244
2024-05-17,2024,5,Asia Pacific,Furniture,Bookcases,Corporate,2,0.0,1402.98,144.46,0.10296654264494148
2022-03-09,2022,3,North America,Office Supplies,Art,Corporate,3,0.4,118.48,-26.19,-0.2210499662390277
2021-07-02,2021,7,Latin America,Technology,Phones,Home Office,2,0.1,1012.77,167.26,0.1651510214560068
2023-11-28,2023,11,Latin America,Technology,Phones,Corporate,6,0.3,4063.36,13.53,0.003329756654591274
2021-02-19,2021,2,Latin America,Technology,Accessories,Consumer,3,0.0,1113.23,253.69,0.22788642059592357
2023-08-15,2023,8,Asia Pacific,Office Supplies,Art,Consumer,2,0.4,106.32,-25.38,-0.23871331828442438
2023-12-04,2023,12,Europe,Furniture,Chairs,Consumer,3,0.0,1690.84,205.41,0.12148399612027158
2022-10-16,2022,10,North America,Furniture,Chairs,Home Office,3,0.1,506.26,-23.12,-0.04566823371390195
2022-10-31,2022,10,Europe,Office Supplies,Art,Home Office,2,0.0,62.55,10.45,0.16706634692246203
2023-03-23,2023,3,North America,Office Supplies,Binders,Consumer,2,0.1,211.83,8.86,0.041825992541188683
2022-10-07,2022,10,North America,Technology,Copiers,Home Office,3,0.1,1864.19,299.44,0.1606274038590487
2022-12-26,2022,12,Asia Pacific,Technology,Laptops,Corporate,6,0.0,4757.97,1269.03,0.2667166879992938
2021-01-09,2021,1,North America,Office Supplies,Binders,Consumer,5,0.15,225.21,11.52,0.051152257892633536
2023-02-07,2023,2,North America,Technology,Accessories,Consumer,4,0.4,2925.55,-23.32,-0.007971150723795525
2024-01-24,2024,1,North America,Office Supplies,Paper,Corporate,1,0.3,107.9,-20.97,-0.19434661723818347
2024-07-01,2024,7,Europe,Technology,Laptops,Corporate,2,0.2,1187.63,67.82,0.057105327416788046
2024-06-10,2024,6,North America,Technology,Accessories,Consumer,7,0.3,4895.46,151.84,0.031016492832134264
2022-09-29,2022,9,North America,Technology,Laptops,Corporate,6,0.15,4070.1,408.73,0.1004225940394585
2023-12-18,2023,12,North America,Technology,Laptops,Corporate,2,0.3,1365.23,-96.53,-0.07070603488056958
2024-01-06,2024,1,Asia Pacific,Office Supplies,Storage,Consumer,3,0.15,216.76,24.25,0.11187488466506736
2024-07-07,2024,7,Europe,Technology,Copiers,Consumer,8,0.3,4583.12,506.3,0.11047059644958021
2022-03-10,2022,3,Europe,Technology,Accessories,Home Office,8,0.1,4843.06,793.66,0.16387573145903622
2021-01-01,2021,1,North America,Technology,Copiers,Corporate,2,0.3,830.91,5.91,0.007112683684153519
2021-03-25,2021,3,North America,Furniture,Chairs,Home Office,2,0.0,349.98,39.58,0.11309217669581118
2021-08-22,2021,8,Europe,Furniture,Furnishings,Consumer,1,0.0,282.74,48.13,0.17022706373346538
2021-10-19,2021,10,Middle East & Africa,Technology,Copiers,Corporate,2,0.0,793.25,173.93,0.21926252757642611
2024-04-03,2024,4,North America,Technology,Copiers,Consumer,2,0.15,1029.86,105.97,0.10289748121103841
2023-06-28,2023,6,Asia Pacific,Office Supplies,Binders,Corporate,6,0.0,373.25,86.92,0.23287340924313463
2021-11-08,2021,11,Latin America,Office Supplies,Paper,Consumer,3,0.3,352.84,-22.62,-0.06410837773495069
2022-05-13,2022,5,North America,Office Supplies,Paper,Home Office,5,0.15,269.11,20.55,0.07636282561034521
2021-01-17,2021,1,Europe,Office Supplies,Art,Consumer,2,0.3,84.65,-7.18,-0.0848198464264619
2024-06-14,2024,6,Europe,Office Supplies,Binders,Corporate,1,0.0,81.55,12.49,0.15315757204169222
2022-02-21,2022,2,Latin America,Technology,Accessories,Consumer,1,0.2,551.78,23.53,0.04264380731450941
2023-05-04,2023,5,Asia Pacific,Technology,Laptops,Corporate,2,0.0,772.18,289.44,0.3748348830583543
2023-05-10,2023,5,North America,Technology,Laptops,Home Office,6,0.0,5072.47,1155.16,0.22773126307301966
2022-03-28,2022,3,North America,Furniture,Chairs,Corporate,3,0.3,706.76,-124.6,-0.1762974701454525
2021-03-11,2021,3,Asia Pacific,Technology,Accessories,Corporate,3,0.15,930.67,166.55,0.178957095425876
2022-05-08,2022,5,Asia Pacific,Furniture,Furnishings,Consumer,4,0.5,1855.73,-557.32,-0.30032386176868403
2024-10-10,2024,10,North America,Office Supplies,Storage,Home Office,6,0.1,218.55,9.96,0.04557309540150995
2024-10-06,2024,10,North America,Office Supplies,Storage,Consumer,5,0.15,316.01,16.08,0.05088446568146577
2022-08-08,2022,8,North America,Office Supplies,Binders,Corporate,5,0.15,423.06,-10.18,-0.024062780693045904
2022-08-17,2022,8,Europe,Office Supplies,Art,Consumer,5,0.1,287.69,43.84,0.15238624908755954
2024-12-14,2024,12,Asia Pacific,Technology,Accessories,Home Office,2,0.15,5360.29,221.23,0.04127202073022168
2024-09-07,2024,9,Latin America,Technology,Accessories,Consumer,1,0.0,660.24,205.02,0.3105234460196292
2022-01-19,2022,1,North America,Furniture,Tables,Home Office,6,0.1,1822.4,36.25,0.019891352063213345
2023-01-20,2023,1,Middle East & Africa,Office Supplies,Binders,Corporate,3,0.15,143.11,16.81,0.11746209209698831
2022-09-15,2022,9,Asia Pacific,Office Supplies,Paper,Corporate,5,0.0,501.1,83.07,0.16577529435242463
2022-07-13,2022,7,Europe,Technology,Copiers,Consumer,3,0.0,704.84,197.47,0.2801628738437092
2024-01-11,2024,1,North America,Technology,Phones,Consumer,4,0.3,2675.13,81.69,0.03053683372396855
2023-11-03,2023,11,Latin America,Office Supplies,Paper,Consumer,5,0.1,501.95,17.74,0.03534216555433808
2023-11-20,2023,11,North America,Office Supplies,Art,Consumer,2,0.3,261.76,-27.08,-0.10345354523227383
2021-10-16,2021,10,Asia Pacific,Office Supplies,Binders,Corporate,3,0.0,97.19,20.46,0.21051548513221527
2022-11-19,2022,11,Asia Pacific,Technology,Accessories,Consumer,4,0.1,2300.52,363.83,0.15815120059812562
2021-10-12,2021,10,Latin America,Technology,Accessories,Corporate,1,0.1,289.96,40.12,0.13836391226376052
2023-02-21,2023,2,North America,Technology,Accessories,Home Office,1,0.1,691.33,101.54,0.14687631087903028
2021-03-13,2021,3,Latin America,Technology,Accessories,Consumer,3,0.15,2395.19,311.92,0.1302276646111582
2024-08-04,2024,8,Europe,Office Supplies,Art,Consumer,3,0.1,146.27,13.6,0.09297873795036575
2022-11-01,2022,11,North America,Office Supplies,Binders,Corporate,1,0.2,103.54,2.56,0.024724744060266562
2023-01-16,2023,1,Europe,Office Supplies,Paper,Consumer,2,0.4,106.57,-24.7,-0.23177254386788027
2021-08-01,2021,8,Asia Pacific,Office Supplies,Binders,Corporate,3,0.2,171.3,7.92,0.04623467600700525
2024-06-17,2024,6,Asia Pacific,Office Supplies,Art,Consumer,4,0.3,575.38,-40.95,-0.07117035698147312
2021-07-01,2021,7,North America,Office Supplies,Binders,Consumer,1,0.0,55.3,8.64,0.15623869801084994
2023-08-21,2023,8,Latin America,Office Supplies,Storage,Corporate,2,0.1,212.63,30.35,0.14273620843719137
2021-03-16,2021,3,Europe,Office Supplies,Storage,Consumer,4,0.0,293.51,43.01,0.14653674491499438
2022-12-08,2022,12,Europe,Office Supplies,Art,Consumer,3,0.0,628.88,192.24,0.3056862994529958
2022-05-15,2022,5,Europe,Office Supplies,Binders,Consumer,4,0.0,227.83,39.05,0.17139972786726942
2022-08-31,2022,8,North America,Office Supplies,Storage,Corporate,6,0.1,442.05,26.3,0.05949553217961769
2021-11-01,2021,11,Europe,Office Supplies,Binders,Corporate,5,0.1,478.24,25.31,0.05292321846771495
2022-03-23,2022,3,Asia Pacific,Technology,Copiers,Corporate,3,0.15,2469.84,292.96,0.11861497101026786
2024-04-22,2024,4,Asia Pacific,Technology,Accessories,Consumer,5,0.15,3736.16,999.99,0.26765181362682544
2024-07-05,2024,7,Middle East & Africa,Technology,Accessories,Consumer,5,0.3,1975.09,-87.72,-0.04441316598230967
2023-07-23,2023,7,Europe,Furniture,Chairs,Corporate,1,0.0,427.93,49.92,0.11665459304091791
2024-09-27,2024,9,Europe,Technology,Accessories,Consumer,5,0.0,4251.83,908.71,0.2137220914288671
2024-11-20,2024,11,Asia Pacific,Technology,Laptops,Home Office,4,0.15,4078.95,524.83,0.12866791698844066
2022-12-26,2022,12,Latin America,Office Supplies,Art,Consumer,1,0.0,124.52,5.72,0.045936395759717315
2021-09-28,2021,9,Asia Pacific,Technology,Phones,Corporate,2,0.4,313.37,-11.35,-0.03621916584229505
2022-12-21,2022,12,Asia Pacific,Office Supplies,Paper,Consumer,1,0.1,127.43,17.18,0.13481911637761906
2024-12-18,2024,12,North America,Technology,Accessories,Consumer,5,0.1,3239.44,753.74,0.23267601807719854
2024-05-16,2024,5,Asia Pacific,Office Supplies,Storage,Home Office,3,0.2,172.82,-10.73,-0.06208772132854994
2022-02-14,2022,2,North America,Furniture,Tables,Consumer,4,0.1,938.52,75.99,0.080967906917274
2023-08-22,2023,8,Europe,Office Supplies,Storage,Consumer,1,0.0,96.02,28.34,0.2951468444074151
2021-10-29,2021,10,North America,Technology,Laptops,Corporate,1,0.15,665.71,95.36,0.14324555737483288
2022-02-01,2022,2,Latin America,Office Supplies,Binders,Corporate,1,0.3,44.6,-1.53,-0.03430493273542601
2023-04-13,2023,4,North America,Technology,Copiers,Corporate,2,0.15,1364.96,211.39,0.15486900715039267
2024-10-25,2024,10,Asia Pacific,Office Supplies,Binders,Corporate,2,0.5,168.23,-48.06,-0.28568031861142484
2022-11-17,2022,11,Asia Pacific,Technology,Laptops,Corporate,3,0.0,3215.13,1082.25,0.3366115833574381
2024-09-26,2024,9,Asia Pacific,Office Supplies,Storage,Corporate,1,0.1,107.89,-0.17,-0.001575678932245806
2023-10-01,2023,10,Asia Pacific,Technology,Copiers,Consumer,4,0.0,1959.89,658.19,0.33583007209588295
2022-08-04,2022,8,Europe,Furniture,Furnishings,Consumer,5,0.0,898.32,126.68,0.14101879063140083
2022-01-05,2022,1,Europe,Office Supplies,Binders,Home Office,5,0.3,348.03,-72.33,-0.20782691147314888
2021-03-05,2021,3,Middle East & Africa,Technology,Accessories,Corporate,4,0.0,2051.02,508.01,0.24768651695254068
2022-07-01,2022,7,Asia Pacific,Office Supplies,Binders,Consumer,4,0.0,335.19,62.08,0.1852083892717563
2022-06-11,2022,6,Europe,Technology,Phones,Corporate,3,0.1,1210.57,187.25,0.15467920070710492
2021-08-26,2021,8,North America,Technology,Laptops,Home Office,2,0.0,891.81,315.85,0.3541673674885907
2022-05-18,2022,5,North America,Technology,Accessories,Consumer,4,0.15,2050.26,176.29,0.08598421663593885
2024-12-06,2024,12,Asia Pacific,Office Supplies,Paper,Home Office,2,0.3,122.49,-10.37,-0.08465997224263205
2024-06-04,2024,6,Asia Pacific,Office Supplies,Art,Corporate,5,0.5,392.08,-95.39,-0.2432921852683126
2024-09-28,2024,9,Europe,Technology,Phones,Corporate,1,0.15,514.61,71.79,0.13950370183245567
2024-02-27,2024,2,North America,Furniture,Furnishings,Consumer,4,0.2,1104.23,-51.41,-0.04655732954185269
2021-10-11,2021,10,Europe,Office Supplies,Art,Home Office,1,0.15,27.09,1.25,0.04614248800295312
2024-04-16,2024,4,North America,Office Supplies,Paper,Corporate,2,0.2,130.91,-5.86,-0.04476357803070812
2022-02-14,2022,2,North America,Technology,Copiers,Home Office,1,0.1,412.01,78.16,0.1897041333948205
2023-11-06,2023,11,North America,Office Supplies,Binders,Consumer,7,0.15,1275.49,12.59,0.009870716352147018
2022-12-15,2022,12,North America,Furniture,Chairs,Home Office,4,0.2,2129.92,-272.92,-0.12813626802884615
2024-11-21,2024,11,Asia Pacific,Furniture,Chairs,Consumer,5,0.15,2292.3,91.55,0.039938053483400945
2021-06-02,2021,6,Europe,Technology,Phones,Corporate,1,0.1,470.26,64.59,0.13734955131204016
2024-05-11,2024,5,Europe,Office Supplies,Binders,Consumer,1,0.0,81.34,10.47,0.1287189574625031
2023-07-25,2023,7,Asia Pacific,Office Supplies,Binders,Consumer,4,0.0,179.73,29.96,0.16669448617370503
2022-04-25,2022,4,Europe,Office Supplies,Art,Corporate,3,0.0,383.21,46.64,0.12170872367631326
2021-08-07,2021,8,Asia Pacific,Furniture,Tables,Home Office,2,0.15,529.03,-60.19,-0.11377426610967242
2024-05-01,2024,5,Latin America,Furniture,Furnishings,Corporate,3,0.0,712.9,140.38,0.19691401318558002
2022-07-22,2022,7,Asia Pacific,Office Supplies,Storage,Consumer,6,0.15,346.92,47.72,0.13755332641531187
2023-03-07,2023,3,Asia Pacific,Technology,Laptops,Home Office,4,0.0,3065.13,811.82,0.2648566292457416
2023-08-07,2023,8,North America,Office Supplies,Paper,Consumer,6,0.5,712.42,-209.47,-0.2940259959012942
2022-12-15,2022,12,Europe,Office Supplies,Paper,Consumer,4,0.1,560.96,62.1,0.11070308043354249
2021-04-07,2021,4,Asia Pacific,Technology,Phones,Consumer,1,0.2,592.06,98.43,0.16625004222545015
2024-11-07,2024,11,Europe,Technology,Copiers,Consumer,3,0.15,2596.14,493.52,0.19009760644649365
2021-02-23,2021,2,North America,Office Supplies,Art,Consumer,2,0.5,145.3,-36.86,-0.25368203716448723
2024-12-02,2024,12,Asia Pacific,Office Supplies,Storage,Corporate,5,0.15,566.86,24.69,0.04355572804572558
2023-02-24,2023,2,Europe,Office Supplies,Storage,Home Office,3,0.3,84.3,-10.21,-0.12111506524317914
2021-11-22,2021,11,Asia Pacific,Technology,Copiers,Home Office,1,0.2,706.71,102.57,0.14513732648469668
2023-06-24,2023,6,North America,Office Supplies,Storage,Consumer,3,0.15,240.52,10.4,0.0432396474305671
2023-02-26,2023,2,Latin America,Technology,Phones,Consumer,6,0.0,1803.19,570.67,0.3164780195098686
2023-06-09,2023,6,North America,Furniture,Tables,Consumer,5,0.2,1653.92,-157.26,-0.09508319628518912
2023-11-26,2023,11,Europe,Office Supplies,Binders,Consumer,4,0.0,308.48,84.1,0.27262707468879666
2021-01-02,2021,1,Europe,Technology,Phones,Corporate,4,0.0,1509.74,462.65,0.3064434935816763
2023-10-06,2023,10,Asia Pacific,Technology,Copiers,Corporate,5,0.15,2137.53,281.46,0.13167534490743987
2024-03-10,2024,3,Asia Pacific,Technology,Phones,Corporate,3,0.15,1117.22,234.07,0.2095111079286085
2023-12-28,2023,12,Asia Pacific,Furniture,Furnishings,Home Office,3,0.15,1888.96,-25.51,-0.01350478570218533
2023-12-17,2023,12,Middle East & Africa,Office Supplies,Paper,Consumer,1,0.0,65.18,18.78,0.2881251917766186
2023-06-06,2023,6,Latin America,Furniture,Bookcases,Home Office,1,0.3,214.56,-39.59,-0.1845171513795675
2022-06-27,2022,6,Asia Pacific,Office Supplies,Paper,Consumer,1,0.2,90.35,-0.7,-0.00774764803541782
2024-04-05,2024,4,Asia Pacific,Furniture,Tables,Home Office,5,0.1,1446.62,85.2,0.05889590908462486
2021-09-17,2021,9,North America,Office Supplies,Binders,Consumer,4,0.1,186.11,14.61,0.07850196120573853
2022-05-20,2022,5,Europe,Office Supplies,Art,Consumer,3,0.1,278.65,-5.5,-0.019738022609007717
2022-06-04,2022,6,Europe,Office Supplies,Paper,Consumer,4,0.0,334.71,44.74,0.13366795136087958
2021-05-31,2021,5,North America,Technology,Phones,Consumer,1,0.0,428.25,104.5,0.24401634559252772
2022-10-02,2022,10,Asia Pacific,Technology,Laptops,Consumer,2,0.0,506.47,160.66,0.3172152348608999
2024-07-05,2024,7,North America,Office Supplies,Binders,Consumer,1,0.0,45.66,7.96,0.17433201927288655
2024-09-25,2024,9,Latin America,Office Supplies,Paper,Corporate,6,0.1,309.73,19.21,0.062021760888515805
2024-09-01,2024,9,Middle East & Africa,Office Supplies,Art,Consumer,1,0.15,164.44,6.02,0.036609097543176844
2023-10-26,2023,10,Europe,Furniture,Furnishings,Corporate,5,0.2,2088.74,-190.89,-0.09139002460813697
2021-03-06,2021,3,North America,Technology,Phones,Consumer,2,0.2,1817.76,67.71,0.037249141800897806
2021-08-13,2021,8,Asia Pacific,Office Supplies,Storage,Consumer,6,0.3,599.59,-27.84,-0.04643172834770426
2022-01-05,2022,1,Asia Pacific,Office Supplies,Art,Corporate,3,0.0,180.39,45.75,0.25361716281390323
2024-11-03,2024,11,Europe,Office Supplies,Paper,Corporate,2,0.4,295.2,-58.99,-0.19983062330623308
2022-04-03,2022,4,Asia Pacific,Office Supplies,Paper,Consumer,2,0.1,169.38,9.57,0.05650017711654269
2024-06-02,2024,6,Europe,Office Supplies,Storage,Consumer,3,0.4,326.53,-42.7,-0.130768995191866
2021-07-23,2021,7,North America,Technology,Phones,Home Office,6,0.1,1362.5,255.66,0.18764036697247707
2022-05-05,2022,5,Asia Pacific,Furniture,Chairs,Consumer,5,0.1,1375.42,-5.74,-0.004173270710037661
2022-11-15,2022,11,Latin America,Office Supplies,Paper,Consumer,2,0.1,243.22,26.54,0.10911931584573636
2022-09-06,2022,9,Europe,Office Supplies,Binders,Consumer,5,0.4,168.4,-27.29,-0.1620546318289786
2024-04-17,2024,4,Europe,Office Supplies,Paper,Consumer,3,0.15,119.25,0.48,0.004025157232704402
2024-04-04,2024,4,North America,Office Supplies,Binders,Corporate,4,0.0,315.42,37.27,0.11815991376577263
2022-03-27,2022,3,Asia Pacific,Technology,Phones,Consumer,4,0.2,2714.07,385.62,0.14208181808133172
2023-01-26,2023,1,Asia Pacific,Technology,Accessories,Consumer,2,0.15,1085.11,92.66,0.08539226437872659
2024-08-01,2024,8,Asia Pacific,Technology,Laptops,Consumer,1,0.1,321.4,91.86,0.2858120721841942
2023-04-29,2023,4,Asia Pacific,Furniture,Furnishings,Consumer,4,0.0,1309.17,212.13,0.1620339604482229
2023-12-20,2023,12,North America,Office Supplies,Binders,Consumer,3,0.0,228.34,57.21,0.250547429272138
2022-03-06,2022,3,North America,Office Supplies,Paper,Corporate,3,0.3,170.49,-4.45,-0.026101237609243943
2022-03-15,2022,3,Europe,Technology,Phones,Consumer,5,0.4,2397.53,-112.88,-0.047081788340500426
2022-09-29,2022,9,Europe,Furniture,Furnishings,Consumer,5,0.1,1154.17,-89.76,-0.07777017250491695
2023-02-04,2023,2,Europe,Technology,Accessories,Corporate,3,0.0,1045.35,309.93,0.2964844310518009
2021-06-04,2021,6,Europe,Office Supplies,Binders,Consumer,6,0.15,567.9,8.23,0.014491988026060927
2021-02-06,2021,2,Latin America,Office Supplies,Binders,Consumer,2,0.0,52.08,6.7,0.12864823348694318
2021-10-23,2021,10,Latin America,Office Supplies,Binders,Home Office,1,0.0,47.73,12.44,0.2606327257490048
2024-12-27,2024,12,Latin America,Technology,Copiers,Consumer,3,0.0,2373.5,496.7,0.20926901200758374
2023-05-15,2023,5,Europe,Technology,Laptops,Consumer,5,0.3,2640.78,239.3,0.09061716614030703
2024-04-23,2024,4,North America,Technology,Laptops,Consumer,5,0.15,1868.68,357.5,0.19131151400988933
2021-08-03,2021,8,North America,Office Supplies,Binders,Home Office,4,0.2,149.52,-0.56,-0.003745318352059925
2023-05-17,2023,5,Asia Pacific,Technology,Phones,Corporate,1,0.0,592.76,163.93,0.2765537485660301
2022-11-03,2022,11,North America,Technology,Accessories,Consumer,4,0.2,1367.55,80.39,0.05878395671090637
2024-06-09,2024,6,North America,Technology,Accessories,Consumer,3,0.4,2092.91,-170.53,-0.08147985340984563
2024-07-27,2024,7,North America,Office Supplies,Art,Consumer,1,0.0,114.66,35.58,0.31030873888016747
2024-08-31,2024,8,Middle East & Africa,Furniture,Tables,Consumer,2,0.1,772.28,97.57,0.12634018749676282
2022-09-20,2022,9,Europe,Office Supplies,Storage,Consumer,5,0.0,339.23,33.46,0.09863514429737935
2024-10-08,2024,10,North America,Office Supplies,Storage,Consumer,3,0.3,290.73,-16.37,-0.05630653871289513
2024-07-04,2024,7,North America,Office Supplies,Binders,Consumer,4,0.0,438.03,64.02,0.1461543729881515
2022-07-28,2022,7,Latin America,Furniture,Furnishings,Corporate,3,0.3,1118.95,-189.09,-0.1689887841279771
2021-08-16,2021,8,Asia Pacific,Furniture,Chairs,Consumer,3,0.0,959.19,105.93,0.11043693116066682
2024-12-03,2024,12,Middle East & Africa,Technology,Accessories,Corporate,3,0.0,1444.95,390.89,0.2705214713311879
2023-01-27,2023,1,North America,Technology,Accessories,Consumer,2,0.0,1688.47,481.13,0.2849502804313965
2024-07-06,2024,7,North America,Office Supplies,Binders,Home Office,3,0.0,362.8,51.51,0.1419790518191841
2022-02-20,2022,2,North America,Furniture,Furnishings,Corporate,3,0.4,619.4,-158.95,-0.2566193090087181
2022-09-07,2022,9,North America,Office Supplies,Storage,Consumer,3,0.2,334.82,-13.69,-0.040887641120602114
2023-04-18,2023,4,Asia Pacific,Furniture,Furnishings,Home Office,1,0.0,176.85,2.71,0.015323720667232118
2024-09-13,2024,9,Asia Pacific,Technology,Phones,Corporate,2,0.1,747.87,148.35,0.19836335191945123
2023-01-09,2023,1,Middle East & Africa,Office Supplies,Paper,Consumer,4,0.0,307.27,42.99,0.13990952582419372
2023-10-16,2023,10,Asia Pacific,Office Supplies,Binders,Consumer,3,0.0,238.13,79.68,0.334607147356486
2024-01-15,2024,1,North America,Technology,Laptops,Consumer,8,0.2,4566.95,388.67,0.08510493874467644
2023-11-03,2023,11,Europe,Office Supplies,Binders,Consumer,1,0.1,57.4,6.04,0.10522648083623694
2022-11-22,2022,11,Middle East & Africa,Technology,Laptops,Home Office,5,0.15,4928.51,608.54,0.12347342300208378
2023-05-18,2023,5,Latin America,Technology,Copiers,Corporate,3,0.1,1554.52,75.12,0.048323598281141446
2021-02-13,2021,2,North America,Office Supplies,Art,Corporate,3,0.4,127.15,-32.8,-0.25796303578450647
2023-08-27,2023,8,Europe,Technology,Copiers,Corporate,3,0.0,2723.84,754.14,0.27686648261278196
2021-10-21,2021,10,Europe,Technology,Accessories,Consumer,5,0.0,1499.38,465.19,0.31025490536088246
2022-04-13,2022,4,North America,Office Supplies,Paper,Corporate,6,0.3,270.98,-15.16,-0.05594508819839102
2021-12-03,2021,12,Latin America,Technology,Accessories,Consumer,4,0.2,2752.84,536.14,0.19475886720623065
2024-03-31,2024,3,Europe,Furniture,Furnishings,Consumer,3,0.2,822.65,-40.08,-0.04872059806722178
2021-01-04,2021,1,Europe,Technology,Phones,Consumer,1,0.0,750.64,237.27,0.3160902696365768
2023-07-25,2023,7,Europe,Office Supplies,Art,Consumer,4,0.0,306.47,30.71,0.10020556661337161
2024-12-15,2024,12,Europe,Office Supplies,Art,Corporate,5,0.0,728.72,218.14,0.2993467998682621
2023-03-02,2023,3,Europe,Technology,Copiers,Home Office,1,0.1,471.16,120.8,0.2563884879870957
2021-10-31,2021,10,Latin America,Office Supplies,Storage,Home Office,1,0.15,39.72,2.29,0.057653575025176235
2021-11-29,2021,11,Asia Pacific,Technology,Laptops,Corporate,1,0.1,504.2,110.28,0.2187227290757636
2022-01-29,2022,1,Europe,Furniture,Tables,Consumer,3,0.0,1090.58,179.7,0.16477470703662273
2021-01-17,2021,1,Asia Pacific,Technology,Copiers,Home Office,2,0.0,524.28,169.56,0.3234149691004807
2021-06-05,2021,6,Europe,Office Supplies,Art,Home Office,4,0.5,268.04,-71.39,-0.2663408446500522
2021-10-15,2021,10,North America,Office Supplies,Storage,Consumer,4,0.1,152.26,22.15,0.14547484565874164
2022-08-19,2022,8,North America,Office Supplies,Binders,Home Office,3,0.15,179.72,16.84,0.09370131315379479
2024-10-26,2024,10,Europe,Technology,Accessories,Corporate,3,0.1,1921.67,391.34,0.2036457872579579
2023-11-27,2023,11,Europe,Office Supplies,Art,Corporate,3,0.3,279.23,1.66,0.005944919958457185
2023-03-08,2023,3,Latin America,Technology,Phones,Consumer,2,0.1,1414.9,178.01,0.12581101137889603
2024-01-29,2024,1,North America,Office Supplies,Paper,Consumer,5,0.0,243.57,43.38,0.1781007513240547
2022-11-13,2022,11,Latin America,Office Supplies,Binders,Home Office,6,0.3,553.7,-30.87,-0.05575221238938053
2023-01-08,2023,1,Asia Pacific,Technology,Copiers,Consumer,2,0.2,1261.83,48.53,0.03846001442349604
2022-10-05,2022,10,Asia Pacific,Furniture,Chairs,Corporate,6,0.2,1198.29,-149.42,-0.12469435612414356
2021-04-27,2021,4,Europe,Office Supplies,Art,Corporate,5,0.0,147.06,20.33,0.13824289405684753
2022-01-18,2022,1,Latin America,Office Supplies,Storage,Consumer,2,0.1,151.93,23.48,0.15454485618376884
2024-08-12,2024,8,Asia Pacific,Office Supplies,Art,Corporate,2,0.2,155.65,13.57,0.08718278188242852
2021-11-13,2021,11,Europe,Technology,Phones,Home Office,5,0.2,3525.91,297.99,0.08451435232323004
2023-03-27,2023,3,Europe,Furniture,Chairs,Home Office,3,0.2,846.97,-9.71,-0.011464396613811588
2021-10-23,2021,10,Asia Pacific,Office Supplies,Paper,Corporate,2,0.3,161.49,-4.85,-0.030032819369620406
2022-12-08,2022,12,North America,Office Supplies,Storage,Consumer,4,0.15,608.67,38.91,0.06392626546404455
2024-05-17,2024,5,Europe,Office Supplies,Art,Consumer,5,0.15,530.7,25.77,0.04855850763143018
2023-04-30,2023,4,Europe,Office Supplies,Art,Consumer,4,0.1,298.29,39.44,0.13222032250494484
2023-01-10,2023,1,Asia Pacific,Furniture,Bookcases,Home Office,3,0.0,1214.44,51.88,0.04271927802114555
2021-08-26,2021,8,Middle East & Africa,Furniture,Chairs,Home Office,3,0.3,394.2,-47.3,-0.11998985286656519
2022-07-03,2022,7,North America,Technology,Laptops,Consumer,5,0.2,2166.49,392.59,0.18121016021306352
2021-05-06,2021,5,Europe,Technology,Laptops,Consumer,3,0.0,1720.49,525.75,0.30558154944231003
2024-12-22,2024,12,Asia Pacific,Office Supplies,Binders,Consumer,6,0.0,319.16,37.29,0.11683794961774657
2021-05-28,2021,5,Europe,Office Supplies,Paper,Corporate,3,0.5,117.64,-26.33,-0.22381842910574634
2023-08-25,2023,8,North America,Office Supplies,Storage,Consumer,1,0.0,54.93,6.46,0.1176042235572547
2021-04-24,2021,4,North America,Technology,Phones,Corporate,3,0.2,2291.28,454.28,0.19826472539366638
2022-05-21,2022,5,Asia Pacific,Office Supplies,Storage,Consumer,3,0.5,276.9,-73.01,-0.2636691946551102
2024-08-27,2024,8,Latin America,Office Supplies,Art,Corporate,2,0.1,108.21,7.11,0.06570557249792072
2021-03-07,2021,3,Asia Pacific,Office Supplies,Paper,Home Office,1,0.1,50.75,3.01,0.0593103448275862
2021-05-29,2021,5,Middle East & Africa,Furniture,Furnishings,Consumer,4,0.15,761.29,-13.3,-0.017470346385739997
2024-01-07,2024,1,Europe,Office Supplies,Binders,Consumer,3,0.2,245.86,-10.71,-0.04356137639306923
2024-03-16,2024,3,North America,Furniture,Bookcases,Corporate,4,0.4,972.23,-251.59,-0.2587762155045617
2024-05-17,2024,5,Europe,Furniture,Furnishings,Consumer,4,0.3,839.35,-97.17,-0.11576815392863525
2021-02-18,2021,2,Latin America,Technology,Copiers,Corporate,2,0.3,598.23,44.96,0.0751550407034084
2024-07-27,2024,7,North America,Office Supplies,Storage,Home Office,1,0.0,56.0,11.22,0.20035714285714287
2023-02-17,2023,2,Middle East & Africa,Office Supplies,Storage,Consumer,2,0.0,53.06,16.16,0.3045608744817188
2024-09-03,2024,9,Middle East & Africa,Office Supplies,Binders,Consumer,4,0.3,382.1,-35.04,-0.09170374247579167
2021-08-18,2021,8,North America,Office Supplies,Art,Corporate,2,0.1,166.78,14.8,0.08873965703321741
2021-03-29,2021,3,North America,Technology,Accessories,Home Office,4,0.0,1312.32,313.12,0.2386003413801512
2024-10-16,2024,10,Middle East & Africa,Technology,Phones,Consumer,8,0.0,4167.01,1048.97,0.25173205727848025
2021-01-23,2021,1,North America,Office Supplies,Art,Home Office,4,0.1,213.81,13.83,0.06468359758664234
2023-02-01,2023,2,Europe,Technology,Laptops,Consumer,3,0.0,1095.19,346.44,0.31632867356349126
2022-07-28,2022,7,Latin America,Technology,Copiers,Consumer,2,0.1,883.08,172.02,0.19479548851746162
2022-09-04,2022,9,North America,Office Supplies,Storage,Consumer,2,0.3,117.47,-19.4,-0.1651485485655912
2022-12-14,2022,12,Middle East & Africa,Technology,Copiers,Consumer,2,0.4,1689.29,-114.86,-0.06799306217404945
2022-12-29,2022,12,Latin America,Technology,Phones,Corporate,3,0.1,1665.59,408.57,0.2453004640998085
2021-09-25,2021,9,Asia Pacific,Office Supplies,Art,Consumer,5,0.0,429.72,96.55,0.22468118775016288
2021-06-18,2021,6,North America,Furniture,Tables,Home Office,2,0.0,425.47,34.3,0.08061672973417632
2021-03-15,2021,3,Europe,Office Supplies,Paper,Corporate,1,0.1,43.76,5.69,0.1300274223034735
2023-10-28,2023,10,North America,Furniture,Chairs,Corporate,2,0.15,747.69,-86.69,-0.11594377348901282
2022-02-03,2022,2,Middle East & Africa,Technology,Copiers,Home Office,6,0.1,2036.07,408.24,0.2005039119480175
2021-04-19,2021,4,Europe,Office Supplies,Paper,Corporate,2,0.3,186.58,-28.53,-0.15291027977275162
2021-02-20,2021,2,Europe,Office Supplies,Binders,Consumer,7,0.0,447.39,81.98,0.18324057310176806
2023-03-08,2023,3,North America,Furniture,Bookcases,Consumer,3,0.2,2004.86,-87.87,-0.04382849675289048
2023-07-17,2023,7,Latin America,Office Supplies,Binders,Home Office,1,0.2,27.49,-0.78,-0.028373954165150966
2023-01-29,2023,1,Europe,Office Supplies,Art,Corporate,4,0.4,377.24,-44.0,-0.11663662389990456
2021-05-26,2021,5,Asia Pacific,Technology,Copiers,Consumer,2,0.0,1099.1,289.88,0.26374306250568647
2024-10-18,2024,10,Europe,Technology,Copiers,Corporate,4,0.4,1875.4,-190.5,-0.10157832995627598
2024-06-20,2024,6,Europe,Office Supplies,Binders,Corporate,2,0.15,171.39,5.73,0.033432522317521446
2024-02-28,2024,2,North America,Furniture,Chairs,Consumer,3,0.2,727.27,-58.24,-0.08008030030112613
2021-04-16,2021,4,North America,Office Supplies,Storage,Corporate,3,0.1,242.82,30.73,0.12655464953463472
2022-04-18,2022,4,Latin America,Office Supplies,Storage,Consumer,2,0.0,182.58,17.0,0.0931098696461825
2022-12-27,2022,12,Asia Pacific,Office Supplies,Paper,Consumer,2,0.2,221.88,15.37,0.06927167838471246
2021-12-26,2021,12,North America,Furniture,Tables,Home Office,1,0.1,195.5,2.71,0.013861892583120204
2023-01-07,2023,1,Middle East & Africa,Office Supplies,Binders,Home Office,3,0.0,306.42,49.21,0.16059656680373344
2021-12-23,2021,12,Europe,Furniture,Furnishings,Consumer,3,0.4,1374.11,-350.58,-0.25513241298003797
2022-11-18,2022,11,Middle East & Africa,Office Supplies,Art,Consumer,1,0.0,144.51,26.04,0.1801951422046917
2024-06-10,2024,6,Europe,Office Supplies,Art,Consumer,3,0.1,190.15,28.08,0.1476728898238233
2023-03-29,2023,3,Europe,Technology,Accessories,Home Office,6,0.0,4527.03,1033.63,0.22832408886179242
2023-03-11,2023,3,North America,Technology,Accessories,Consumer,3,0.0,1804.35,421.7,0.2337129714301549
2023-06-10,2023,6,North America,Office Supplies,Art,Consumer,2,0.2,101.93,-6.66,-0.06533895810850583
2021-03-02,2021,3,Asia Pacific,Office Supplies,Paper,Corporate,2,0.3,73.08,-7.53,-0.10303776683087028
2021-03-12,2021,3,North America,Office Supplies,Art,Consumer,2,0.1,70.28,11.01,0.156659077973819
2024-07-05,2024,7,Europe,Technology,Phones,Corporate,2,0.0,1718.72,402.56,0.23422081549059764
2024-05-16,2024,5,Asia Pacific,Office Supplies,Paper,Consumer,2,0.0,159.09,24.13,0.15167515242944243
2021-10-15,2021,10,Latin America,Furniture,Chairs,Corporate,5,0.0,1034.1,181.56,0.17557296199593853
2021-06-13,2021,6,Europe,Technology,Copiers,Consumer,2,0.15,740.02,114.55,0.15479311369962975
2021-09-01,2021,9,Europe,Office Supplies,Art,Home Office,1,0.3,53.49,-1.31,-0.024490558982987475
2022-04-29,2022,4,Europe,Technology,Laptops,Corporate,1,0.2,363.98,12.92,0.03549645584922248
2023-11-27,2023,11,North America,Furniture,Bookcases,Home Office,4,0.15,819.01,-65.96,-0.0805362571885569
2023-07-20,2023,7,North America,Office Supplies,Storage,Consumer,4,0.2,370.09,40.69,0.10994622929557675
2021-10-06,2021,10,Middle East & Africa,Office Supplies,Binders,Consumer,2,0.4,111.59,-17.35,-0.15547988170983063
2021-11-09,2021,11,Latin America,Office Supplies,Binders,Corporate,1,0.1,143.26,11.86,0.08278654195169621
2024-08-27,2024,8,Europe,Technology,Copiers,Corporate,2,0.0,785.43,216.45,0.2755815285894351
2021-12-19,2021,12,Middle East & Africa,Office Supplies,Storage,Corporate,6,0.3,496.2,-20.61,-0.041535671100362756
2021-02-19,2021,2,Latin America,Office Supplies,Art,Home Office,2,0.0,61.48,10.59,0.17225113858165259
2022-12-30,2022,12,Europe,Furniture,Tables,Consumer,3,0.15,1566.81,-42.19,-0.026927323670387603
2022-11-02,2022,11,Latin America,Furniture,Chairs,Corporate,3,0.2,554.67,-61.13,-0.11020967422070782
2022-11-19,2022,11,North America,Technology,Laptops,Corporate,2,0.0,867.19,226.86,0.26160357015186986
2024-04-04,2024,4,Europe,Office Supplies,Binders,Home Office,2,0.3,194.77,11.07,0.05683626841916106
2021-12-21,2021,12,North America,Technology,Accessories,Corporate,1,0.4,910.08,10.8,0.011867088607594937
2021-09-14,2021,9,Latin America,Furniture,Tables,Consumer,4,0.1,1157.69,34.58,0.02986982698304382
2024-07-09,2024,7,Europe,Office Supplies,Binders,Corporate,3,0.0,189.41,40.96,0.21625046196082573
2023-05-25,2023,5,North America,Technology,Copiers,Home Office,3,0.2,1209.25,107.03,0.08850940665701881
2021-07-01,2021,7,Asia Pacific,Technology,Phones,Home Office,4,0.15,909.59,206.6,0.22713530271880736
2024-10-31,2024,10,Europe,Technology,Copiers,Consumer,3,0.2,1230.93,200.19,0.16263313104725693
2021-05-07,2021,5,Europe,Furniture,Tables,Consumer,1,0.3,328.88,-53.43,-0.16246047190464608
2024-11-16,2024,11,Europe,Technology,Laptops,Home Office,5,0.0,3779.15,1207.83,0.3196036145694137
2023-08-23,2023,8,Asia Pacific,Technology,Accessories,Corporate,3,0.3,1565.5,-64.38,-0.041124241456403705
2021-06-21,2021,6,Latin America,Office Supplies,Binders,Consumer,2,0.15,132.64,9.25,0.06973763570566949
2023-04-02,2023,4,North America,Office Supplies,Paper,Consumer,3,0.2,198.14,11.09,0.055970525890784294
2024-08-26,2024,8,North America,Office Supplies,Paper,Consumer,1,0.1,69.31,3.51,0.05064204299523878
2022-04-11,2022,4,North America,Technology,Phones,Corporate,2,0.3,1078.91,-37.33,-0.03459973491764836
2021-07-29,2021,7,Latin America,Office Supplies,Storage,Corporate,4,0.1,292.1,34.61,0.11848681958233481
2022-01-28,2022,1,North America,Technology,Accessories,Home Office,4,0.0,4176.83,847.37,0.20287394986149784
2021-10-19,2021,10,Asia Pacific,Office Supplies,Art,Corporate,4,0.0,166.09,36.21,0.218014329580348
2022-12-03,2022,12,North America,Furniture,Bookcases,Consumer,2,0.15,891.96,-81.31,-0.0911587963585811
2022-09-03,2022,9,Asia Pacific,Technology,Phones,Consumer,3,0.1,1565.67,486.93,0.3110042346088256
2023-07-06,2023,7,North America,Furniture,Tables,Home Office,4,0.1,1850.6,9.63,0.005203717713174107
2022-06-19,2022,6,North America,Office Supplies,Storage,Consumer,9,0.5,589.12,-153.71,-0.2609145844649647
2021-08-31,2021,8,North America,Technology,Phones,Consumer,2,0.2,905.1,62.84,0.06942879239863
2022-07-12,2022,7,Europe,Office Supplies,Storage,Consumer,4,0.2,315.1,11.62,0.03687718184703268
2022-05-03,2022,5,North America,Office Supplies,Storage,Home Office,5,0.1,361.34,92.39,0.25568716444346046
2021-05-31,2021,5,North America,Technology,Laptops,Home Office,5,0.1,1535.49,287.83,0.18745156269334218
2023-04-29,2023,4,North America,Technology,Phones,Consumer,1,0.2,400.79,87.52,0.21836872177449534
2024-02-23,2024,2,Europe,Furniture,Furnishings,Corporate,2,0.0,777.24,91.0,0.1170809531161546
2022-10-18,2022,10,Asia Pacific,Office Supplies,Art,Home Office,4,0.2,255.79,-5.93,-0.023183079870206028
2022-06-06,2022,6,Europe,Technology,Phones,Corporate,2,0.1,2041.21,481.68,0.23597767990554622
2023-12-30,2023,12,Asia Pacific,Technology,Phones,Consumer,3,0.1,2075.81,323.54,0.15586204903146242
2022-12-14,2022,12,Europe,Office Supplies,Storage,Consumer,3,0.5,393.55,-116.52,-0.29607419641722776
2022-08-15,2022,8,Europe,Office Supplies,Paper,Home Office,2,0.15,138.81,19.13,0.1378142785101938
2024-03-07,2024,3,Latin America,Technology,Copiers,Consumer,1,0.2,1048.87,213.92,0.20395282542164425
2023-10-04,2023,10,North America,Technology,Copiers,Consumer,1,0.15,565.11,91.71,0.16228698837394487
2021-11-12,2021,11,Latin America,Office Supplies,Art,Consumer,5,0.4,440.77,-64.07,-0.1453592576627266
2022-07-03,2022,7,North America,Furniture,Bookcases,Corporate,4,0.15,1958.63,-69.77,-0.03562183771309537
2022-04-17,2022,4,North America,Office Supplies,Binders,Consumer,3,0.1,223.81,23.09,0.10316786560028596
2023-02-21,2023,2,North America,Office Supplies,Storage,Home Office,3,0.3,232.9,-24.93,-0.10704164877629883
2021-05-19,2021,5,Europe,Office Supplies,Binders,Consumer,1,0.0,54.69,10.24,0.18723715487292011
2021-03-14,2021,3,North America,Furniture,Tables,Corporate,2,0.2,424.5,-34.97,-0.08237926972909305
2023-05-16,2023,5,Asia Pacific,Technology,Accessories,Consumer,4,0.1,3279.81,475.46,0.144965714477363
2023-08-22,2023,8,Europe,Office Supplies,Binders,Corporate,6,0.3,361.33,-23.12,-0.06398583012758421
2023-11-07,2023,11,Asia Pacific,Office Supplies,Storage,Consumer,5,0.2,452.85,10.2,0.02252401457436237
2022-08-13,2022,8,Asia Pacific,Furniture,Tables,Corporate,2,0.3,1058.2,-172.33,-0.16285201285201287
2024-07-04,2024,7,Latin America,Office Supplies,Binders,Consumer,1,0.15,55.68,1.01,0.018139367816091954
2023-03-10,2023,3,Asia Pacific,Technology,Accessories,Home Office,2,0.0,791.08,220.81,0.27912474086059563
2021-09-08,2021,9,Europe,Furniture,Furnishings,Home Office,3,0.0,784.42,92.54,0.11797251472425488
2023-12-06,2023,12,Asia Pacific,Office Supplies,Art,Consumer,2,0.1,353.77,73.17,0.20682929587019816
2024-04-16,2024,4,North America,Technology,Phones,Home Office,4,0.15,3318.6,474.42,0.14295787380220576
2023-05-03,2023,5,North America,Office Supplies,Art,Consumer,3,0.15,175.78,11.21,0.06377289794060759
2023-09-10,2023,9,Latin America,Office Supplies,Paper,Consumer,1,0.3,55.73,-3.25,-0.05831688498115916
2024-01-16,2024,1,Latin America,Office Supplies,Art,Corporate,1,0.15,93.01,5.94,0.06386410063434039
2021-07-28,2021,7,Europe,Furniture,Bookcases,Corporate,3,0.0,1055.45,196.59,0.18626178407314414
2023-03-02,2023,3,Europe,Technology,Laptops,Consumer,4,0.1,2412.85,485.64,0.20127235426984685
2024-04-22,2024,4,Latin America,Office Supplies,Binders,Consumer,3,0.1,301.04,13.26,0.0440473026840287
2023-06-26,2023,6,North America,Office Supplies,Binders,Corporate,3,0.1,192.98,22.19,0.11498600891284072
2024-12-22,2024,12,Latin America,Furniture,Tables,Consumer,2,0.2,717.96,10.12,0.014095492785113375
2024-08-20,2024,8,North America,Furniture,Chairs,Consumer,1,0.2,279.53,-6.62,-0.02368261009551748
2021-06-07,2021,6,North America,Office Supplies,Art,Consumer,3,0.1,151.17,13.92,0.09208176225441557
2021-09-05,2021,9,North America,Office Supplies,Paper,Corporate,1,0.3,39.73,-3.14,-0.07903347596274857
2023-01-31,2023,1,Europe,Office Supplies,Art,Consumer,3,0.1,142.33,21.41,0.15042506850277523
2022-09-10,2022,9,Europe,Technology,Accessories,Corporate,3,0.0,1899.42,513.6,0.27039833212243736
2021-01-24,2021,1,North America,Technology,Copiers,Corporate,4,0.0,1143.19,357.0,0.3122840472712322
2024-01-14,2024,1,Europe,Office Supplies,Storage,Corporate,2,0.0,68.95,11.01,0.15968092820884697
2024-05-16,2024,5,Asia Pacific,Office Supplies,Art,Home Office,8,0.1,623.84,33.97,0.05445306488843293
2023-10-16,2023,10,North America,Office Supplies,Binders,Consumer,2,0.0,108.55,18.3,0.16858590511285124
2023-02-20,2023,2,Middle East & Africa,Technology,Laptops,Corporate,3,0.2,1017.87,35.3,0.03468026368789727
2023-03-25,2023,3,North America,Furniture,Furnishings,Consumer,5,0.5,1232.74,-371.96,-0.3017343478754644
2024-07-28,2024,7,North America,Technology,Copiers,Consumer,3,0.1,1449.51,252.12,0.17393463998178696
2021-06-05,2021,6,North America,Office Supplies,Binders,Consumer,3,0.1,205.38,32.36,0.15756159314441523
2024-07-03,2024,7,Asia Pacific,Office Supplies,Art,Home Office,5,0.2,344.45,1.47,0.004267673102046741
2021-06-05,2021,6,North America,Office Supplies,Paper,Consumer,3,0.1,124.12,8.28,0.06670963583628746
2023-07-09,2023,7,North America,Furniture,Chairs,Consumer,3,0.1,1225.46,71.0,0.057937427578215524
2023-08-06,2023,8,Europe,Office Supplies,Paper,Consumer,5,0.5,288.17,-78.52,-0.2724780511503626
2023-06-20,2023,6,North America,Technology,Phones,Home Office,3,0.3,1815.66,-41.3,-0.022746549464106713
2022-03-22,2022,3,Europe,Office Supplies,Paper,Consumer,3,0.0,108.03,20.59,0.19059520503563823
2022-02-01,2022,2,Asia Pacific,Technology,Phones,Consumer,2,0.0,475.38,130.4,0.2743068702932391
2022-10-16,2022,10,North America,Technology,Laptops,Consumer,4,0.1,1650.77,201.09,0.12181587986212496
2021-05-14,2021,5,Europe,Office Supplies,Paper,Corporate,3,0.3,202.53,-1.56,-0.00770256258332099
2022-12-21,2022,12,Middle East & Africa,Office Supplies,Storage,Corporate,1,0.15,119.82,16.57,0.1382907694875647
2024-09-23,2024,9,Europe,Technology,Laptops,Consumer,1,0.0,800.5,237.38,0.29653966271080573
2021-12-28,2021,12,Asia Pacific,Technology,Accessories,Consumer,3,0.4,1057.4,-45.51,-0.043039530924910155
2022-05-11,2022,5,Asia Pacific,Technology,Accessories,Consumer,6,0.0,3155.75,870.25,0.27576645805276084
2021-01-17,2021,1,North America,Office Supplies,Art,Home Office,3,0.0,202.64,19.05,0.09400908014212397
2023-04-26,2023,4,Middle East & Africa,Office Supplies,Binders,Consumer,3,0.0,184.06,30.56,0.16603281538628706
2024-02-07,2024,2,North America,Technology,Accessories,Consumer,6,0.2,2381.99,346.2,0.1453406605401366
2021-04-10,2021,4,Asia Pacific,Furniture,Chairs,Corporate,3,0.3,1167.85,-233.37,-0.19982874512993964
2022-04-08,2022,4,Europe,Technology,Laptops,Corporate,3,0.0,897.66,238.91,0.2661475391573647
2024-05-19,2024,5,Asia Pacific,Office Supplies,Paper,Consumer,5,0.0,303.58,68.1,0.22432307793662296
2021-04-05,2021,4,Middle East & Africa,Technology,Copiers,Corporate,1,0.15,720.51,116.35,0.16148283854491957
2024-10-04,2024,10,Asia Pacific,Office Supplies,Art,Corporate,4,0.1,367.79,21.89,0.05951765953397319
2022-06-27,2022,6,North America,Office Supplies,Binders,Home Office,3,0.2,89.75,-4.38,-0.04880222841225627
2024-02-12,2024,2,North America,Furniture,Chairs,Corporate,1,0.1,391.26,41.68,0.10652762868680672
2024-09-30,2024,9,Europe,Technology,Phones,Corporate,5,0.0,1488.04,438.39,0.2946090158866697
2024-12-22,2024,12,North America,Technology,Accessories,Consumer,2,0.5,1509.43,-149.63,-0.09913013521660494
2023-05-13,2023,5,North America,Office Supplies,Storage,Home Office,1,0.4,44.47,-7.56,-0.1700022487069935
2023-02-03,2023,2,Latin America,Technology,Laptops,Home Office,2,0.4,1609.71,-151.73,-0.09425921439265457
2022-11-03,2022,11,Europe,Technology,Accessories,Home Office,3,0.15,1938.17,344.68,0.17783785736029348
2023-02-16,2023,2,Middle East & Africa,Office Supplies,Art,Consumer,1,0.1,72.31,8.08,0.11174111464527728
2023-06-07,2023,6,Middle East & Africa,Technology,Phones,Consumer,5,0.15,3571.54,531.56,0.14883215643671915
2024-02-15,2024,2,Europe,Furniture,Chairs,Corporate,2,0.15,715.09,-43.12,-0.06030010208505222
2022-11-01,2022,11,North America,Furniture,Furnishings,Home Office,3,0.0,2597.6,214.84,0.0827071142593163
2023-10-02,2023,10,Asia Pacific,Technology,Phones,Corporate,3,0.0,837.83,247.15,0.29498824343840635
2023-06-26,2023,6,Europe,Office Supplies,Storage,Corporate,4,0.1,293.43,47.2,0.16085608151859046
2021-08-14,2021,8,Asia Pacific,Technology,Laptops,Corporate,3,0.4,1086.58,-84.84,-0.07807984685895195
2024-11-27,2024,11,Asia Pacific,Technology,Phones,Consumer,4,0.15,3474.33,557.93,0.1605863576574476
2023-01-02,2023,1,Europe,Office Supplies,Paper,Corporate,1,0.5,102.38,-28.97,-0.2829654229341668
2022-02-14,2022,2,Asia Pacific,Office Supplies,Binders,Consumer,1,0.15,34.22,-1.89,-0.055230859146697835
2021-10-30,2021,10,North America,Office Supplies,Binders,Consumer,2,0.2,116.12,-9.41,-0.08103685842232174
2021-11-06,2021,11,North America,Technology,Phones,Consumer,1,0.15,480.55,71.72,0.14924565601914472
2024-05-20,2024,5,Asia Pacific,Technology,Laptops,Consumer,3,0.1,2112.2,407.33,0.1928463213710823
2024-05-13,2024,5,Middle East & Africa,Technology,Accessories,Home Office,1,0.1,967.88,210.67,0.21766128032400708
2021-04-12,2021,4,Asia Pacific,Technology,Copiers,Consumer,8,0.2,3907.4,2.17,0.0005553565030455034
2024-04-01,2024,4,Asia Pacific,Office Supplies,Storage,Consumer,1,0.0,34.79,4.73,0.13595860879563093
2022-11-09,2022,11,North America,Technology,Copiers,Corporate,1,0.15,863.02,144.7,0.16766702973279876
2023-05-06,2023,5,Europe,Office Supplies,Storage,Corporate,2,0.15,120.99,3.2,0.026448466815439296
2022-11-04,2022,11,Europe,Technology,Copiers,Corporate,2,0.4,2293.2,-112.57,-0.04908860980289552
2022-02-21,2022,2,North America,Technology,Laptops,Home Office,3,0.15,1837.92,251.74,0.13697005310350832
2023-12-24,2023,12,Middle East & Africa,Furniture,Bookcases,Consumer,4,0.4,1944.58,-378.34,-0.19456129344125722
2022-05-24,2022,5,Asia Pacific,Technology,Accessories,Corporate,6,0.0,1839.95,480.77,0.2612951438897796
2024-03-19,2024,3,North America,Office Supplies,Storage,Corporate,3,0.2,131.17,1.54,0.0117404894411832
2021-10-07,2021,10,Asia Pacific,Technology,Accessories,Consumer,6,0.0,1717.52,539.44,0.3140807676184266
2023-03-30,2023,3,Europe,Furniture,Tables,Corporate,8,0.0,3238.33,354.45,0.10945456454407056
2022-07-28,2022,7,Asia Pacific,Technology,Phones,Home Office,1,0.1,338.25,66.45,0.19645232815964525
2023-08-21,2023,8,North America,Furniture,Bookcases,Corporate,3,0.0,993.71,174.89,0.17599702126374897
2023-09-06,2023,9,North America,Technology,Accessories,Home Office,3,0.0,1432.28,437.63,0.30554779791660847
2022-08-24,2022,8,North America,Furniture,Furnishings,Consumer,3,0.0,785.28,90.67,0.11546200081499593
2022-05-26,2022,5,Asia Pacific,Office Supplies,Storage,Corporate,3,0.0,222.42,42.66,0.19179929862422443
2023-06-01,2023,6,Europe,Office Supplies,Art,Consumer,4,0.15,327.56,-5.03,-0.015355965319330811
2023-12-23,2023,12,Middle East & Africa,Technology,Laptops,Consumer,3,0.15,2528.29,445.41,0.17617045512975174
2022-08-21,2022,8,North America,Office Supplies,Art,Corporate,2,0.1,142.02,3.21,0.02260245035910435
2023-11-05,2023,11,North America,Furniture,Furnishings,Consumer,2,0.1,616.08,10.16,0.01649136475782366
2023-02-24,2023,2,Asia Pacific,Furniture,Tables,Consumer,4,0.3,1196.22,-218.81,-0.18291785791911186
2022-03-15,2022,3,Europe,Furniture,Tables,Corporate,2,0.0,1008.81,115.39,0.11438229200741469
2023-05-19,2023,5,Asia Pacific,Technology,Copiers,Corporate,4,0.0,1997.92,510.4,0.25546568431168415
2022-06-19,2022,6,Asia Pacific,Technology,Phones,Corporate,2,0.15,2115.75,307.71,0.14543778801843316
2023-09-07,2023,9,Asia Pacific,Office Supplies,Storage,Corporate,1,0.0,122.8,31.01,0.25252442996742674
2023-12-20,2023,12,Asia Pacific,Technology,Copiers,Corporate,5,0.15,6073.73,1109.24,0.18262912575962384
2024-01-01,2024,1,Europe,Technology,Copiers,Corporate,2,0.0,707.03,206.57,0.2921658204036604
2023-11-06,2023,11,North America,Office Supplies,Storage,Corporate,2,0.1,276.1,37.01,0.1340456356392611
2022-12-11,2022,12,Europe,Technology,Phones,Consumer,1,0.4,585.08,-61.7,-0.10545566418267587
2021-06-01,2021,6,Europe,Office Supplies,Art,Corporate,3,0.15,188.57,-2.52,-0.01336373760407276
2021-08-02,2021,8,North America,Office Supplies,Art,Consumer,3,0.5,219.41,-63.14,-0.2877717515154277
2021-09-02,2021,9,North America,Office Supplies,Art,Consumer,2,0.1,81.6,5.57,0.06825980392156863
2023-11-01,2023,11,Asia Pacific,Furniture,Chairs,Consumer,2,0.0,981.31,83.27,0.08485595785225872
2022-07-15,2022,7,North America,Office Supplies,Storage,Consumer,3,0.3,163.65,-16.35,-0.09990834097158571
2022-02-04,2022,2,North America,Technology,Copiers,Home Office,2,0.15,903.94,144.27,0.1596013009713034
2024-06-09,2024,6,Latin America,Technology,Phones,Consumer,5,0.3,6678.43,-401.42,-0.060106941302072496
2022-05-08,2022,5,North America,Furniture,Chairs,Corporate,3,0.4,994.25,-254.98,-0.2564546140306764
2021-01-28,2021,1,Europe,Office Supplies,Storage,Corporate,2,0.5,143.76,-55.88,-0.38870339454646635
2024-07-03,2024,7,Asia Pacific,Technology,Copiers,Consumer,3,0.5,2197.03,-319.62,-0.14547821377040823
2024-04-27,2024,4,Asia Pacific,Furniture,Chairs,Corporate,5,0.1,3048.41,68.27,0.022395281474604792
2024-02-23,2024,2,North America,Office Supplies,Art,Consumer,3,0.15,135.92,-2.31,-0.01699529134785168
2021-05-09,2021,5,Asia Pacific,Office Supplies,Storage,Corporate,3,0.0,114.71,25.71,0.2241304158312266
2022-12-07,2022,12,North America,Technology,Copiers,Consumer,4,0.15,2596.18,562.15,0.21652967051591185
2022-03-15,2022,3,Asia Pacific,Technology,Phones,Corporate,5,0.2,1262.35,23.84,0.018885412128173646
2022-06-18,2022,6,North America,Technology,Accessories,Consumer,2,0.0,1656.73,421.87,0.25464016466171313
2024-09-15,2024,9,Latin America,Technology,Laptops,Consumer,3,0.3,1084.69,6.65,0.006130783910610405
2024-12-07,2024,12,North America,Office Supplies,Binders,Corporate,2,0.2,301.23,10.38,0.034458719251070614
2024-11-22,2024,11,Middle East & Africa,Office Supplies,Art,Consumer,1,0.2,128.72,-2.72,-0.021131137352392793
2023-12-07,2023,12,Europe,Furniture,Bookcases,Consumer,2,0.2,772.44,-78.44,-0.10154834032416757
2021-08-16,2021,8,Asia Pacific,Technology,Copiers,Consumer,1,0.2,313.76,10.92,0.03480367159612443
2024-03-16,2024,3,Europe,Technology,Phones,Home Office,7,0.0,3046.87,859.14,0.28197461657372974
2024-12-01,2024,12,North America,Furniture,Tables,Consumer,4,0.5,1607.78,-637.01,-0.39620470462376695
2022-01-12,2022,1,Europe,Office Supplies,Storage,Home Office,5,0.5,342.61,-94.63,-0.2762032631855462
2023-12-10,2023,12,Europe,Furniture,Furnishings,Consumer,2,0.5,917.2,-322.14,-0.35122110771914516
2023-12-30,2023,12,North America,Office Supplies,Storage,Home Office,2,0.2,300.09,24.59,0.08194208404145424
2024-11-15,2024,11,Europe,Technology,Laptops,Consumer,3,0.4,2573.29,-223.76,-0.08695483214095574
2023-06-24,2023,6,North America,Technology,Laptops,Consumer,2,0.15,1128.78,36.35,0.03220290933574302
2023-08-06,2023,8,Europe,Technology,Laptops,Home Office,3,0.2,1613.3,57.28,0.03550486580301246
2024-01-19,2024,1,Europe,Office Supplies,Paper,Consumer,5,0.15,261.63,32.26,0.12330390245766923
2022-09-06,2022,9,Middle East & Africa,Office Supplies,Paper,Corporate,3,0.15,263.77,20.26,0.07680934147173675
2023-03-03,2023,3,Latin America,Technology,Laptops,Consumer,2,0.2,1768.89,15.29,0.008643838791558547
2021-06-12,2021,6,Latin America,Office Supplies,Art,Consumer,8,0.1,1261.08,131.93,0.10461667776826214
2021-03-11,2021,3,Europe,Furniture,Chairs,Consumer,4,0.1,945.13,22.25,0.02354173499941807
2023-04-14,2023,4,Europe,Office Supplies,Storage,Consumer,6,0.0,919.17,236.58,0.2573843793857502
2024-05-01,2024,5,Middle East & Africa,Furniture,Bookcases,Consumer,4,0.1,653.79,72.64,0.11110601263402622
2021-07-07,2021,7,North America,Office Supplies,Storage,Corporate,3,0.2,202.67,23.89,0.11787635071791583
2023-03-31,2023,3,North America,Furniture,Bookcases,Corporate,1,0.0,297.12,37.82,0.12728863758750672
2021-09-21,2021,9,Asia Pacific,Office Supplies,Paper,Corporate,3,0.2,107.7,-6.82,-0.06332404828226555
2021-03-09,2021,3,Asia Pacific,Office Supplies,Binders,Consumer,4,0.2,216.28,1.44,0.006658035879415572
2021-07-06,2021,7,Asia Pacific,Office Supplies,Binders,Consumer,1,0.15,55.38,5.59,0.10093896713615023
2022-12-22,2022,12,Asia Pacific,Technology,Accessories,Home Office,1,0.15,1424.52,66.98,0.047019346867716846
2023-08-29,2023,8,North America,Technology,Laptops,Consumer,3,0.1,1529.95,330.52,0.2160332036994673
2021-11-21,2021,11,North America,Furniture,Tables,Corporate,5,0.0,2886.91,507.37,0.17574846462134255
2021-01-16,2021,1,Europe,Technology,Laptops,Corporate,5,0.0,1903.36,624.11,0.3278990837256221
2024-11-17,2024,11,Europe,Technology,Laptops,Corporate,1,0.3,952.33,26.54,0.027868490964266586
2022-07-11,2022,7,Asia Pacific,Furniture,Tables,Consumer,1,0.3,154.41,-37.81,-0.2448675603911664
2024-02-28,2024,2,North America,Technology,Copiers,Home Office,3,0.0,682.95,131.29,0.19223954901530124
2023-02-27,2023,2,Europe,Technology,Phones,Home Office,4,0.2,1143.84,111.5,0.09747866834522312
2023-02-03,2023,2,North America,Technology,Laptops,Consumer,1,0.4,287.8,-24.01,-0.08342599027102154
2024-06-30,2024,6,North America,Furniture,Tables,Consumer,4,0.4,1979.89,-405.5,-0.20480935809565176
2021-12-10,2021,12,North America,Office Supplies,Storage,Consumer,5,0.3,391.76,-38.02,-0.09704921380437004
2022-05-19,2022,5,Middle East & Africa,Office Supplies,Binders,Consumer,2,0.4,63.69,-15.16,-0.23802794787250747
2024-06-08,2024,6,Asia Pacific,Office Supplies,Art,Corporate,5,0.1,511.2,33.89,0.06629499217527386
2024-02-16,2024,2,Latin America,Office Supplies,Art,Home Office,4,0.15,226.3,43.24,0.19107379584622183
2022-10-01,2022,10,Europe,Furniture,Bookcases,Home Office,4,0.0,1272.43,169.75,0.13340615986734045
2021-03-05,2021,3,North America,Furniture,Chairs,Corporate,4,0.1,1680.49,-113.65,-0.06762908437420038
2021-11-07,2021,11,Middle East & Africa,Technology,Accessories,Consumer,3,0.2,2050.1,236.82,0.11551631627725477
2023-12-09,2023,12,North America,Office Supplies,Binders,Consumer,6,0.0,627.15,115.21,0.18370405804034123
2023-12-24,2023,12,Europe,Office Supplies,Art,Home Office,2,0.1,250.8,13.7,0.05462519936204146
2023-05-03,2023,5,Latin America,Office Supplies,Art,Consumer,3,0.1,189.86,23.6,0.12430211734962604
2024-06-17,2024,6,Asia Pacific,Furniture,Tables,Corporate,3,0.0,1866.22,241.44,0.1293738144484573
2022-06-27,2022,6,Asia Pacific,Technology,Laptops,Corporate,4,0.1,1931.07,321.3,0.16638443971476954
2021-08-15,2021,8,North America,Office Supplies,Paper,Corporate,3,0.2,90.95,0.12,0.001319406267179769
2022-04-03,2022,4,Europe,Technology,Laptops,Corporate,5,0.1,2146.0,512.83,0.23897017707362536
2024-07-13,2024,7,Middle East & Africa,Furniture,Furnishings,Consumer,4,0.0,1785.6,128.59,0.07201500896057349
2024-09-09,2024,9,North America,Technology,Copiers,Home Office,4,0.15,2714.57,406.22,0.14964432672577976
2021-02-10,2021,2,Latin America,Furniture,Bookcases,Home Office,5,0.2,1820.68,-237.42,-0.1304018278884812
2021-06-27,2021,6,Europe,Office Supplies,Paper,Corporate,3,0.1,220.85,31.86,0.14426081050486755
2023-03-30,2023,3,Europe,Office Supplies,Art,Corporate,4,0.0,329.79,57.07,0.17304951635889504
2022-06-19,2022,6,Asia Pacific,Office Supplies,Paper,Consumer,1,0.0,100.28,21.61,0.21549660949341842
2022-01-24,2022,1,Europe,Office Supplies,Paper,Consumer,4,0.15,197.81,9.2,0.04650927657853495
2024-06-16,2024,6,North America,Technology,Copiers,Consumer,1,0.0,546.16,167.8,0.30723597480591774
2021-11-02,2021,11,Asia Pacific,Office Supplies,Art,Consumer,3,0.4,540.04,-107.25,-0.19859640026664693
2023-01-22,2023,1,Middle East & Africa,Furniture,Tables,Consumer,3,0.0,1057.97,147.53,0.13944629809918996
2022-06-24,2022,6,Latin America,Furniture,Bookcases,Consumer,2,0.15,672.85,-35.51,-0.05277550717098907
2023-06-01,2023,6,North America,Technology,Copiers,Consumer,3,0.15,1047.37,175.6,0.16765803870647433
2022-02-11,2022,2,Latin America,Furniture,Furnishings,Home Office,3,0.2,415.48,-33.47,-0.08055742755367286
2024-08-23,2024,8,Europe,Furniture,Bookcases,Home Office,3,0.15,1265.81,4.02,0.0031758320759039662
2022-07-10,2022,7,Asia Pacific,Office Supplies,Art,Consumer,6,0.3,253.42,-7.95,-0.0313708468155631
2023-05-08,2023,5,North America,Technology,Accessories,Corporate,4,0.3,1839.36,101.41,0.05513330723729993
2024-12-14,2024,12,North America,Technology,Copiers,Consumer,1,0.1,570.79,163.38,0.2862348674643915
2021-03-15,2021,3,Europe,Technology,Accessories,Consumer,7,0.0,1574.28,410.95,0.26103996747719593
2024-01-28,2024,1,North America,Office Supplies,Paper,Consumer,1,0.15,113.64,3.34,0.029391059486096445
2024-07-16,2024,7,Asia Pacific,Office Supplies,Paper,Consumer,4,0.1,426.09,56.71,0.13309394728813162
2021-03-06,2021,3,Latin America,Technology,Laptops,Home Office,6,0.3,1800.75,-8.0,-0.004442593363876163
2021-12-29,2021,12,Europe,Office Supplies,Paper,Home Office,2,0.1,189.79,23.01,0.1212392644501818
2023-08-19,2023,8,North America,Technology,Phones,Consumer,1,0.0,303.73,78.46,0.2583215355743588
2022-08-19,2022,8,North America,Office Supplies,Art,Consumer,2,0.1,118.93,3.49,0.029344992852938703
2023-02-07,2023,2,North America,Office Supplies,Art,Home Office,4,0.15,320.61,5.76,0.017965752783755964
2022-07-17,2022,7,North America,Office Supplies,Binders,Corporate,5,0.15,280.32,37.21,0.13274115296803654
2024-09-07,2024,9,Asia Pacific,Furniture,Tables,Corporate,2,0.0,646.03,99.67,0.1542807609553736
2021-01-31,2021,1,North America,Furniture,Furnishings,Corporate,5,0.2,1007.94,-86.78,-0.08609639462666428
2022-10-06,2022,10,North America,Technology,Accessories,Consumer,1,0.1,418.5,74.74,0.1785902031063321
2022-11-20,2022,11,Latin America,Office Supplies,Binders,Consumer,4,0.3,170.74,-25.37,-0.14858849713013939
2021-02-06,2021,2,Asia Pacific,Technology,Copiers,Corporate,1,0.0,183.76,51.32,0.2792773182411842
2021-07-09,2021,7,Europe,Technology,Copiers,Corporate,6,0.1,2869.14,421.55,0.14692555957534315
2022-04-25,2022,4,Asia Pacific,Office Supplies,Storage,Corporate,4,0.0,182.78,25.95,0.14197395776343144
2023-07-13,2023,7,Latin America,Office Supplies,Storage,Consumer,2,0.15,119.88,11.28,0.0940940940940941
2024-01-05,2024,1,Europe,Office Supplies,Paper,Consumer,1,0.3,45.98,-3.73,-0.08112222705524141
2022-05-10,2022,5,Asia Pacific,Office Supplies,Art,Consumer,4,0.15,250.06,23.71,0.09481724386147325
2021-12-30,2021,12,Latin America,Office Supplies,Binders,Corporate,3,0.0,304.7,49.94,0.16389891696750902
2024-01-04,2024,1,Latin America,Furniture,Furnishings,Consumer,1,0.0,413.81,47.12,0.11386868369541576
2022-02-24,2022,2,Middle East & Africa,Technology,Accessories,Consumer,4,0.4,1801.81,-195.42,-0.10845760651789034
2021-11-13,2021,11,Asia Pacific,Technology,Phones,Consumer,2,0.0,1168.77,344.6,0.2948398743978713
2024-08-13,2024,8,Europe,Office Supplies,Paper,Consumer,4,0.15,688.16,-7.27,-0.010564403627063474
2024-04-05,2024,4,Latin America,Office Supplies,Binders,Consumer,2,0.2,88.66,-0.45,-0.005075569591698624
2021-07-20,2021,7,North America,Technology,Copiers,Corporate,2,0.15,717.72,139.96,0.19500640918464027
2024-06-16,2024,6,Europe,Office Supplies,Paper,Corporate,3,0.0,239.8,42.95,0.17910758965804838
2024-05-08,2024,5,Asia Pacific,Office Supplies,Binders,Consumer,4,0.2,347.38,6.03,0.01735851229201451
2024-02-18,2024,2,Latin America,Furniture,Chairs,Corporate,1,0.2,252.91,7.85,0.031038709422324146
2022-06-08,2022,6,North America,Office Supplies,Paper,Consumer,2,0.3,89.11,-10.59,-0.11884188082145662
2021-06-16,2021,6,Asia Pacific,Technology,Laptops,Home Office,5,0.5,1614.78,-225.71,-0.13977755483719145
2024-05-28,2024,5,Asia Pacific,Office Supplies,Art,Corporate,5,0.3,503.06,-20.29,-0.040333161054347394
2021-08-25,2021,8,Latin America,Furniture,Tables,Consumer,3,0.15,1133.57,-86.1,-0.07595472710110536
2023-01-11,2023,1,Europe,Technology,Phones,Home Office,6,0.5,2528.83,-453.94,-0.17950593752842223
2024-09-25,2024,9,Europe,Technology,Phones,Corporate,1,0.0,433.45,127.65,0.29449763525204753
2024-02-11,2024,2,North America,Office Supplies,Storage,Consumer,1,0.5,104.0,-26.67,-0.2564423076923077
2024-10-27,2024,10,North America,Furniture,Chairs,Corporate,2,0.0,691.02,81.83,0.11841914850510839
2024-08-12,2024,8,Europe,Office Supplies,Art,Corporate,2,0.4,170.32,-35.25,-0.20696336308125882
2023-06-28,2023,6,Asia Pacific,Office Supplies,Storage,Consumer,1,0.0,42.13,13.07,0.31023023973415614
2022-01-11,2022,1,Europe,Office Supplies,Art,Consumer,5,0.1,251.71,34.53,0.13718167732708275
